device,length_um,corner,vgs_v,vds_v,ids_a,gm_s,gds_s,cgg_f,gm_id_per_v,gm_gds,ft_hz,vth_v,overdrive_v
nmos,0.13u,mos_ff,0.0500,0.6000,8.579939e-09,1.968853e-07,9.868615e-09,1.286660e-14,22.947168,19.950652,2.435396e+06,0.3039,-0.2539
nmos,0.13u,mos_ff,0.0700,0.6000,1.474757e-08,4.198776e-07,1.711707e-08,1.288440e-14,28.470968,24.529759,5.186551e+06,0.3039,-0.2339
nmos,0.13u,mos_ff,0.0900,0.6000,2.537504e-08,7.238099e-07,2.971738e-08,1.290260e-14,28.524483,24.356451,8.928272e+06,0.3039,-0.2139
nmos,0.13u,mos_ff,0.1100,0.6000,4.369996e-08,1.248449e-06,5.162737e-08,1.292140e-14,28.568653,24.181921,1.537735e+07,0.3039,-0.1939
nmos,0.13u,mos_ff,0.1300,0.6000,7.531302e-08,2.153974e-06,8.972679e-08,1.294110e-14,28.600287,24.005918,2.649045e+07,0.3039,-0.1739
nmos,0.13u,mos_ff,0.1500,0.6000,1.298589e-07,3.715650e-06,1.559515e-07,1.296200e-14,28.612979,23.825677,4.562290e+07,0.3039,-0.1539
nmos,0.13u,mos_ff,0.1700,0.6000,2.239390e-07,6.403611e-06,2.709326e-07,1.298520e-14,28.595336,23.635439,7.848677e+07,0.3039,-0.1339
nmos,0.13u,mos_ff,0.1900,0.6000,3.860034e-07,1.101194e-05,4.700878e-07,1.301190e-14,28.528091,23.425284,1.346924e+08,0.3039,-0.1139
nmos,0.13u,mos_ff,0.2100,0.6000,6.644165e-07,1.885590e-05,8.134898e-07,1.304470e-14,28.379638,23.179024,2.300559e+08,0.3039,-0.0939
nmos,0.13u,mos_ff,0.2300,0.6000,1.140239e-06,3.204162e-05,1.400903e-06,1.308750e-14,28.100793,22.872119,3.896529e+08,0.3039,-0.0739
nmos,0.13u,mos_ff,0.2500,0.6000,1.946081e-06,5.375276e-05,2.392111e-06,1.314660e-14,27.621029,22.470847,6.507399e+08,0.3039,-0.0539
nmos,0.13u,mos_ff,0.2700,0.6000,3.290350e-06,8.835653e-05,4.027699e-06,1.323110e-14,26.853231,21.937223,1.062828e+09,0.3039,-0.0339
nmos,0.13u,mos_ff,0.2900,0.6000,5.480343e-06,1.409419e-04,6.634026e-06,1.335310e-14,25.717715,21.245304,1.679880e+09,0.3039,-0.0139
nmos,0.13u,mos_ff,0.3100,0.6000,8.928028e-06,2.159691e-04,1.058153e-05,1.352500e-14,24.190012,20.410007,2.541408e+09,0.3039,0.0061
nmos,0.13u,mos_ff,0.3300,0.6000,1.411911e-05,3.155315e-04,1.617211e-05,1.375480e-14,22.347832,19.510843,3.650973e+09,0.3039,0.0261
nmos,0.13u,mos_ff,0.3500,0.6000,2.154929e-05,4.388850e-04,2.349461e-05,1.403930e-14,20.366564,18.680242,4.975370e+09,0.3039,0.0461
nmos,0.13u,mos_ff,0.3700,0.6000,3.167451e-05,5.842867e-04,3.236822e-05,1.436230e-14,18.446590,18.051246,6.474737e+09,0.3039,0.0661
nmos,0.13u,mos_ff,0.3900,0.6000,4.492075e-05,7.514518e-04,4.245082e-05,1.469990e-14,16.728389,17.701703,8.135924e+09,0.3039,0.0861
nmos,0.13u,mos_ff,0.4100,0.6000,6.173258e-05,9.420432e-04,5.342299e-05,1.502950e-14,15.260065,17.633667,9.975770e+09,0.3039,0.1061
nmos,0.13u,mos_ff,0.4300,0.6000,8.260248e-05,1.158178e-03,6.510181e-05,1.533630e-14,14.021104,17.790258,1.201918e+10,0.3039,0.1261
nmos,0.13u,mos_ff,0.4500,0.6000,1.080597e-04,1.400887e-03,7.744672e-05,1.561340e-14,12.964010,18.088397,1.427992e+10,0.3039,0.1461
nmos,0.13u,mos_ff,0.4700,0.6000,1.386380e-04,1.669616e-03,9.051103e-05,1.586040e-14,12.042990,18.446547,1.675416e+10,0.3039,0.1661
nmos,0.13u,mos_ff,0.4900,0.6000,1.748443e-04,1.962495e-03,1.043921e-04,1.607980e-14,11.224244,18.799267,1.942442e+10,0.3039,0.1861
nmos,0.13u,mos_ff,0.5100,0.6000,2.171378e-04,2.276808e-03,1.191993e-04,1.627560e-14,10.485544,19.100850,2.226432e+10,0.3039,0.2061
nmos,0.13u,mos_ff,0.5300,0.6000,2.659167e-04,2.609369e-03,1.350397e-04,1.645210e-14,9.812731,19.322977,2.524261e+10,0.3039,0.2261
nmos,0.13u,mos_ff,0.5500,0.6000,3.215125e-04,2.956755e-03,1.520137e-04,1.661290e-14,9.196392,19.450582,2.832631e+10,0.3039,0.2461
nmos,0.13u,mos_ff,0.5700,0.6000,3.841869e-04,3.315442e-03,1.702181e-04,1.676130e-14,8.629763,19.477611,3.148139e+10,0.3039,0.2661
nmos,0.13u,mos_ff,0.5900,0.6000,4.541302e-04,3.681884e-03,1.897523e-04,1.689980e-14,8.107552,19.403633,3.467438e+10,0.3039,0.2861
nmos,0.13u,mos_ff,0.6100,0.6000,5.314622e-04,4.052562e-03,2.107258e-04,1.703060e-14,7.625306,19.231447,3.787214e+10,0.3039,0.3061
nmos,0.13u,mos_ff,0.6300,0.6000,6.162327e-04,4.424032e-03,2.332671e-04,1.715510e-14,7.179158,18.965521,4.104357e+10,0.3039,0.3261
nmos,0.13u,mos_ff,0.6500,0.6000,7.084235e-04,4.792965e-03,2.575309e-04,1.727440e-14,6.765678,18.611223,4.415922e+10,0.3039,0.3461
nmos,0.13u,mos_ff,0.6700,0.6000,8.079513e-04,5.156193e-03,2.837043e-04,1.738930e-14,6.381812,18.174532,4.719187e+10,0.3039,0.3661
nmos,0.13u,mos_ff,0.6900,0.6000,9.146713e-04,5.510756e-03,3.120091e-04,1.750040e-14,6.024848,17.662164,5.011680e+10,0.3039,0.3861
nmos,0.13u,mos_ff,0.7100,0.6000,1.028382e-03,5.853950e-03,3.427013e-04,1.760810e-14,5.692389,17.081785,5.291230e+10,0.3039,0.4061
nmos,0.13u,mos_ff,0.7300,0.6000,1.148829e-03,6.183365e-03,3.760676e-04,1.771250e-14,5.382320,16.442164,5.556037e+10,0.3039,0.4261
nmos,0.13u,mos_ff,0.7500,0.6000,1.275716e-03,6.496919e-03,4.124180e-04,1.781380e-14,5.092763,15.753238,5.804583e+10,0.3039,0.4461
nmos,0.13u,mos_ff,0.7700,0.6000,1.408706e-03,6.792881e-03,4.520776e-04,1.791210e-14,4.822071,15.025918,6.035700e+10,0.3039,0.4661
nmos,0.13u,mos_ff,0.7900,0.6000,1.547431e-03,7.069875e-03,4.953772e-04,1.800740e-14,4.568782,14.271700,6.248573e+10,0.3039,0.4861
nmos,0.13u,mos_ff,0.8100,0.6000,1.691501e-03,7.326880e-03,5.426439e-04,1.809980e-14,4.331585,13.502188,6.442663e+10,0.3039,0.5061
nmos,0.13u,mos_ff,0.8300,0.6000,1.840507e-03,7.563211e-03,5.941920e-04,1.818930e-14,4.109308,12.728564,6.617750e+10,0.3039,0.5261
nmos,0.13u,mos_ff,0.8500,0.6000,1.994029e-03,7.778497e-03,6.503162e-04,1.827600e-14,3.900895,11.961100,6.773836e+10,0.3039,0.5461
nmos,0.13u,mos_ff,0.8700,0.6000,2.151646e-03,7.972647e-03,7.112849e-04,1.835980e-14,3.705371,11.208796,6.911220e+10,0.3039,0.5661
nmos,0.13u,mos_ff,0.8900,0.6000,2.312935e-03,8.145818e-03,7.773358e-04,1.844100e-14,3.521853,10.479149,7.030243e+10,0.3039,0.5861
nmos,0.13u,mos_ff,0.9100,0.6000,2.477479e-03,8.298376e-03,8.486733e-04,1.851940e-14,3.349524,9.778057,7.131589e+10,0.3039,0.6061
nmos,0.13u,mos_ff,0.9300,0.6000,2.644870e-03,8.430858e-03,9.254659e-04,1.859530e-14,3.187627,9.109853,7.215870e+10,0.3039,0.6261
nmos,0.13u,mos_ff,0.9500,0.6000,2.814714e-03,8.543944e-03,1.007846e-03,1.866860e-14,3.035457,8.477430,7.283947e+10,0.3039,0.6461
nmos,0.13u,mos_ff,0.9700,0.6000,2.986628e-03,8.638416e-03,1.095910e-03,1.873960e-14,2.892364,7.882414,7.336585e+10,0.3039,0.6661
nmos,0.13u,mos_ff,0.9900,0.6000,3.160250e-03,8.715139e-03,1.189720e-03,1.880820e-14,2.757737,7.325370,7.374749e+10,0.3039,0.6861
nmos,0.13u,mos_ff,1.0100,0.6000,3.335234e-03,8.775028e-03,1.289303e-03,1.887470e-14,2.631008,6.806025,7.399265e+10,0.3039,0.7061
nmos,0.13u,mos_ff,1.0300,0.6000,3.511251e-03,8.819032e-03,1.394656e-03,1.893890e-14,2.511650,6.323446,7.411162e+10,0.3039,0.7261
nmos,0.13u,mos_ff,1.0500,0.6000,3.687995e-03,8.848114e-03,1.505744e-03,1.900120e-14,2.399166,5.876241,7.411222e+10,0.3039,0.7461
nmos,0.13u,mos_ff,1.0700,0.6000,3.865176e-03,8.863237e-03,1.622508e-03,1.906150e-14,2.293100,5.462677,7.400404e+10,0.3039,0.7661
nmos,0.13u,mos_ff,1.0900,0.6000,4.042524e-03,8.865354e-03,1.744860e-03,1.911990e-14,2.193024,5.080840,7.379562e+10,0.3039,0.7861
nmos,0.13u,mos_ff,1.1100,0.6000,4.219790e-03,8.855395e-03,1.872694e-03,1.917660e-14,2.098539,4.728693,7.349477e+10,0.3039,0.8061
nmos,0.13u,mos_ff,1.1300,0.6000,4.396740e-03,8.834264e-03,2.005879e-03,1.923150e-14,2.009276,4.404186,7.311009e+10,0.3039,0.8261
nmos,0.13u,mos_ff,1.1500,0.6000,4.573161e-03,8.807769e-03,2.144270e-03,1.928490e-14,1.925970,4.107584,7.268899e+10,0.3039,0.8461
nmos,0.13u,mos_fs,0.0500,0.6000,3.622053e-09,8.366527e-08,4.191603e-09,1.272490e-14,23.098853,19.960209,1.046432e+06,0.3318,-0.2818
nmos,0.13u,mos_fs,0.0700,0.6000,6.267399e-09,1.808693e-07,7.318260e-09,1.274130e-14,28.858750,24.714796,2.259286e+06,0.3318,-0.2618
nmos,0.13u,mos_fs,0.0900,0.6000,1.085683e-08,3.139572e-07,1.279107e-08,1.275790e-14,28.917944,24.545030,3.916620e+06,0.3318,-0.2418
nmos,0.13u,mos_fs,0.1100,0.6000,1.882569e-08,5.453902e-07,2.237516e-08,1.277490e-14,28.970529,24.374807,6.794695e+06,0.3318,-0.2218
nmos,0.13u,mos_fs,0.1300,0.6000,3.267243e-08,9.480066e-07,3.916515e-08,1.279240e-14,29.015491,24.205361,1.179450e+07,0.3318,-0.2018
nmos,0.13u,mos_fs,0.1500,0.6000,5.674595e-08,1.648472e-06,6.858347e-08,1.281050e-14,29.050038,24.035996,2.048027e+07,0.3318,-0.1818
nmos,0.13u,mos_fs,0.1700,0.6000,9.861132e-08,2.866511e-06,1.201179e-07,1.282970e-14,29.068782,23.864145,3.555963e+07,0.3318,-0.1618
nmos,0.13u,mos_fs,0.1900,0.6000,1.714064e-07,4.981425e-06,2.103218e-07,1.285050e-14,29.062071,23.684777,6.169553e+07,0.3318,-0.1418
nmos,0.13u,mos_fs,0.2100,0.6000,2.978683e-07,8.642158e-06,3.679197e-07,1.287430e-14,29.013353,23.489251,1.068363e+08,0.3318,-0.1218
nmos,0.13u,mos_fs,0.2300,0.6000,5.170927e-07,1.494139e-05,6.422725e-07,1.290290e-14,28.894993,23.263319,1.842993e+08,0.3318,-0.1018
nmos,0.13u,mos_fs,0.2500,0.6000,8.955238e-07,2.566814e-05,1.116751e-06,1.293980e-14,28.662711,22.984658,3.157090e+08,0.3318,-0.0818
nmos,0.13u,mos_fs,0.2700,0.6000,1.543818e-06,4.361336e-05,1.928001e-06,1.299020e-14,28.250325,22.621026,5.343476e+08,0.3318,-0.0618
nmos,0.13u,mos_fs,0.2900,0.6000,2.640058e-06,7.278646e-05,3.288688e-06,1.306250e-14,27.570023,22.132370,8.868383e+08,0.3318,-0.0418
nmos,0.13u,mos_fs,0.3100,0.6000,4.455277e-06,1.181967e-04,5.501795e-06,1.316800e-14,26.529596,21.483298,1.428584e+09,0.3318,-0.0218
nmos,0.13u,mos_fs,0.3300,0.6000,7.367927e-06,1.847602e-04,8.938437e-06,1.331970e-14,25.076280,20.670303,2.207670e+09,0.3318,-0.0018
nmos,0.13u,mos_fs,0.3500,0.6000,1.184569e-05,2.754592e-04,1.394511e-05,1.352820e-14,23.253960,19.753103,3.240689e+09,0.3318,0.0182
nmos,0.13u,mos_fs,0.3700,0.6000,1.838629e-05,3.902012e-04,2.069150e-05,1.379470e-14,21.222400,18.858043,4.501907e+09,0.3318,0.0382
nmos,0.13u,mos_fs,0.3900,0.6000,2.745374e-05,5.270600e-04,2.906623e-05,1.410660e-14,19.198113,18.133071,5.946451e+09,0.3318,0.0582
nmos,0.13u,mos_fs,0.4100,0.6000,3.946869e-05,6.850426e-04,3.873990e-05,1.444070e-14,17.356608,17.683128,7.550044e+09,0.3318,0.0782
nmos,0.13u,mos_fs,0.4300,0.6000,5.485544e-05,8.653970e-04,4.935474e-05,1.477270e-14,15.775956,17.534223,9.323428e+09,0.3318,0.0982
nmos,0.13u,mos_fs,0.4500,0.6000,7.408457e-05,1.070423e-03,6.067670e-05,1.508480e-14,14.448663,17.641418,1.129369e+10,0.3318,0.1182
nmos,0.13u,mos_fs,0.4700,0.6000,9.767235e-05,1.301626e-03,7.262807e-05,1.536800e-14,13.326453,17.921804,1.347997e+10,0.3318,0.1382
nmos,0.13u,mos_fs,0.4900,0.6000,1.261496e-04,1.558866e-03,8.524273e-05,1.562040e-14,12.357281,18.287378,1.588315e+10,0.3318,0.1582
nmos,0.13u,mos_fs,0.5100,0.6000,1.600270e-04,1.840500e-03,9.860925e-05,1.584440e-14,11.501184,18.664578,1.848758e+10,0.3318,0.1782
nmos,0.13u,mos_fs,0.5300,0.6000,1.997696e-04,2.143880e-03,1.128313e-04,1.604380e-14,10.731763,19.000756,2.126735e+10,0.3318,0.1982
nmos,0.13u,mos_fs,0.5500,0.6000,2.457822e-04,2.465791e-03,1.280076e-04,1.622320e-14,10.032423,19.262848,2.419022e+10,0.3318,0.2182
nmos,0.13u,mos_fs,0.5700,0.6000,2.984013e-04,2.802734e-03,1.442253e-04,1.638650e-14,9.392499,19.433026,2.722174e+10,0.3318,0.2382
nmos,0.13u,mos_fs,0.5900,0.6000,3.578915e-04,3.151094e-03,1.615604e-04,1.653720e-14,8.804607,19.504124,3.032631e+10,0.3318,0.2582
nmos,0.13u,mos_fs,0.6100,0.6000,4.244450e-04,3.507239e-03,1.800828e-04,1.667800e-14,8.263118,19.475702,3.346891e+10,0.3318,0.2782
nmos,0.13u,mos_fs,0.6300,0.6000,4.981811e-04,3.867582e-03,1.998634e-04,1.681100e-14,7.763406,19.351127,3.661560e+10,0.3318,0.2982
nmos,0.13u,mos_fs,0.6500,0.6000,5.791483e-04,4.228631e-03,2.209828e-04,1.693770e-14,7.301465,19.135566,3.973429e+10,0.3318,0.3182
nmos,0.13u,mos_fs,0.6700,0.6000,6.673264e-04,4.587036e-03,2.435394e-04,1.705950e-14,6.873752,18.834883,4.279431e+10,0.3318,0.3382
nmos,0.13u,mos_fs,0.6900,0.6000,7.626297e-04,4.939637e-03,2.676567e-04,1.717680e-14,6.477111,18.455122,4.576916e+10,0.3318,0.3582
nmos,0.13u,mos_fs,0.7100,0.6000,8.649118e-04,5.283509e-03,2.934871e-04,1.729030e-14,6.108726,18.002525,4.863401e+10,0.3318,0.3782
nmos,0.13u,mos_fs,0.7300,0.6000,9.739701e-04,5.616012e-03,3.212138e-04,1.740020e-14,5.766103,17.483720,5.136815e+10,0.3318,0.3982
nmos,0.13u,mos_fs,0.7500,0.6000,1.089552e-03,5.934826e-03,3.510476e-04,1.750660e-14,5.447033,16.906044,5.395433e+10,0.3318,0.4182
nmos,0.13u,mos_fs,0.7700,0.6000,1.211363e-03,6.237983e-03,3.832227e-04,1.760960e-14,5.149557,16.277697,5.637867e+10,0.3318,0.4382
nmos,0.13u,mos_fs,0.7900,0.6000,1.339072e-03,6.523889e-03,4.179884e-04,1.770920e-14,4.871948,15.607823,5.863106e+10,0.3318,0.4582
nmos,0.13u,mos_fs,0.8100,0.6000,1.472319e-03,6.791320e-03,4.556017e-04,1.780540e-14,4.612669,14.906266,6.070474e+10,0.3318,0.4782
nmos,0.13u,mos_fs,0.8300,0.6000,1.610724e-03,7.039418e-03,4.963188e-04,1.789820e-14,4.370344,14.183259,6.259614e+10,0.3318,0.4982
nmos,0.13u,mos_fs,0.8500,0.6000,1.753895e-03,7.267662e-03,5.403879e-04,1.798770e-14,4.143727,13.448972,6.430418e+10,0.3318,0.5182
nmos,0.13u,mos_fs,0.8700,0.6000,1.901431e-03,7.475844e-03,5.880426e-04,1.807380e-14,3.931694,12.713099,6.583107e+10,0.3318,0.5382
nmos,0.13u,mos_fs,0.8900,0.6000,2.052929e-03,7.664022e-03,6.394977e-04,1.815670e-14,3.733213,11.984440,6.717999e+10,0.3318,0.5582
nmos,0.13u,mos_fs,0.9100,0.6000,2.207992e-03,7.832483e-03,6.949452e-04,1.823640e-14,3.547333,11.270648,6.835660e+10,0.3318,0.5782
nmos,0.13u,mos_fs,0.9300,0.6000,2.366228e-03,7.981703e-03,7.545530e-04,1.831300e-14,3.373176,10.578055,6.936753e+10,0.3318,0.5982
nmos,0.13u,mos_fs,0.9500,0.6000,2.527260e-03,8.112305e-03,8.184632e-04,1.838670e-14,3.209921,9.911631,7.021997e+10,0.3318,0.6182
nmos,0.13u,mos_fs,0.9700,0.6000,2.690721e-03,8.225025e-03,8.867922e-04,1.845750e-14,3.056811,9.275031,7.092257e+10,0.3318,0.6382
nmos,0.13u,mos_fs,0.9900,0.6000,2.856261e-03,8.320676e-03,9.596312e-04,1.852570e-14,2.913136,8.670702,7.148322e+10,0.3318,0.6582
nmos,0.13u,mos_fs,1.0100,0.6000,3.023548e-03,8.400127e-03,1.037047e-03,1.859130e-14,2.778235,8.100045,7.191115e+10,0.3318,0.6782
nmos,0.13u,mos_fs,1.0300,0.6000,3.192266e-03,8.464277e-03,1.119084e-03,1.865450e-14,2.651495,7.563576,7.221483e+10,0.3318,0.6982
nmos,0.13u,mos_fs,1.0500,0.6000,3.362119e-03,8.514035e-03,1.205763e-03,1.871540e-14,2.532342,7.061118,7.240298e+10,0.3318,0.7182
nmos,0.13u,mos_fs,1.0700,0.6000,3.532827e-03,8.550308e-03,1.297087e-03,1.877410e-14,2.420245,6.591931,7.248410e+10,0.3318,0.7382
nmos,0.13u,mos_fs,1.0900,0.6000,3.704131e-03,8.573988e-03,1.393037e-03,1.883080e-14,2.314710,6.154889,7.246599e+10,0.3318,0.7582
nmos,0.13u,mos_fs,1.1100,0.6000,3.875787e-03,8.585944e-03,1.493580e-03,1.888550e-14,2.215278,5.748567,7.235686e+10,0.3318,0.7782
nmos,0.13u,mos_fs,1.1300,0.6000,4.047569e-03,8.587014e-03,1.598666e-03,1.893840e-14,2.121524,5.371362,7.216374e+10,0.3318,0.7982
nmos,0.13u,mos_fs,1.1500,0.6000,4.219268e-03,8.582848e-03,1.708228e-03,1.898960e-14,2.034203,5.024416,7.193425e+10,0.3318,0.8182
nmos,0.13u,mos_sf,0.0500,0.6000,4.107423e-10,9.756866e-09,4.785068e-10,1.244170e-14,23.754227,20.390235,1.248104e+05,0.3905,-0.3405
nmos,0.13u,mos_sf,0.0700,0.6000,7.337026e-10,2.253917e-08,8.617346e-10,1.245590e-14,30.719763,26.155582,2.879937e+05,0.3905,-0.3205
nmos,0.13u,mos_sf,0.0900,0.6000,1.312309e-09,4.040533e-08,1.554512e-09,1.247020e-14,30.789494,25.992292,5.156860e+05,0.3905,-0.3005
nmos,0.13u,mos_sf,0.1100,0.6000,2.349916e-09,7.250105e-08,2.807640e-09,1.248470e-14,30.852613,25.822773,9.242433e+05,0.3905,-0.2805
nmos,0.13u,mos_sf,0.1300,0.6000,4.212351e-09,1.302068e-07,5.075746e-09,1.249940e-14,30.910719,25.652741,1.657924e+06,0.3905,-0.2605
nmos,0.13u,mos_sf,0.1500,0.6000,7.558187e-09,2.340333e-07,9.183295e-09,1.251430e-14,30.964211,25.484676,2.976400e+06,0.3905,-0.2405
nmos,0.13u,mos_sf,0.1700,0.6000,1.357368e-08,4.209549e-07,1.662586e-08,1.252950e-14,31.012585,25.319286,5.347145e+06,0.3905,-0.2205
nmos,0.13u,mos_sf,0.1900,0.6000,2.439638e-08,7.576078e-07,3.011639e-08,1.254500e-14,31.054107,25.155996,9.611560e+06,0.3905,-0.2005
nmos,0.13u,mos_sf,0.2100,0.6000,4.387800e-08,1.363962e-06,5.457375e-08,1.256100e-14,31.085327,24.993005,1.728217e+07,0.3905,-0.1805
nmos,0.13u,mos_sf,0.2300,0.6000,7.895485e-08,2.455479e-06,9.890440e-08,1.257800e-14,31.099787,24.826792,3.107025e+07,0.3905,-0.1605
nmos,0.13u,mos_sf,0.2500,0.6000,1.420971e-07,4.417212e-06,1.791891e-07,1.259670e-14,31.085870,24.651120,5.580994e+07,0.3905,-0.1405
nmos,0.13u,mos_sf,0.2700,0.6000,2.556433e-07,7.930832e-06,3.243005e-07,1.261830e-14,31.023039,24.455195,1.000318e+08,0.3905,-0.1205
nmos,0.13u,mos_sf,0.2900,0.6000,4.593304e-07,1.418232e-05,5.855432e-07,1.264500e-14,30.876075,24.220792,1.785043e+08,0.3905,-0.1005
nmos,0.13u,mos_sf,0.3100,0.6000,8.229360e-07,2.517118e-05,1.052367e-06,1.268080e-14,30.587044,23.918633,3.159200e+08,0.3905,-0.0805
nmos,0.13u,mos_sf,0.3300,0.6000,1.466177e-06,4.408500e-05,1.875490e-06,1.273210e-14,30.067993,23.505857,5.510753e+08,0.3905,-0.0605
nmos,0.13u,mos_sf,0.3500,0.6000,2.586336e-06,7.553007e-05,3.293918e-06,1.280880e-14,29.203503,22.930161,9.384942e+08,0.3905,-0.0405
nmos,0.13u,mos_sf,0.3700,0.6000,4.487380e-06,1.251151e-04,5.648263e-06,1.292470e-14,27.881548,22.151075,1.540669e+09,0.3905,-0.0205
nmos,0.13u,mos_sf,0.3900,0.6000,7.590939e-06,1.978491e-04,9.340347e-06,1.309480e-14,26.063851,21.182200,2.404669e+09,0.3905,-0.0005
nmos,0.13u,mos_sf,0.4100,0.6000,1.240135e-05,2.958882e-04,1.469973e-05,1.332890e-14,23.859354,20.128819,3.533080e+09,0.3905,0.0195
nmos,0.13u,mos_sf,0.4300,0.6000,1.942647e-05,4.179342e-04,2.180277e-05,1.362300e-14,21.513646,19.168858,4.882647e+09,0.3905,0.0395
nmos,0.13u,mos_sf,0.4500,0.6000,2.911872e-05,5.617442e-04,3.041137e-05,1.395640e-14,19.291514,18.471519,6.405976e+09,0.3905,0.0595
nmos,0.13u,mos_sf,0.4700,0.6000,4.189624e-05,7.271589e-04,4.012833e-05,1.430000e-14,17.356185,18.120836,8.093072e+09,0.3905,0.0795
nmos,0.13u,mos_sf,0.4900,0.6000,5.820507e-05,9.162002e-04,5.062256e-05,1.462880e-14,15.740900,18.098654,9.967857e+09,0.3905,0.0995
nmos,0.13u,mos_sf,0.5100,0.6000,7.854424e-05,1.130888e-03,6.173460e-05,1.492860e-14,14.398102,18.318544,1.205648e+10,0.3905,0.1195
nmos,0.13u,mos_sf,0.5300,0.6000,1.034406e-04,1.371564e-03,7.345086e-05,1.519490e-14,13.259436,18.673219,1.436608e+10,0.3905,0.1395
nmos,0.13u,mos_sf,0.5500,0.6000,1.334068e-04,1.636679e-03,8.583394e-05,1.542950e-14,12.268333,19.067970,1.688231e+10,0.3905,0.1595
nmos,0.13u,mos_sf,0.5700,0.6000,1.689078e-04,1.923335e-03,9.896709e-05,1.563710e-14,11.386893,19.434087,1.957577e+10,0.3905,0.1795
nmos,0.13u,mos_sf,0.5900,0.6000,2.103402e-04,2.227872e-03,1.129237e-04,1.582300e-14,10.591756,19.729003,2.240895e+10,0.3905,0.1995
nmos,0.13u,mos_sf,0.6100,0.6000,2.580226e-04,2.546286e-03,1.277551e-04,1.599200e-14,9.868461,19.930993,2.534105e+10,0.3905,0.2195
nmos,0.13u,mos_sf,0.6300,0.6000,3.121916e-04,2.874473e-03,1.434882e-04,1.614820e-14,9.207400,20.032818,2.833050e+10,0.3905,0.2395
nmos,0.13u,mos_sf,0.6500,0.6000,3.730016e-04,3.208390e-03,1.601294e-04,1.629480e-14,8.601545,20.036233,3.133706e+10,0.3905,0.2595
nmos,0.13u,mos_sf,0.6700,0.6000,4.405272e-04,3.544149e-03,1.776719e-04,1.643410e-14,8.045244,19.947718,3.432307e+10,0.3905,0.2795
nmos,0.13u,mos_sf,0.6900,0.6000,5.147675e-04,3.878097e-03,1.961061e-04,1.656760e-14,7.533687,19.775504,3.725454e+10,0.3905,0.2995
nmos,0.13u,mos_sf,0.7100,0.6000,5.956511e-04,4.206865e-03,2.154312e-04,1.669620e-14,7.062633,19.527650,4.010154e+10,0.3905,0.3195
nmos,0.13u,mos_sf,0.7300,0.6000,6.830421e-04,4.527414e-03,2.356653e-04,1.682050e-14,6.628309,19.211203,4.283822e+10,0.3905,0.3395
nmos,0.13u,mos_sf,0.7500,0.6000,7.767477e-04,4.837070e-03,2.568533e-04,1.694050e-14,6.227337,18.832034,4.544397e+10,0.3905,0.3595
nmos,0.13u,mos_sf,0.7700,0.6000,8.765250e-04,5.133552e-03,2.790706e-04,1.705620e-14,5.856709,18.395173,4.790224e+10,0.3905,0.3795
nmos,0.13u,mos_sf,0.7900,0.6000,9.820897e-04,5.414993e-03,3.024208e-04,1.716750e-14,5.513746,17.905491,5.020084e+10,0.3905,0.3995
nmos,0.13u,mos_sf,0.8100,0.6000,1.093125e-03,5.679954e-03,3.270310e-04,1.727420e-14,5.196070,17.368243,5.233196e+10,0.3905,0.4195
nmos,0.13u,mos_sf,0.8300,0.6000,1.209288e-03,5.927413e-03,3.530436e-04,1.737620e-14,4.901573,16.789465,5.429133e+10,0.3905,0.4395
nmos,0.13u,mos_sf,0.8500,0.6000,1.330221e-03,6.156744e-03,3.806085e-04,1.747340e-14,4.628362,16.176055,5.607817e+10,0.3905,0.4595
nmos,0.13u,mos_sf,0.8700,0.6000,1.455558e-03,6.367680e-03,4.098757e-04,1.756590e-14,4.374735,15.535637,5.769404e+10,0.3905,0.4795
nmos,0.13u,mos_sf,0.8900,0.6000,1.584928e-03,6.560264e-03,4.409896e-04,1.765360e-14,4.139156,14.876233,5.914366e+10,0.3905,0.4995
nmos,0.13u,mos_sf,0.9100,0.6000,1.717968e-03,6.734794e-03,4.740851e-04,1.773690e-14,3.920209,14.205876,6.043197e+10,0.3905,0.5195
nmos,0.13u,mos_sf,0.9300,0.6000,1.854320e-03,6.891774e-03,5.092857e-04,1.781580e-14,3.716604,13.532235,6.156669e+10,0.3905,0.5395
nmos,0.13u,mos_sf,0.9500,0.6000,1.993639e-03,7.031855e-03,5.467024e-04,1.789070e-14,3.527146,12.862309,6.255510e+10,0.3905,0.5595
nmos,0.13u,mos_sf,0.9700,0.6000,2.135594e-03,7.155798e-03,5.864338e-04,1.796170e-14,3.350730,12.202226,6.340606e+10,0.3905,0.5795
nmos,0.13u,mos_sf,0.9900,0.6000,2.279871e-03,7.264434e-03,6.285663e-04,1.802920e-14,3.186336,11.557148,6.412767e+10,0.3905,0.5995
nmos,0.13u,mos_sf,1.0100,0.6000,2.426172e-03,7.358630e-03,6.731752e-04,1.809330e-14,3.033021,10.931226,6.472906e+10,0.3905,0.6195
nmos,0.13u,mos_sf,1.0300,0.6000,2.574216e-03,7.439267e-03,7.203249e-04,1.815430e-14,2.889916,10.327655,6.521849e+10,0.3905,0.6395
nmos,0.13u,mos_sf,1.0500,0.6000,2.723742e-03,7.507223e-03,7.700701e-04,1.821250e-14,2.756217,9.748753,6.560393e+10,0.3905,0.6595
nmos,0.13u,mos_sf,1.0700,0.6000,2.874505e-03,7.563354e-03,8.224564e-04,1.826800e-14,2.631185,9.196055,6.589365e+10,0.3905,0.6795
nmos,0.13u,mos_sf,1.0900,0.6000,3.026277e-03,7.608490e-03,8.775211e-04,1.832110e-14,2.514142,8.670435,6.609476e+10,0.3905,0.6995
nmos,0.13u,mos_sf,1.1100,0.6000,3.178845e-03,7.643422e-03,9.352934e-04,1.837200e-14,2.404465,8.172218,6.621426e+10,0.3905,0.7195
nmos,0.13u,mos_sf,1.1300,0.6000,3.332013e-03,7.668904e-03,9.957952e-04,1.842070e-14,2.301583,7.701286,6.625937e+10,0.3905,0.7395
nmos,0.13u,mos_sf,1.1500,0.6000,3.485601e-03,7.689844e-03,1.059041e-03,1.846750e-14,2.206174,7.261139,6.627192e+10,0.3905,0.7595
nmos,0.13u,mos_ss,0.0500,0.6000,1.008777e-10,2.440378e-09,1.177547e-10,1.229950e-14,24.191452,20.724251,3.157837e+04,0.4212,-0.3712
nmos,0.13u,mos_ss,0.0700,0.6000,1.851541e-10,5.987266e-09,2.175572e-10,1.231280e-14,32.336664,27.520422,7.739125e+04,0.4212,-0.3512
nmos,0.13u,mos_ss,0.0900,0.6000,3.403683e-10,1.103389e-08,4.030533e-10,1.232620e-14,32.417502,27.375759,1.424687e+05,0.4212,-0.3312
nmos,0.13u,mos_ss,0.1100,0.6000,6.265099e-10,2.035392e-08,7.480155e-10,1.233980e-14,32.487787,27.210559,2.625186e+05,0.4212,-0.3112
nmos,0.13u,mos_ss,0.1300,0.6000,1.154525e-09,3.758149e-08,1.389934e-09,1.235360e-14,32.551474,27.038327,4.841730e+05,0.4212,-0.2912
nmos,0.13u,mos_ss,0.1500,0.6000,2.129769e-09,6.945272e-08,2.585204e-09,1.236750e-14,32.610447,26.865470,8.937735e+05,0.4212,-0.2712
nmos,0.13u,mos_ss,0.1700,0.6000,3.932634e-09,1.284609e-07,4.812204e-09,1.238150e-14,32.665359,26.694816,1.651269e+06,0.4212,-0.2512
nmos,0.13u,mos_ss,0.1900,0.6000,7.268206e-09,2.377868e-07,8.963859e-09,1.239570e-14,32.716024,26.527280,3.053070e+06,0.4212,-0.2312
nmos,0.13u,mos_ss,0.2100,0.6000,1.344411e-08,4.404459e-07,1.670724e-08,1.241010e-14,32.761254,26.362577,5.648556e+06,0.4212,-0.2112
nmos,0.13u,mos_ss,0.2300,0.6000,2.488604e-08,8.162259e-07,3.115442e-08,1.242490e-14,32.798545,26.199361,1.045533e+07,0.4212,-0.1912
nmos,0.13u,mos_ss,0.2500,0.6000,4.609314e-08,1.512908e-06,5.811085e-08,1.244030e-14,32.822845,26.034863,1.935538e+07,0.4212,-0.1712
nmos,0.13u,mos_ss,0.2700,0.6000,8.540236e-08,2.803320e-06,1.083871e-07,1.245690e-14,32.824854,25.863964,3.581647e+07,0.4212,-0.1512
nmos,0.13u,mos_ss,0.2900,0.6000,1.582260e-07,5.187826e-06,2.020377e-07,1.247560e-14,32.787443,25.677515,6.618264e+07,0.4212,-0.1312
nmos,0.13u,mos_ss,0.3100,0.6000,2.929154e-07,9.572452e-06,3.759893e-07,1.249830e-14,32.679921,25.459373,1.218968e+08,0.4212,-0.1112
nmos,0.13u,mos_ss,0.3300,0.6000,5.411240e-07,1.755892e-05,6.972790e-07,1.252790e-14,32.448977,25.182058,2.230692e+08,0.4212,-0.0912
nmos,0.13u,mos_ss,0.3500,0.6000,9.952723e-07,3.185654e-05,1.284431e-06,1.257020e-14,32.007864,24.802064,4.033449e+08,0.4212,-0.0712
nmos,0.13u,mos_ss,0.3700,0.6000,1.815386e-06,5.669590e-05,2.337069e-06,1.263430e-14,31.230769,24.259404,7.142012e+08,0.4212,-0.0512
nmos,0.13u,mos_ss,0.3900,0.6000,3.263108e-06,9.780545e-05,4.163088e-06,1.273390e-14,29.973096,23.493486,1.222424e+09,0.4212,-0.0312
nmos,0.13u,mos_ss,0.4100,0.6000,5.727604e-06,1.611921e-04,7.167803e-06,1.288600e-14,28.143025,22.488355,1.990883e+09,0.4212,-0.0112
nmos,0.13u,mos_ss,0.4300,0.6000,9.710791e-06,2.506041e-04,1.174840e-05,1.310530e-14,25.806765,21.330913,3.043416e+09,0.4212,0.0088
nmos,0.13u,mos_ss,0.4500,0.6000,1.575177e-05,3.657700e-04,1.809351e-05,1.339290e-14,23.220882,20.215536,4.346639e+09,0.4212,0.0288
nmos,0.13u,mos_ss,0.4700,0.6000,2.434159e-05,5.041548e-04,2.604769e-05,1.372990e-14,20.711663,19.355068,5.844087e+09,0.4212,0.0488
nmos,0.13u,mos_ss,0.4900,0.6000,3.591796e-05,6.647042e-04,3.521998e-05,1.408430e-14,18.506179,18.872930,7.511269e+09,0.4212,0.0688
nmos,0.13u,mos_ss,0.5100,0.6000,5.092976e-05,8.489587e-04,4.523844e-05,1.442600e-14,16.669207,18.766312,9.366143e+09,0.4212,0.0888
nmos,0.13u,mos_ss,0.5300,0.6000,6.987631e-05,1.058921e-03,5.590228e-05,1.473720e-14,15.154220,18.942358,1.143586e+10,0.4212,0.1088
nmos,0.13u,mos_ss,0.5500,0.6000,9.328661e-05,1.294932e-03,6.717157e-05,1.501210e-14,13.881220,19.277977,1.372858e+10,0.4212,0.1288
nmos,0.13u,mos_ss,0.5700,0.6000,1.216736e-04,1.555235e-03,7.909181e-05,1.525280e-14,12.782025,19.663667,1.622806e+10,0.4212,0.1488
nmos,0.13u,mos_ss,0.5900,0.6000,1.554960e-04,1.836557e-03,9.173016e-05,1.546480e-14,11.810960,20.021299,1.890080e+10,0.4212,0.1688
nmos,0.13u,mos_ss,0.6100,0.6000,1.951359e-04,2.134792e-03,1.051404e-04,1.565410e-14,10.940027,20.304203,2.170439e+10,0.4212,0.1888
nmos,0.13u,mos_ss,0.6300,0.6000,2.408877e-04,2.445492e-03,1.193485e-04,1.582630e-14,10.152000,20.490346,2.459274e+10,0.4212,0.2088
nmos,0.13u,mos_ss,0.6500,0.6000,2.929555e-04,2.764175e-03,1.343505e-04,1.598590e-14,9.435477,20.574356,2.752001e+10,0.4212,0.2288
nmos,0.13u,mos_ss,0.6700,0.6000,3.514547e-04,3.086511e-03,1.501163e-04,1.613630e-14,8.782102,20.560799,3.044276e+10,0.4212,0.2488
nmos,0.13u,mos_ss,0.6900,0.6000,4.164160e-04,3.408454e-03,1.665995e-04,1.627960e-14,8.185214,20.458969,3.332221e+10,0.4212,0.2688
nmos,0.13u,mos_ss,0.7100,0.6000,4.877928e-04,3.726322e-03,1.837494e-04,1.641740e-14,7.639149,20.279370,3.612402e+10,0.4212,0.2888
nmos,0.13u,mos_ss,0.7300,0.6000,5.654689e-04,4.036844e-03,2.015261e-04,1.655040e-14,7.138932,20.031371,3.881983e+10,0.4212,0.3088
nmos,0.13u,mos_ss,0.7500,0.6000,6.492666e-04,4.337183e-03,2.199128e-04,1.667860e-14,6.680126,19.722285,4.138741e+10,0.4212,0.3288
nmos,0.13u,mos_ss,0.7700,0.6000,7.389562e-04,4.624951e-03,2.389242e-04,1.680210e-14,6.258762,19.357399,4.380904e+10,0.4212,0.3488
nmos,0.13u,mos_ss,0.7900,0.6000,8.342646e-04,4.898215e-03,2.586089e-04,1.692040e-14,5.871297,18.940628,4.607309e+10,0.4212,0.3688
nmos,0.13u,mos_ss,0.8100,0.6000,9.348848e-04,5.155496e-03,2.790457e-04,1.703330e-14,5.514579,18.475454,4.817168e+10,0.4212,0.3888
nmos,0.13u,mos_ss,0.8300,0.6000,1.040484e-03,5.395760e-03,3.003354e-04,1.714060e-14,5.185817,17.965781,5.010104e+10,0.4212,0.4088
nmos,0.13u,mos_ss,0.8500,0.6000,1.150715e-03,5.618391e-03,3.225914e-04,1.724220e-14,4.882522,17.416431,5.186082e+10,0.4212,0.4288
nmos,0.13u,mos_ss,0.8700,0.6000,1.265220e-03,5.823154e-03,3.459318e-04,1.733810e-14,4.602483,16.833243,5.345359e+10,0.4212,0.4488
nmos,0.13u,mos_ss,0.8900,0.6000,1.383641e-03,6.010134e-03,3.704725e-04,1.742850e-14,4.343709,16.222888,5.488381e+10,0.4212,0.4688
nmos,0.13u,mos_ss,0.9100,0.6000,1.505625e-03,6.179687e-03,3.963230e-04,1.751350e-14,4.104400,15.592552,5.615826e+10,0.4212,0.4888
nmos,0.13u,mos_ss,0.9300,0.6000,1.630829e-03,6.332370e-03,4.235848e-04,1.759350e-14,3.882915,14.949474,5.728411e+10,0.4212,0.5088
nmos,0.13u,mos_ss,0.9500,0.6000,1.758920e-03,6.468891e-03,4.523502e-04,1.766890e-14,3.677763,14.300626,5.826939e+10,0.4212,0.5288
nmos,0.13u,mos_ss,0.9700,0.6000,1.889584e-03,6.590060e-03,4.827026e-04,1.773990e-14,3.487572,13.652423,5.912325e+10,0.4212,0.5488
nmos,0.13u,mos_ss,0.9900,0.6000,2.022523e-03,6.696745e-03,5.147172e-04,1.780690e-14,3.311085,13.010533,5.985433e+10,0.4212,0.5688
nmos,0.13u,mos_ss,1.0100,0.6000,2.157454e-03,6.789842e-03,5.484611e-04,1.787020e-14,3.147155,12.379806,6.047145e+10,0.4212,0.5888
nmos,0.13u,mos_ss,1.0300,0.6000,2.294116e-03,6.870251e-03,5.839949e-04,1.793010e-14,2.994727,11.764231,6.098317e+10,0.4212,0.6088
nmos,0.13u,mos_ss,1.0500,0.6000,2.432264e-03,6.938856e-03,6.213724e-04,1.798690e-14,2.852838,11.166985,6.139764e+10,0.4212,0.6288
nmos,0.13u,mos_ss,1.0700,0.6000,2.571671e-03,6.996510e-03,6.606418e-04,1.804090e-14,2.720609,10.590474,6.172248e+10,0.4212,0.6488
nmos,0.13u,mos_ss,1.0900,0.6000,2.712125e-03,7.044032e-03,7.018456e-04,1.809220e-14,2.597237,10.036441,6.196552e+10,0.4212,0.6688
nmos,0.13u,mos_ss,1.1100,0.6000,2.853432e-03,7.082194e-03,7.450215e-04,1.814110e-14,2.481992,9.506026,6.213329e+10,0.4212,0.6888
nmos,0.13u,mos_ss,1.1300,0.6000,2.995412e-03,7.111725e-03,7.902022e-04,1.818790e-14,2.374206,8.999880,6.223182e+10,0.4212,0.7088
nmos,0.13u,mos_ss,1.1500,0.6000,3.137901e-03,7.137115e-03,8.374157e-04,1.823260e-14,2.274487,8.522786,6.230089e+10,0.4212,0.7288
nmos,0.13u,mos_tt,0.0500,0.6000,1.498188e-09,3.483205e-08,1.744182e-09,1.258770e-14,23.249452,19.970422,4.404055e+05,0.3598,-0.3098
nmos,0.13u,mos_tt,0.0700,0.6000,2.610093e-09,7.635837e-08,3.065582e-09,1.260280e-14,29.255038,24.908278,9.642946e+05,0.3598,-0.2898
nmos,0.13u,mos_tt,0.0900,0.6000,4.552523e-09,1.334704e-07,5.394633e-09,1.261810e-14,29.317897,24.741331,1.683492e+06,0.3598,-0.2698
nmos,0.13u,mos_tt,0.1100,0.6000,7.948909e-09,2.335007e-07,9.502101e-09,1.263370e-14,29.375188,24.573586,2.941560e+06,0.3598,-0.2498
nmos,0.13u,mos_tt,0.1300,0.6000,1.389255e-08,4.088177e-07,1.674976e-08,1.264960e-14,29.427117,24.407377,5.143669e+06,0.3598,-0.2298
nmos,0.13u,mos_tt,0.1500,0.6000,2.430162e-08,7.162348e-07,2.954374e-08,1.266580e-14,29.472718,24.243200,9.000009e+06,0.3598,-0.2098
nmos,0.13u,mos_tt,0.1700,0.6000,4.254194e-08,1.255398e-06,5.213410e-08,1.268260e-14,29.509656,24.080170,1.575409e+07,0.3598,-0.1898
nmos,0.13u,mos_tt,0.1900,0.6000,7.451754e-08,2.200757e-06,9.202037e-08,1.270010e-14,29.533409,23.915976,2.757942e+07,0.3598,-0.1698
nmos,0.13u,mos_tt,0.2100,0.6000,1.305722e-07,3.856563e-06,1.624069e-07,1.271900e-14,29.535866,23.746300,4.825781e+07,0.3598,-0.1498
nmos,0.13u,mos_tt,0.2300,0.6000,2.287801e-07,6.749679e-06,2.864440e-07,1.274020e-14,29.502911,23.563695,8.431930e+07,0.3598,-0.1298
nmos,0.13u,mos_tt,0.2500,0.6000,4.005594e-07,1.178070e-05,5.044025e-07,1.276530e-14,29.410619,23.355753,1.468792e+08,0.3598,-0.1098
nmos,0.13u,mos_tt,0.2700,0.6000,7.000082e-07,2.045403e-05,8.853592e-07,1.279710e-14,29.219701,23.102522,2.543826e+08,0.3598,-0.0898
nmos,0.13u,mos_tt,0.2900,0.6000,1.218720e-06,3.518339e-05,1.544903e-06,1.284020e-14,28.869133,22.773851,4.360999e+08,0.3598,-0.0698
nmos,0.13u,mos_tt,0.3100,0.6000,2.107344e-06,5.958123e-05,2.668282e-06,1.290180e-14,28.273139,22.329435,7.349864e+08,0.3598,-0.0498
nmos,0.13u,mos_tt,0.3300,0.6000,3.601970e-06,9.844724e-05,4.531073e-06,1.299240e-14,27.331499,21.727136,1.205964e+09,0.3598,-0.0298
nmos,0.13u,mos_tt,0.3500,0.6000,6.045234e-06,1.569749e-04,7.493937e-06,1.312510e-14,25.966720,20.946920,1.903477e+09,0.3598,-0.0098
nmos,0.13u,mos_tt,0.3700,0.6000,9.880967e-06,2.389816e-04,1.193334e-05,1.331240e-14,24.186054,20.026380,2.857118e+09,0.3598,0.0102
nmos,0.13u,mos_tt,0.3900,0.6000,1.560450e-05,3.452262e-04,1.809463e-05,1.355950e-14,22.123503,19.078931,4.052100e+09,0.3598,0.0302
nmos,0.13u,mos_tt,0.4100,0.6000,2.369002e-05,4.738652e-04,2.594880e-05,1.385810e-14,20.002735,18.261546,5.442159e+09,0.3598,0.0502
nmos,0.13u,mos_tt,0.4300,0.6000,3.455911e-05,6.232198e-04,3.519926e-05,1.418690e-14,18.033445,17.705480,6.991556e+09,0.3598,0.0702
nmos,0.13u,mos_tt,0.4500,0.6000,4.861881e-05,7.939215e-04,4.545967e-05,1.452010e-14,16.329513,17.464304,8.702181e+09,0.3598,0.0902
nmos,0.13u,mos_tt,0.4700,0.6000,6.631597e-05,9.882806e-04,5.644235e-05,1.483720e-14,14.902603,17.509558,1.060104e+10,0.3598,0.1102
nmos,0.13u,mos_tt,0.4900,0.6000,8.815003e-05,1.208240e-03,6.802585e-05,1.512660e-14,13.706632,17.761483,1.271253e+10,0.3598,0.1302
nmos,0.13u,mos_tt,0.5100,0.6000,1.146456e-04,1.454108e-03,8.021979e-05,1.538490e-14,12.683505,18.126550,1.504257e+10,0.3598,0.1502
nmos,0.13u,mos_tt,0.5300,0.6000,1.463143e-04,1.724498e-03,9.310185e-05,1.561390e-14,11.786257,18.522704,1.757808e+10,0.3598,0.1702
nmos,0.13u,mos_tt,0.5500,0.6000,1.836255e-04,2.016838e-03,1.067697e-04,1.581740e-14,10.983431,18.889610,2.029346e+10,0.3598,0.1902
nmos,0.13u,mos_tt,0.5700,0.6000,2.269879e-04,2.327867e-03,1.213150e-04,1.600010e-14,10.255467,19.188616,2.315558e+10,0.3598,0.2102
nmos,0.13u,mos_tt,0.5900,0.6000,2.767402e-04,2.653988e-03,1.368129e-04,1.616630e-14,9.590179,19.398668,2.612814e+10,0.3598,0.2302
nmos,0.13u,mos_tt,0.6100,0.6000,3.331474e-04,2.991473e-03,1.533207e-04,1.631970e-14,8.979428,19.511214,2.917380e+10,0.3598,0.2502
nmos,0.13u,mos_tt,0.6300,0.6000,3.963991e-04,3.336585e-03,1.708817e-04,1.646310e-14,8.417237,19.525701,3.225601e+10,0.3598,0.2702
nmos,0.13u,mos_tt,0.6500,0.6000,4.666108e-04,3.685657e-03,1.895320e-04,1.659880e-14,7.898782,19.446094,3.533933e+10,0.3598,0.2902
nmos,0.13u,mos_tt,0.6700,0.6000,5.438254e-04,4.035151e-03,2.093087e-04,1.672840e-14,7.419938,19.278468,3.839065e+10,0.3598,0.3102
nmos,0.13u,mos_tt,0.6900,0.6000,6.280168e-04,4.381711e-03,2.302601e-04,1.685300e-14,6.977060,19.029398,4.137963e+10,0.3598,0.3302
nmos,0.13u,mos_tt,0.7100,0.6000,7.190939e-04,4.722205e-03,2.524535e-04,1.697340e-14,6.566882,18.705247,4.427883e+10,0.3598,0.3502
nmos,0.13u,mos_tt,0.7300,0.6000,8.169050e-04,5.053770e-03,2.759823e-04,1.708980e-14,6.186484,18.311935,4.706506e+10,0.3598,0.3702
nmos,0.13u,mos_tt,0.7500,0.6000,9.212446e-04,5.373857e-03,3.009679e-04,1.720240e-14,5.833258,17.855250,4.971841e+10,0.3598,0.3902
nmos,0.13u,mos_tt,0.7700,0.6000,1.031859e-03,5.680268e-03,3.275597e-04,1.731130e-14,5.504888,17.341169,5.222269e+10,0.3598,0.4102
nmos,0.13u,mos_tt,0.7900,0.6000,1.148455e-03,5.971176e-03,3.559304e-04,1.741640e-14,5.199312,16.776246,5.456594e+10,0.3598,0.4302
nmos,0.13u,mos_tt,0.8100,0.6000,1.270706e-03,6.245147e-03,3.862691e-04,1.751770e-14,4.914706,16.167866,5.673953e+10,0.3598,0.4502
nmos,0.13u,mos_tt,0.8300,0.6000,1.398261e-03,6.501128e-03,4.187742e-04,1.761510e-14,4.649438,15.524185,5.873862e+10,0.3598,0.4702
nmos,0.13u,mos_tt,0.8500,0.6000,1.530751e-03,6.738438e-03,4.536450e-04,1.770850e-14,4.402047,14.853989,6.056164e+10,0.3598,0.4902
nmos,0.13u,mos_tt,0.8700,0.6000,1.667799e-03,6.956731e-03,4.910757e-04,1.779800e-14,4.171205,14.166311,6.220913e+10,0.3598,0.5102
nmos,0.13u,mos_tt,0.8900,0.6000,1.809021e-03,7.155960e-03,5.312494e-04,1.788370e-14,3.955709,13.470058,6.368405e+10,0.3598,0.5302
nmos,0.13u,mos_tt,0.9100,0.6000,1.954037e-03,7.336330e-03,5.743348e-04,1.796560e-14,3.754448,12.773612,6.499161e+10,0.3598,0.5502
nmos,0.13u,mos_tt,0.9300,0.6000,2.102474e-03,7.498251e-03,6.204837e-04,1.804380e-14,3.566394,12.084525,6.613816e+10,0.3598,0.5702
nmos,0.13u,mos_tt,0.9500,0.6000,2.253967e-03,7.642296e-03,6.698298e-04,1.811860e-14,3.390598,11.409310,6.713042e+10,0.3598,0.5902
nmos,0.13u,mos_tt,0.9700,0.6000,2.408166e-03,7.769157e-03,7.224884e-04,1.819010e-14,3.226172,10.753331,6.797652e+10,0.3598,0.6102
nmos,0.13u,mos_tt,0.9900,0.6000,2.564733e-03,7.879614e-03,7.785569e-04,1.825840e-14,3.072294,10.120794,6.868507e+10,0.3598,0.6302
nmos,0.13u,mos_tt,1.0100,0.6000,2.723350e-03,7.974497e-03,8.381153e-04,1.832380e-14,2.928194,9.514797,6.926405e+10,0.3598,0.6502
nmos,0.13u,mos_tt,1.0300,0.6000,2.883713e-03,8.054671e-03,9.012271e-04,1.838650e-14,2.793160,8.937449,6.972185e+10,0.3598,0.6702
nmos,0.13u,mos_tt,1.0500,0.6000,3.045537e-03,8.121008e-03,9.679405e-04,1.844650e-14,2.666527,8.389987,7.006741e+10,0.3598,0.6902
nmos,0.13u,mos_tt,1.0700,0.6000,3.208554e-03,8.174375e-03,1.038289e-03,1.850410e-14,2.547682,7.872928,7.030832e+10,0.3598,0.7102
nmos,0.13u,mos_tt,1.0900,0.6000,3.372512e-03,8.215622e-03,1.112295e-03,1.855940e-14,2.436054,7.386190,7.045254e+10,0.3598,0.7302
nmos,0.13u,mos_tt,1.1100,0.6000,3.537179e-03,8.245575e-03,1.189964e-03,1.861260e-14,2.331116,6.929264,7.050729e+10,0.3598,0.7502
nmos,0.13u,mos_tt,1.1300,0.6000,3.702335e-03,8.265027e-03,1.271295e-03,1.866380e-14,2.232382,6.501266,7.047975e+10,0.3598,0.7702
nmos,0.13u,mos_tt,1.1500,0.6000,3.867780e-03,8.279422e-03,1.356273e-03,1.871320e-14,2.140613,6.104539,7.041612e+10,0.3598,0.7902
nmos,0.26u,mos_ff,0.0500,0.6000,4.904575e-08,1.185585e-06,4.765191e-08,1.487310e-14,24.173043,24.880115,1.268678e+07,0.1989,-0.1489
nmos,0.26u,mos_ff,0.0700,0.6000,8.916445e-08,2.826284e-06,8.740825e-08,1.488490e-14,31.697431,32.334293,3.021969e+07,0.1989,-0.1289
nmos,0.26u,mos_ff,0.0900,0.6000,1.620971e-07,5.131596e-06,1.602299e-07,1.490810e-14,31.657544,32.026457,5.478357e+07,0.1989,-0.1089
nmos,0.26u,mos_ff,0.1100,0.6000,2.944283e-07,9.285876e-06,2.931738e-07,1.495110e-14,31.538667,31.673622,9.884845e+07,0.1989,-0.0889
nmos,0.26u,mos_ff,0.1300,0.6000,5.335322e-07,1.669163e-05,5.343056e-07,1.502840e-14,31.285141,31.239856,1.767690e+08,0.1989,-0.0689
nmos,0.26u,mos_ff,0.1500,0.6000,9.620935e-07,2.964271e-05,9.664680e-07,1.516430e-14,30.810633,30.671176,3.111112e+08,0.1989,-0.0489
nmos,0.26u,mos_ff,0.1700,0.6000,1.719240e-06,5.157582e-05,1.724915e-06,1.539680e-14,29.999197,29.900499,5.331333e+08,0.1989,-0.0289
nmos,0.26u,mos_ff,0.1900,0.6000,3.025126e-06,8.692408e-05,3.010441e-06,1.577800e-14,28.734036,28.874201,8.768156e+08,0.1989,-0.0089
nmos,0.26u,mos_ff,0.2100,0.6000,5.196204e-06,1.401227e-04,5.075992e-06,1.636330e-14,26.966359,27.604988,1.362880e+09,0.1989,0.0111
nmos,0.26u,mos_ff,0.2300,0.6000,8.630033e-06,2.139195e-04,8.159941e-06,1.718450e-14,24.787796,26.215815,1.981224e+09,0.1989,0.0311
nmos,0.26u,mos_ff,0.2500,0.6000,1.375299e-05,3.083703e-04,1.237958e-05,1.821680e-14,22.422055,24.909593,2.694143e+09,0.1989,0.0511
nmos,0.26u,mos_ff,0.2700,0.6000,2.096484e-05,4.217518e-04,1.767044e-05,1.937400e-14,20.117101,23.867646,3.464637e+09,0.1989,0.0711
nmos,0.26u,mos_ff,0.2900,0.6000,3.062306e-05,5.523696e-04,2.384033e-05,2.054600e-14,18.037701,23.169545,4.278806e+09,0.1989,0.0911
nmos,0.26u,mos_ff,0.3100,0.6000,4.305963e-05,6.992865e-04,3.068341e-05,2.164540e-14,16.239956,22.790378,5.141735e+09,0.1989,0.1111
nmos,0.26u,mos_ff,0.3300,0.6000,5.859452e-05,8.618220e-04,3.805562e-05,2.262620e-14,14.708236,22.646379,6.062142e+09,0.1989,0.1311
nmos,0.26u,mos_ff,0.3500,0.6000,7.753251e-05,1.038957e-03,4.588708e-05,2.347760e-14,13.400276,22.641602,7.043102e+09,0.1989,0.1511
nmos,0.26u,mos_ff,0.3700,0.6000,1.001528e-04,1.229192e-03,5.416311e-05,2.420890e-14,12.273167,22.694266,8.080994e+09,0.1989,0.1711
nmos,0.26u,mos_ff,0.3900,0.6000,1.267002e-04,1.430687e-03,6.290267e-05,2.483730e-14,11.291908,22.744456,9.167700e+09,0.1989,0.1911
nmos,0.26u,mos_ff,0.4100,0.6000,1.573803e-04,1.641449e-03,7.214400e-05,2.538150e-14,10.429825,22.752398,1.029272e+10,0.1989,0.2111
nmos,0.26u,mos_ff,0.4300,0.6000,1.923581e-04,1.859456e-03,8.193762e-05,2.585820e-14,9.666637,22.693556,1.144479e+10,0.1989,0.2311
nmos,0.26u,mos_ff,0.4500,0.6000,2.317585e-04,2.082729e-03,9.234404e-05,2.628180e-14,8.986635,22.554016,1.261240e+10,0.1989,0.2511
nmos,0.26u,mos_ff,0.4700,0.6000,2.756673e-04,2.309371e-03,1.034344e-04,2.666370e-14,8.377385,22.326914,1.378458e+10,0.1989,0.2711
nmos,0.26u,mos_ff,0.4900,0.6000,3.241333e-04,2.537575e-03,1.152925e-04,2.701300e-14,7.828801,22.009888,1.495086e+10,0.1989,0.2911
nmos,0.26u,mos_ff,0.5100,0.6000,3.771703e-04,2.765639e-03,1.280173e-04,2.733680e-14,7.332600,21.603635,1.610156e+10,0.1989,0.3111
nmos,0.26u,mos_ff,0.5300,0.6000,4.347589e-04,2.991965e-03,1.417262e-04,2.764070e-14,6.881895,21.110881,1.722771e+10,0.1989,0.3311
nmos,0.26u,mos_ff,0.5500,0.6000,4.968489e-04,3.215061e-03,1.565568e-04,2.792870e-14,6.470903,20.536067,1.832140e+10,0.1989,0.3511
nmos,0.26u,mos_ff,0.5700,0.6000,5.633614e-04,3.433546e-03,1.726693e-04,2.820420e-14,6.094748,19.885098,1.937533e+10,0.1989,0.3711
nmos,0.26u,mos_ff,0.5900,0.6000,6.341908e-04,3.646153e-03,1.902466e-04,2.846960e-14,5.749300,19.165404,2.038326e+10,0.1989,0.3911
nmos,0.26u,mos_ff,0.6100,0.6000,7.092075e-04,3.851734e-03,2.094939e-04,2.872660e-14,5.431040,18.385900,2.133989e+10,0.1989,0.4111
nmos,0.26u,mos_ff,0.6300,0.6000,7.882601e-04,4.049260e-03,2.306370e-04,2.897660e-14,5.136959,17.556853,2.224070e+10,0.1989,0.4311
nmos,0.26u,mos_ff,0.6500,0.6000,8.711779e-04,4.237833e-03,2.539185e-04,2.922050e-14,4.864486,16.689737,2.308215e+10,0.1989,0.4511
nmos,0.26u,mos_ff,0.6700,0.6000,9.577734e-04,4.416678e-03,2.795940e-04,2.945910e-14,4.611402,15.796755,2.386143e+10,0.1989,0.4711
nmos,0.26u,mos_ff,0.6900,0.6000,1.047845e-03,4.585151e-03,3.079271e-04,2.969290e-14,4.375791,14.890378,2.457656e+10,0.1989,0.4911
nmos,0.26u,mos_ff,0.7100,0.6000,1.141179e-03,4.742737e-03,3.391833e-04,2.992210e-14,4.155997,13.982814,2.522651e+10,0.1989,0.5111
nmos,0.26u,mos_ff,0.7300,0.6000,1.237555e-03,4.889043e-03,3.736249e-04,3.014710e-14,3.950566,13.085431,2.581062e+10,0.1989,0.5311
nmos,0.26u,mos_ff,0.7500,0.6000,1.336741e-03,5.023796e-03,4.115051e-04,3.036790e-14,3.758242,12.208344,2.632918e+10,0.1989,0.5511
nmos,0.26u,mos_ff,0.7700,0.6000,1.438506e-03,5.146836e-03,4.530631e-04,3.058470e-14,3.577904,11.360086,2.678282e+10,0.1989,0.5711
nmos,0.26u,mos_ff,0.7900,0.6000,1.542615e-03,5.258106e-03,4.985194e-04,3.079750e-14,3.408567,10.547445,2.717278e+10,0.1989,0.5911
nmos,0.26u,mos_ff,0.8100,0.6000,1.648831e-03,5.357645e-03,5.480719e-04,3.100630e-14,3.249360,9.775442,2.750072e+10,0.1989,0.6111
nmos,0.26u,mos_ff,0.8300,0.6000,1.756920e-03,5.445579e-03,6.018929e-04,3.121110e-14,3.099503,9.047422,2.776867e+10,0.1989,0.6311
nmos,0.26u,mos_ff,0.8500,0.6000,1.866654e-03,5.522108e-03,6.601268e-04,3.141190e-14,2.958292,8.365223,2.797891e+10,0.1989,0.6511
nmos,0.26u,mos_ff,0.8700,0.6000,1.977805e-03,5.587496e-03,7.228885e-04,3.160880e-14,2.825100,7.729402,2.813386e+10,0.1989,0.6711
nmos,0.26u,mos_ff,0.8900,0.6000,2.090154e-03,5.642066e-03,7.902624e-04,3.180160e-14,2.699354,7.139484,2.823640e+10,0.1989,0.6911
nmos,0.26u,mos_ff,0.9100,0.6000,2.203487e-03,5.686183e-03,8.623027e-04,3.199040e-14,2.580538,6.594184,2.828924e+10,0.1989,0.7111
nmos,0.26u,mos_ff,0.9300,0.6000,2.317601e-03,5.720254e-03,9.390335e-04,3.217520e-14,2.468179,6.091640,2.829529e+10,0.1989,0.7311
nmos,0.26u,mos_ff,0.9500,0.6000,2.432298e-03,5.744712e-03,1.020450e-03,3.235590e-14,2.361845,5.629587,2.825758e+10,0.1989,0.7511
nmos,0.26u,mos_ff,0.9700,0.6000,2.547389e-03,5.760011e-03,1.106518e-03,3.253270e-14,2.261143,5.205529,2.817885e+10,0.1989,0.7711
nmos,0.26u,mos_ff,0.9900,0.6000,2.662698e-03,5.766622e-03,1.197180e-03,3.270530e-14,2.165706,4.816838,2.806231e+10,0.1989,0.7911
nmos,0.26u,mos_ff,1.0100,0.6000,2.778054e-03,5.765025e-03,1.292352e-03,3.287400e-14,2.075203,4.460878,2.791057e+10,0.1989,0.8111
nmos,0.26u,mos_ff,1.0300,0.6000,2.893299e-03,5.755701e-03,1.391928e-03,3.303860e-14,1.989321,4.135057,2.772661e+10,0.1989,0.8311
nmos,0.26u,mos_ff,1.0500,0.6000,3.008282e-03,5.739134e-03,1.495783e-03,3.319930e-14,1.907778,3.836876,2.751298e+10,0.1989,0.8511
nmos,0.26u,mos_ff,1.0700,0.6000,3.122864e-03,5.715801e-03,1.603774e-03,3.335600e-14,1.830307,3.563969,2.727239e+10,0.1989,0.8711
nmos,0.26u,mos_ff,1.0900,0.6000,3.236914e-03,5.686170e-03,1.715741e-03,3.350880e-14,1.756664,3.314119,2.700730e+10,0.1989,0.8911
nmos,0.26u,mos_ff,1.1100,0.6000,3.350311e-03,5.650701e-03,1.831511e-03,3.365770e-14,1.686620,3.085267,2.672010e+10,0.1989,0.9111
nmos,0.26u,mos_ff,1.1300,0.6000,3.462942e-03,5.609840e-03,1.950903e-03,3.380270e-14,1.619964,2.875509,2.641309e+10,0.1989,0.9311
nmos,0.26u,mos_ff,1.1500,0.6000,3.574705e-03,5.566393e-03,2.073721e-03,3.394390e-14,1.557162,2.684254,2.609950e+10,0.1989,0.9511
nmos,0.26u,mos_fs,0.0500,0.6000,2.251089e-08,5.443685e-07,2.206642e-08,1.471470e-14,24.182451,24.669543,5.887917e+06,0.2239,-0.1739
nmos,0.26u,mos_fs,0.0700,0.6000,4.106093e-08,1.310635e-06,4.062112e-08,1.471820e-14,31.919272,32.264866,1.417252e+07,0.2239,-0.1539
nmos,0.26u,mos_fs,0.0900,0.6000,7.493630e-08,2.392729e-06,7.478670e-08,1.472750e-14,31.930173,31.994044,2.585739e+07,0.2239,-0.1339
nmos,0.26u,mos_fs,0.1100,0.6000,1.367701e-07,4.363026e-06,1.376182e-07,1.474650e-14,31.900437,31.703844,4.708895e+07,0.2239,-0.1139
nmos,0.26u,mos_fs,0.1300,0.6000,2.494573e-07,7.932770e-06,2.528396e-07,1.478250e-14,31.800112,31.374713,8.540772e+07,0.2239,-0.0939
nmos,0.26u,mos_fs,0.1500,0.6000,4.540809e-07,1.433903e-05,4.629432e-07,1.484810e-14,31.578139,30.973627,1.536983e+08,0.2239,-0.0739
nmos,0.26u,mos_fs,0.1700,0.6000,8.230184e-07,2.563977e-05,8.420389e-07,1.496490e-14,31.153338,30.449626,2.726845e+08,0.2239,-0.0539
nmos,0.26u,mos_fs,0.1900,0.6000,1.479672e-06,4.499962e-05,1.513317e-06,1.516720e-14,30.411889,29.735753,4.721974e+08,0.2239,-0.0339
nmos,0.26u,mos_fs,0.2100,0.6000,2.623003e-06,7.666737e-05,2.664845e-06,1.550430e-14,29.228853,28.769917,7.870069e+08,0.2239,-0.0139
nmos,0.26u,mos_fs,0.2300,0.6000,4.546367e-06,1.251685e-04,4.544186e-06,1.603270e-14,27.531543,27.544757,1.242535e+09,0.2239,0.0061
nmos,0.26u,mos_fs,0.2500,0.6000,7.629743e-06,1.936547e-04,7.402381e-06,1.679290e-14,25.381550,26.161137,1.835365e+09,0.2239,0.0261
nmos,0.26u,mos_fs,0.2700,0.6000,1.229256e-05,2.826044e-04,1.138729e-05,1.777450e-14,22.989874,24.817529,2.530473e+09,0.2239,0.0461
nmos,0.26u,mos_fs,0.2900,0.6000,1.893392e-05,3.904062e-04,1.646300e-05,1.890260e-14,20.619407,23.714159,3.287118e+09,0.2239,0.0661
nmos,0.26u,mos_fs,0.3100,0.6000,2.790880e-05,5.152480e-04,2.244392e-05,2.006750e-14,18.461847,22.957130,4.086422e+09,0.2239,0.0861
nmos,0.26u,mos_fs,0.3300,0.6000,3.954384e-05,6.561499e-04,2.911137e-05,2.117430e-14,16.592974,22.539300,4.931899e+09,0.2239,0.1061
nmos,0.26u,mos_fs,0.3500,0.6000,5.415480e-05,8.125511e-04,3.630414e-05,2.216880e-14,15.004230,22.381775,5.833492e+09,0.2239,0.1261
nmos,0.26u,mos_fs,0.3700,0.6000,7.204588e-05,9.836000e-04,4.394006e-05,2.303450e-14,13.652411,22.385040,6.796102e+09,0.2239,0.1461
nmos,0.26u,mos_fs,0.3900,0.6000,9.349880e-05,1.167916e-03,5.199776e-05,2.377820e-14,12.491241,22.460891,7.817228e+09,0.2239,0.1661
nmos,0.26u,mos_fs,0.4100,0.6000,1.187625e-04,1.363716e-03,6.049257e-05,2.441660e-14,11.482716,22.543529,8.889122e+09,0.2239,0.1861
nmos,0.26u,mos_fs,0.4300,0.6000,1.480474e-04,1.569016e-03,6.945968e-05,2.496850e-14,10.598065,22.588875,1.000127e+10,0.2239,0.2061
nmos,0.26u,mos_fs,0.4500,0.6000,1.815232e-04,1.781782e-03,7.894548e-05,2.545130e-14,9.815726,22.569779,1.114204e+10,0.2239,0.2261
nmos,0.26u,mos_fs,0.4700,0.6000,2.193187e-04,2.000013e-03,8.900435e-05,2.587980e-14,9.119209,22.470958,1.229963e+10,0.2239,0.2461
nmos,0.26u,mos_fs,0.4900,0.6000,2.615237e-04,2.221789e-03,9.969850e-05,2.626580e-14,8.495555,22.285080,1.346270e+10,0.2239,0.2661
nmos,0.26u,mos_fs,0.5100,0.6000,3.081903e-04,2.445285e-03,1.110996e-04,2.661880e-14,7.934335,22.009845,1.462046e+10,0.2239,0.2861
nmos,0.26u,mos_fs,0.5300,0.6000,3.593351e-04,2.668786e-03,1.232909e-04,2.694610e-14,7.427012,21.646253,1.576297e+10,0.2239,0.3061
nmos,0.26u,mos_fs,0.5500,0.6000,4.149417e-04,2.890687e-03,1.363701e-04,2.725310e-14,6.966490,21.197367,1.688128e+10,0.2239,0.3261
nmos,0.26u,mos_fs,0.5700,0.6000,4.749626e-04,3.109501e-03,1.504517e-04,2.754430e-14,6.546833,20.667769,1.796715e+10,0.2239,0.3461
nmos,0.26u,mos_fs,0.5900,0.6000,5.393217e-04,3.323859e-03,1.656686e-04,2.782260e-14,6.163036,20.063301,1.901363e+10,0.2239,0.3661
nmos,0.26u,mos_fs,0.6100,0.6000,6.079169e-04,3.532515e-03,1.821732e-04,2.809050e-14,5.810852,19.390970,2.001450e+10,0.2239,0.3861
nmos,0.26u,mos_fs,0.6300,0.6000,6.806223e-04,3.734349e-03,2.001378e-04,2.834980e-14,5.486669,18.658889,2.096453e+10,0.2239,0.4061
nmos,0.26u,mos_fs,0.6500,0.6000,7.572909e-04,3.928368e-03,2.197525e-04,2.860150e-14,5.187396,17.876329,2.185966e+10,0.2239,0.4261
nmos,0.26u,mos_fs,0.6700,0.6000,8.377570e-04,4.113711e-03,2.412233e-04,2.884670e-14,4.910387,17.053539,2.269644e+10,0.2239,0.4461
nmos,0.26u,mos_fs,0.6900,0.6000,9.218393e-04,4.289650e-03,2.647686e-04,2.908600e-14,4.653360,16.201506,2.347243e+10,0.2239,0.4661
nmos,0.26u,mos_fs,0.7100,0.6000,1.009343e-03,4.455585e-03,2.906149e-04,2.931980e-14,4.414342,15.331578,2.418599e+10,0.2239,0.4861
nmos,0.26u,mos_fs,0.7300,0.6000,1.100063e-03,4.611045e-03,3.189921e-04,2.954830e-14,4.191619,14.455044,2.483631e+10,0.2239,0.5061
nmos,0.26u,mos_fs,0.7500,0.6000,1.193785e-03,4.755682e-03,3.501286e-04,2.977190e-14,3.983701,13.582672,2.542298e+10,0.2239,0.5261
nmos,0.26u,mos_fs,0.7700,0.6000,1.290290e-03,4.889265e-03,3.842469e-04,2.999060e-14,3.789276,12.724280,2.594649e+10,0.2239,0.5461
nmos,0.26u,mos_fs,0.7900,0.6000,1.389355e-03,5.011671e-03,4.215585e-04,3.020450e-14,3.607193,11.888435,2.640773e+10,0.2239,0.5661
nmos,0.26u,mos_fs,0.8100,0.6000,1.490757e-03,5.122873e-03,4.622610e-04,3.041380e-14,3.436424,11.082209,2.680791e+10,0.2239,0.5861
nmos,0.26u,mos_fs,0.8300,0.6000,1.594270e-03,5.222938e-03,5.065337e-04,3.061840e-14,3.276069,10.311136,2.714892e+10,0.2239,0.6061
nmos,0.26u,mos_fs,0.8500,0.6000,1.699674e-03,5.312006e-03,5.545357e-04,3.081850e-14,3.125309,9.579196,2.743261e+10,0.2239,0.6261
nmos,0.26u,mos_fs,0.8700,0.6000,1.806751e-03,5.390289e-03,6.064037e-04,3.101400e-14,2.983416,8.888945,2.766142e+10,0.2239,0.6461
nmos,0.26u,mos_fs,0.8900,0.6000,1.915286e-03,5.458056e-03,6.622505e-04,3.120500e-14,2.849734,8.241679,2.783774e+10,0.2239,0.6661
nmos,0.26u,mos_fs,0.9100,0.6000,2.025073e-03,5.515622e-03,7.221641e-04,3.139160e-14,2.723666,7.637630,2.796412e+10,0.2239,0.6861
nmos,0.26u,mos_fs,0.9300,0.6000,2.135911e-03,5.563343e-03,7.862081e-04,3.157380e-14,2.604670,7.076171,2.804330e+10,0.2239,0.7061
nmos,0.26u,mos_fs,0.9500,0.6000,2.247607e-03,5.601605e-03,8.544211e-04,3.175170e-14,2.492253,6.556024,2.807797e+10,0.2239,0.7261
nmos,0.26u,mos_fs,0.9700,0.6000,2.359975e-03,5.630817e-03,9.268179e-04,3.192520e-14,2.385965,6.075430,2.807100e+10,0.2239,0.7461
nmos,0.26u,mos_fs,0.9900,0.6000,2.472839e-03,5.651406e-03,1.003391e-03,3.209450e-14,2.285392,5.632307,2.802503e+10,0.2239,0.7661
nmos,0.26u,mos_fs,1.0100,0.6000,2.586031e-03,5.663806e-03,1.084109e-03,3.225960e-14,2.190154,5.224388,2.794277e+10,0.2239,0.7861
nmos,0.26u,mos_fs,1.0300,0.6000,2.699391e-03,5.668459e-03,1.168922e-03,3.242060e-14,2.099903,4.849305,2.782685e+10,0.2239,0.8061
nmos,0.26u,mos_fs,1.0500,0.6000,2.812770e-03,5.665806e-03,1.257761e-03,3.257750e-14,2.014315,4.504676,2.767987e+10,0.2239,0.8261
nmos,0.26u,mos_fs,1.0700,0.6000,2.926024e-03,5.656288e-03,1.350540e-03,3.273050e-14,1.933097,4.188168,2.750420e+10,0.2239,0.8461
nmos,0.26u,mos_fs,1.0900,0.6000,3.039021e-03,5.640337e-03,1.447156e-03,3.287950e-14,1.855972,3.897532,2.730235e+10,0.2239,0.8661
nmos,0.26u,mos_fs,1.1100,0.6000,3.151637e-03,5.618377e-03,1.547493e-03,3.302460e-14,1.782685,3.630632,2.707656e+10,0.2239,0.8861
nmos,0.26u,mos_fs,1.1300,0.6000,3.263756e-03,5.590822e-03,1.651423e-03,3.316600e-14,1.713002,3.385457,2.682889e+10,0.2239,0.9061
nmos,0.26u,mos_fs,1.1500,0.6000,3.375270e-03,5.560572e-03,1.758808e-03,3.330360e-14,1.647445,3.161557,2.657348e+10,0.2239,0.9261
nmos,0.26u,mos_sf,0.0500,0.6000,3.925431e-09,9.562805e-08,3.895825e-09,1.440360e-14,24.361159,24.546290,1.056658e+06,0.2763,-0.2263
nmos,0.26u,mos_sf,0.0700,0.6000,7.264659e-09,2.382947e-07,7.276982e-09,1.440010e-14,32.801911,32.746364,2.633716e+06,0.2763,-0.2063
nmos,0.26u,mos_sf,0.0900,0.6000,1.345722e-08,4.421056e-07,1.360268e-08,1.439840e-14,32.852669,32.501360,4.886883e+06,0.2763,-0.1863
nmos,0.26u,mos_sf,0.1100,0.6000,2.494888e-08,8.206356e-07,2.544086e-08,1.439920e-14,32.892683,32.256598,9.070519e+06,0.2763,-0.1663
nmos,0.26u,mos_sf,0.1300,0.6000,4.628265e-08,1.523403e-06,4.759437e-08,1.440380e-14,32.915207,32.008051,1.683286e+07,0.2763,-0.1463
nmos,0.26u,mos_sf,0.1500,0.6000,8.588500e-08,2.826255e-06,8.902369e-08,1.441520e-14,32.907434,31.747224,3.120404e+07,0.2763,-0.1263
nmos,0.26u,mos_sf,0.1700,0.6000,1.593329e-07,5.233441e-06,1.663595e-07,1.443830e-14,32.845953,31.458624,5.768879e+07,0.2763,-0.1063
nmos,0.26u,mos_sf,0.1900,0.6000,2.952226e-07,9.650613e-06,3.101575e-07,1.448230e-14,32.689276,31.115201,1.060565e+08,0.2763,-0.0863
nmos,0.26u,mos_sf,0.2100,0.6000,5.453574e-07,1.765183e-05,5.754934e-07,1.456350e-14,32.367453,30.672515,1.929053e+08,0.2763,-0.0663
nmos,0.26u,mos_sf,0.2300,0.6000,1.001296e-06,3.181420e-05,1.058177e-06,1.470920e-14,31.773022,30.065103,3.442327e+08,0.2763,-0.0463
nmos,0.26u,mos_sf,0.2500,0.6000,1.817926e-06,5.593220e-05,1.914450e-06,1.496190e-14,30.767039,29.215806,5.949703e+08,0.2763,-0.0263
nmos,0.26u,mos_sf,0.2700,0.6000,3.238584e-06,9.465127e-05,3.371367e-06,1.537860e-14,29.226128,28.075042,9.795571e+08,0.2763,-0.0063
nmos,0.26u,mos_sf,0.2900,0.6000,5.603976e-06,1.520714e-04,5.697987e-06,1.601480e-14,27.136340,26.688618,1.511284e+09,0.2763,0.0137
nmos,0.26u,mos_sf,0.3100,0.6000,9.321438e-06,2.299013e-04,9.111217e-06,1.689080e-14,24.663716,25.232776,2.166264e+09,0.2763,0.0337
nmos,0.26u,mos_sf,0.3300,0.6000,1.480003e-05,3.270496e-04,1.365829e-05,1.795930e-14,22.097901,23.945135,2.898307e+09,0.2763,0.0537
nmos,0.26u,mos_sf,0.3500,0.6000,2.240342e-05,4.413708e-04,1.919165e-05,1.911570e-14,19.701046,22.998064,3.674798e+09,0.2763,0.0737
nmos,0.26u,mos_sf,0.3700,0.6000,3.245486e-05,5.714753e-04,2.547351e-05,2.024840e-14,17.608312,22.434101,4.491867e+09,0.2763,0.0937
nmos,0.26u,mos_sf,0.3900,0.6000,4.526243e-05,7.167973e-04,3.230077e-05,2.128240e-14,15.836474,22.191338,5.360384e+09,0.2763,0.1137
nmos,0.26u,mos_sf,0.4100,0.6000,6.112675e-05,8.767118e-04,3.955625e-05,2.218740e-14,14.342523,22.163673,6.288840e+09,0.2763,0.1337
nmos,0.26u,mos_sf,0.4300,0.6000,8.033091e-05,1.050018e-03,4.719742e-05,2.296440e-14,13.071158,22.247360,7.277157e+09,0.2763,0.1537
nmos,0.26u,mos_sf,0.4500,0.6000,1.031275e-04,1.234979e-03,5.522739e-05,2.362900e-14,11.975264,22.361712,8.318296e+09,0.2763,0.1737
nmos,0.26u,mos_sf,0.4700,0.6000,1.297301e-04,1.429553e-03,6.367225e-05,2.420110e-14,11.019440,22.451743,9.401243e+09,0.2763,0.1937
nmos,0.26u,mos_sf,0.4900,0.6000,1.603096e-04,1.631596e-03,7.256830e-05,2.470000e-14,10.177781,22.483591,1.051322e+10,0.2763,0.2137
nmos,0.26u,mos_sf,0.5100,0.6000,1.949939e-04,1.838985e-03,8.195640e-05,2.514170e-14,9.430987,22.438577,1.164136e+10,0.2763,0.2337
nmos,0.26u,mos_sf,0.5300,0.6000,2.338690e-04,2.049682e-03,9.188033e-05,2.553950e-14,8.764231,22.308170,1.277304e+10,0.2763,0.2537
nmos,0.26u,mos_sf,0.5500,0.6000,2.769812e-04,2.261770e-03,1.023873e-04,2.590350e-14,8.165789,22.090337,1.389665e+10,0.2763,0.2737
nmos,0.26u,mos_sf,0.5700,0.6000,3.243398e-04,2.473466e-03,1.135296e-04,2.624140e-14,7.626156,21.786970,1.500165e+10,0.2763,0.2937
nmos,0.26u,mos_sf,0.5900,0.6000,3.759198e-04,2.683138e-03,1.253666e-04,2.655890e-14,7.137528,21.402335,1.607878e+10,0.2763,0.3137
nmos,0.26u,mos_sf,0.6100,0.6000,4.316653e-04,2.889305e-03,1.379672e-04,2.686020e-14,6.693392,20.941970,1.712002e+10,0.2763,0.3337
nmos,0.26u,mos_sf,0.6300,0.6000,4.914920e-04,3.090638e-03,1.514122e-04,2.714840e-14,6.288277,20.412080,1.811857e+10,0.2763,0.3537
nmos,0.26u,mos_sf,0.6500,0.6000,5.552908e-04,3.285966e-03,1.657957e-04,2.742550e-14,5.917559,19.819368,1.906903e+10,0.2763,0.3737
nmos,0.26u,mos_sf,0.6700,0.6000,6.229307e-04,3.474272e-03,1.812264e-04,2.769300e-14,5.577301,19.170893,1.996705e+10,0.2763,0.3937
nmos,0.26u,mos_sf,0.6900,0.6000,6.942617e-04,3.654690e-03,1.978270e-04,2.795180e-14,5.264139,18.474172,2.080946e+10,0.2763,0.4137
nmos,0.26u,mos_sf,0.7100,0.6000,7.691182e-04,3.826502e-03,2.157336e-04,2.820260e-14,4.975181,17.737163,2.159399e+10,0.2763,0.4337
nmos,0.26u,mos_sf,0.7300,0.6000,8.473218e-04,3.989138e-03,2.350929e-04,2.844590e-14,4.707937,16.968347,2.231925e+10,0.2763,0.4537
nmos,0.26u,mos_sf,0.7500,0.6000,9.286838e-04,4.142162e-03,2.560599e-04,2.868180e-14,4.460250,16.176535,2.298480e+10,0.2763,0.4737
nmos,0.26u,mos_sf,0.7700,0.6000,1.013008e-03,4.285269e-03,2.787939e-04,2.891070e-14,4.230242,15.370742,2.359063e+10,0.2763,0.4937
nmos,0.26u,mos_sf,0.7900,0.6000,1.100095e-03,4.418272e-03,3.034557e-04,2.913270e-14,4.016264,14.559858,2.413748e+10,0.2763,0.5137
nmos,0.26u,mos_sf,0.8100,0.6000,1.189739e-03,4.541093e-03,3.302036e-04,2.934790e-14,3.816882,13.752403,2.462655e+10,0.2763,0.5337
nmos,0.26u,mos_sf,0.8300,0.6000,1.281738e-03,4.653749e-03,3.591904e-04,2.955660e-14,3.630811,12.956218,2.505928e+10,0.2763,0.5537
nmos,0.26u,mos_sf,0.8500,0.6000,1.375889e-03,4.756340e-03,3.905606e-04,2.975890e-14,3.456921,12.178238,2.543760e+10,0.2763,0.5737
nmos,0.26u,mos_sf,0.8700,0.6000,1.471992e-03,4.849036e-03,4.244485e-04,2.995500e-14,3.294200,11.424321,2.576358e+10,0.2763,0.5937
nmos,0.26u,mos_sf,0.8900,0.6000,1.569851e-03,4.932066e-03,4.609758e-04,3.014500e-14,3.141741,10.699186,2.603956e+10,0.2763,0.6137
nmos,0.26u,mos_sf,0.9100,0.6000,1.669275e-03,5.005709e-03,5.002509e-04,3.032920e-14,2.998732,10.006397,2.626786e+10,0.2763,0.6337
nmos,0.26u,mos_sf,0.9300,0.6000,1.770079e-03,5.070276e-03,5.423676e-04,3.050770e-14,2.864435,9.348412,2.645101e+10,0.2763,0.6537
nmos,0.26u,mos_sf,0.9500,0.6000,1.872086e-03,5.126110e-03,5.874051e-04,3.068070e-14,2.738181,8.726703,2.659150e+10,0.2763,0.6737
nmos,0.26u,mos_sf,0.9700,0.6000,1.975123e-03,5.173572e-03,6.354272e-04,3.084840e-14,2.619367,8.141880,2.669181e+10,0.2763,0.6937
nmos,0.26u,mos_sf,0.9900,0.6000,2.079028e-03,5.213038e-03,6.864831e-04,3.101110e-14,2.507440,7.593833,2.675432e+10,0.2763,0.7137
nmos,0.26u,mos_sf,1.0100,0.6000,2.183645e-03,5.244888e-03,7.406072e-04,3.116890e-14,2.401896,7.081876,2.678150e+10,0.2763,0.7337
nmos,0.26u,mos_sf,1.0300,0.6000,2.288824e-03,5.269508e-03,7.978199e-04,3.132200e-14,2.302278,6.604884,2.677569e+10,0.2763,0.7537
nmos,0.26u,mos_sf,1.0500,0.6000,2.394425e-03,5.287280e-03,8.581282e-04,3.147060e-14,2.208163,6.161410,2.673914e+10,0.2763,0.7737
nmos,0.26u,mos_sf,1.0700,0.6000,2.500315e-03,5.298582e-03,9.215263e-04,3.161480e-14,2.119166,5.749789,2.667407e+10,0.2763,0.7937
nmos,0.26u,mos_sf,1.0900,0.6000,2.606368e-03,5.303786e-03,9.879965e-04,3.175490e-14,2.034934,5.368223,2.658247e+10,0.2763,0.8137
nmos,0.26u,mos_sf,1.1100,0.6000,2.712467e-03,5.303252e-03,1.057510e-03,3.189100e-14,1.955140,5.014848,2.646636e+10,0.2763,0.8337
nmos,0.26u,mos_sf,1.1300,0.6000,2.818498e-03,5.297331e-03,1.130027e-03,3.202320e-14,1.879487,4.687792,2.632768e+10,0.2763,0.8537
nmos,0.26u,mos_sf,1.1500,0.6000,2.924360e-03,5.288804e-03,1.205500e-03,3.215170e-14,1.808534,4.387229,2.618024e+10,0.2763,0.8737
nmos,0.26u,mos_ss,0.0500,0.6000,1.449281e-09,3.551320e-08,1.443532e-09,1.424680e-14,24.504013,24.601602,3.967278e+05,0.3035,-0.2535
nmos,0.26u,mos_ss,0.0700,0.6000,2.714036e-09,9.096227e-08,2.728277e-09,1.424190e-14,33.515499,33.340555,1.016514e+06,0.3035,-0.2335
nmos,0.26u,mos_ss,0.0900,0.6000,5.087772e-09,1.708154e-07,5.161012e-09,1.423820e-14,33.573714,33.097269,1.909379e+06,0.3035,-0.2135
nmos,0.26u,mos_ss,0.1100,0.6000,9.546650e-09,3.210131e-07,9.770062e-09,1.423580e-14,33.625733,32.856813,3.588897e+06,0.3035,-0.1935
nmos,0.26u,mos_ss,0.1300,0.6000,1.792830e-08,6.036253e-07,1.850582e-08,1.423540e-14,33.668853,32.618133,6.748665e+06,0.3035,-0.1735
nmos,0.26u,mos_ss,0.1500,0.6000,3.369166e-08,1.135324e-06,3.506505e-08,1.423820e-14,33.697479,32.377652,1.269068e+07,0.3035,-0.1535
nmos,0.26u,mos_ss,0.1700,0.6000,6.334125e-08,2.134648e-06,6.644187e-08,1.424620e-14,33.700756,32.128054,2.384775e+07,0.3035,-0.1335
nmos,0.26u,mos_ss,0.1900,0.6000,1.190776e-07,4.007991e-06,1.258160e-07,1.426370e-14,33.658648,31.855972,4.472133e+07,0.3035,-0.1135
nmos,0.26u,mos_ss,0.2100,0.6000,2.236609e-07,7.500388e-06,2.378250e-07,1.429820e-14,33.534641,31.537425,8.348770e+07,0.3035,-0.0935
nmos,0.26u,mos_ss,0.2300,0.6000,4.190931e-07,1.394124e-05,4.478144e-07,1.436330e-14,33.265258,31.131737,1.544782e+08,0.3035,-0.0735
nmos,0.26u,mos_ss,0.2500,0.6000,7.813103e-07,2.558636e-05,8.368287e-07,1.448290e-14,32.748013,30.575385,2.811727e+08,0.3035,-0.0535
nmos,0.26u,mos_ss,0.2700,0.6000,1.442548e-06,4.593055e-05,1.542041e-06,1.469580e-14,31.839876,29.785557,4.974261e+08,0.3035,-0.0335
nmos,0.26u,mos_ss,0.2900,0.6000,2.618532e-06,7.958354e-05,2.773759e-06,1.505740e-14,30.392426,28.691584,8.411886e+08,0.3035,-0.0135
nmos,0.26u,mos_ss,0.3100,0.6000,4.625889e-06,1.311221e-04,4.802132e-06,1.562940e-14,28.345276,27.304976,1.335223e+09,0.3035,0.0065
nmos,0.26u,mos_ss,0.3300,0.6000,7.863418e-06,2.030839e-04,7.877603e-06,1.644760e-14,25.826415,25.779910,1.965138e+09,0.3035,0.0265
nmos,0.26u,mos_ss,0.3500,0.6000,1.274925e-05,2.949118e-04,1.210182e-05,1.748280e-14,23.131698,24.369211,2.684734e+09,0.3035,0.0465
nmos,0.26u,mos_ss,0.3700,0.6000,1.965989e-05,4.043464e-04,1.736417e-05,1.863620e-14,20.567073,23.286250,3.453157e+09,0.3035,0.0665
nmos,0.26u,mos_ss,0.3900,0.6000,2.892310e-05,5.296283e-04,2.342581e-05,1.978750e-14,18.311602,22.608751,4.259910e+09,0.3035,0.0865
nmos,0.26u,mos_ss,0.4100,0.6000,4.084502e-05,6.700217e-04,3.006040e-05,2.084860e-14,16.404000,22.289181,5.114841e+09,0.3035,0.1065
nmos,0.26u,mos_ss,0.4300,0.6000,5.572397e-05,8.249338e-04,3.712744e-05,2.178000e-14,14.803931,22.218979,6.028113e+09,0.3035,0.1265
nmos,0.26u,mos_ss,0.4500,0.6000,7.384237e-05,9.932181e-04,4.456887e-05,2.257880e-14,13.450518,22.285019,7.001062e+09,0.3035,0.1465
nmos,0.26u,mos_ss,0.4700,0.6000,9.545269e-05,1.173126e-03,5.237856e-05,2.326020e-14,12.290130,22.397065,8.026965e+09,0.3035,0.1665
nmos,0.26u,mos_ss,0.4900,0.6000,1.207674e-04,1.362549e-03,6.057601e-05,2.384530e-14,11.282424,22.493211,9.094304e+09,0.3035,0.1865
nmos,0.26u,mos_ss,0.5100,0.6000,1.499546e-04,1.559244e-03,6.919115e-05,2.435430e-14,10.398107,22.535310,1.018963e+10,0.3035,0.2065
nmos,0.26u,mos_ss,0.5300,0.6000,1.831372e-04,1.760985e-03,7.825716e-05,2.480460e-14,9.615660,22.502542,1.129909e+10,0.3035,0.2265
nmos,0.26u,mos_ss,0.5500,0.6000,2.203940e-04,1.965643e-03,8.780805e-05,2.521020e-14,8.918768,22.385681,1.240933e+10,0.3035,0.2465
nmos,0.26u,mos_ss,0.5700,0.6000,2.617629e-04,2.171228e-03,9.787855e-05,2.558160e-14,8.294636,22.182879,1.350821e+10,0.3035,0.2665
nmos,0.26u,mos_ss,0.5900,0.6000,3.072432e-04,2.375915e-03,1.085055e-04,2.592680e-14,7.733011,21.896724,1.458485e+10,0.3035,0.2865
nmos,0.26u,mos_ss,0.6100,0.6000,3.567995e-04,2.578056e-03,1.197297e-04,2.625160e-14,7.225503,21.532302,1.562992e+10,0.3035,0.3065
nmos,0.26u,mos_ss,0.6300,0.6000,4.103654e-04,2.776183e-03,1.315987e-04,2.656010e-14,6.765149,21.095824,1.663560e+10,0.3035,0.3265
nmos,0.26u,mos_ss,0.6500,0.6000,4.678468e-04,2.969010e-03,1.441694e-04,2.685510e-14,6.346116,20.593899,1.759564e+10,0.3035,0.3465
nmos,0.26u,mos_ss,0.6700,0.6000,5.291258e-04,3.155430e-03,1.575096e-04,2.713850e-14,5.963478,20.033255,1.850516e+10,0.3035,0.3665
nmos,0.26u,mos_ss,0.6900,0.6000,5.940640e-04,3.334509e-03,1.717003e-04,2.741160e-14,5.613047,19.420519,1.936055e+10,0.3035,0.3865
nmos,0.26u,mos_ss,0.7100,0.6000,6.625062e-04,3.505481e-03,1.868354e-04,2.767510e-14,5.291243,18.762403,2.015944e+10,0.3035,0.4065
nmos,0.26u,mos_ss,0.7300,0.6000,7.342833e-04,3.667737e-03,2.030213e-04,2.792960e-14,4.994989,18.065774,2.090035e+10,0.3035,0.4265
nmos,0.26u,mos_ss,0.7500,0.6000,8.092157e-04,3.820820e-03,2.203750e-04,2.817530e-14,4.721634,17.337811,2.158282e+10,0.3035,0.4465
nmos,0.26u,mos_ss,0.7700,0.6000,8.871160e-04,3.964407e-03,2.390215e-04,2.841260e-14,4.468871,16.585985,2.220687e+10,0.3035,0.4665
nmos,0.26u,mos_ss,0.7900,0.6000,9.677920e-04,4.098307e-03,2.590910e-04,2.864150e-14,4.234698,15.818021,2.277345e+10,0.3035,0.4865
nmos,0.26u,mos_ss,0.8100,0.6000,1.051048e-03,4.222440e-03,2.807153e-04,2.886240e-14,4.017362,15.041717,2.328366e+10,0.3035,0.5065
nmos,0.26u,mos_ss,0.8300,0.6000,1.136690e-03,4.336824e-03,3.040254e-04,2.907550e-14,3.815309,14.264677,2.373913e+10,0.3035,0.5265
nmos,0.26u,mos_ss,0.8500,0.6000,1.224521e-03,4.441564e-03,3.291481e-04,2.928090e-14,3.627185,13.494120,2.414191e+10,0.3035,0.5465
nmos,0.26u,mos_ss,0.8700,0.6000,1.314352e-03,4.536836e-03,3.562042e-04,2.947890e-14,3.451766,12.736616,2.449413e+10,0.3035,0.5665
nmos,0.26u,mos_ss,0.8900,0.6000,1.405995e-03,4.622875e-03,3.853068e-04,2.966980e-14,3.287974,11.997907,2.479806e+10,0.3035,0.5865
nmos,0.26u,mos_ss,0.9100,0.6000,1.499267e-03,4.699959e-03,4.165592e-04,2.985390e-14,3.134838,11.282812,2.505608e+10,0.3035,0.6065
nmos,0.26u,mos_ss,0.9300,0.6000,1.593993e-03,4.768404e-03,4.500546e-04,3.003150e-14,2.991484,10.595168,2.527063e+10,0.3035,0.6265
nmos,0.26u,mos_ss,0.9500,0.6000,1.690003e-03,4.828547e-03,4.858754e-04,3.020280e-14,2.857123,9.937830,2.544423e+10,0.3035,0.6465
nmos,0.26u,mos_ss,0.9700,0.6000,1.787135e-03,4.880745e-03,5.240925e-04,3.036820e-14,2.731044,9.312755,2.557921e+10,0.3035,0.6665
nmos,0.26u,mos_ss,0.9900,0.6000,1.885233e-03,4.925365e-03,5.647657e-04,3.052790e-14,2.612603,8.721077,2.567803e+10,0.3035,0.6865
nmos,0.26u,mos_ss,1.0100,0.6000,1.984150e-03,4.962775e-03,6.079434e-04,3.068230e-14,2.501210,8.163219,2.574286e+10,0.3035,0.7065
nmos,0.26u,mos_ss,1.0300,0.6000,2.083744e-03,4.993346e-03,6.536631e-04,3.083160e-14,2.396334,7.639021,2.577601e+10,0.3035,0.7265
nmos,0.26u,mos_ss,1.0500,0.6000,2.183883e-03,5.017442e-03,7.019517e-04,3.097600e-14,2.297487,7.147845,2.577966e+10,0.3035,0.7465
nmos,0.26u,mos_ss,1.0700,0.6000,2.284442e-03,5.035421e-03,7.528261e-04,3.111580e-14,2.204224,6.688691,2.575579e+10,0.3035,0.7665
nmos,0.26u,mos_ss,1.0900,0.6000,2.385300e-03,5.047633e-03,8.062934e-04,3.125120e-14,2.116142,6.260293,2.570640e+10,0.3035,0.7865
nmos,0.26u,mos_ss,1.1100,0.6000,2.486347e-03,5.054416e-03,8.623515e-04,3.138240e-14,2.032868,5.861202,2.563333e+10,0.3035,0.8065
nmos,0.26u,mos_ss,1.1300,0.6000,2.587477e-03,5.056095e-03,9.209899e-04,3.150970e-14,1.954064,5.489848,2.553825e+10,0.3035,0.8265
nmos,0.26u,mos_ss,1.1500,0.6000,2.688591e-03,5.055302e-03,9.821900e-04,3.163310e-14,1.880279,5.146970,2.543463e+10,0.3035,0.8465
nmos,0.26u,mos_tt,0.0500,0.6000,1.025168e-08,2.481677e-07,1.013510e-08,1.456570e-14,24.207515,24.485965,2.711652e+06,0.2489,-0.1989
nmos,0.26u,mos_tt,0.0700,0.6000,1.875620e-08,6.022844e-07,1.871545e-08,1.456470e-14,32.111217,32.181134,6.581429e+06,0.2489,-0.1789
nmos,0.26u,mos_tt,0.0900,0.6000,3.434305e-08,1.104045e-06,3.457729e-08,1.456690e-14,32.147552,31.929772,1.206257e+07,0.2489,-0.1589
nmos,0.26u,mos_tt,0.1100,0.6000,6.291799e-08,2.023625e-06,6.389294e-08,1.457390e-14,32.162900,31.672122,2.209909e+07,0.2489,-0.1389
nmos,0.26u,mos_tt,0.1300,0.6000,1.152881e-07,3.705618e-06,1.180190e-07,1.458930e-14,32.142242,31.398487,4.042466e+07,0.2489,-0.1189
nmos,0.26u,mos_tt,0.1500,0.6000,2.111427e-07,6.768950e-06,2.177130e-07,1.461930e-14,32.058650,31.091161,7.369107e+07,0.2489,-0.0989
nmos,0.26u,mos_tt,0.1700,0.6000,3.860461e-07,1.230154e-05,4.004407e-07,1.467480e-14,31.865469,30.720004,1.334158e+08,0.2489,-0.0789
nmos,0.26u,mos_tt,0.1900,0.6000,7.032045e-07,2.214181e-05,7.322644e-07,1.477480e-14,31.487014,30.237452,2.385128e+08,0.2489,-0.0589
nmos,0.26u,mos_tt,0.2100,0.6000,1.271719e-06,3.918532e-05,1.324823e-06,1.495030e-14,30.812876,29.577778,4.171513e+08,0.2489,-0.0389
nmos,0.26u,mos_tt,0.2300,0.6000,2.270617e-06,6.746637e-05,2.352977e-06,1.524710e-14,29.712792,28.672771,7.042393e+08,0.2489,-0.0189
nmos,0.26u,mos_tt,0.2500,0.6000,3.970373e-06,1.115385e-04,4.056423e-06,1.572170e-14,28.092701,27.496763,1.129134e+09,0.2489,0.0011
nmos,0.26u,mos_tt,0.2700,0.6000,6.732159e-06,1.749179e-04,6.694989e-06,1.642140e-14,25.982437,26.126690,1.695291e+09,0.2489,0.0211
nmos,0.26u,mos_tt,0.2900,0.6000,1.096709e-05,2.585406e-04,1.044562e-05,1.734970e-14,23.574221,24.751101,2.371684e+09,0.2489,0.0411
nmos,0.26u,mos_tt,0.3100,0.6000,1.707378e-05,3.609641e-04,1.530449e-05,1.844430e-14,21.141429,23.585503,3.114741e+09,0.2489,0.0611
nmos,0.26u,mos_tt,0.3300,0.6000,2.540565e-05,4.802527e-04,2.109756e-05,1.959870e-14,18.903382,22.763424,3.899983e+09,0.2489,0.0811
nmos,0.26u,mos_tt,0.3500,0.6000,3.628389e-05,6.153344e-04,2.759509e-05,2.071110e-14,16.958887,22.298692,4.728552e+09,0.2489,0.1011
nmos,0.26u,mos_tt,0.3700,0.6000,5.001903e-05,7.657381e-04,3.461749e-05,2.171880e-14,15.308935,22.119978,5.611314e+09,0.2489,0.1211
nmos,0.26u,mos_tt,0.3900,0.6000,6.691342e-05,9.307808e-04,4.206854e-05,2.259920e-14,13.910226,22.125341,6.555027e+09,0.2489,0.1411
nmos,0.26u,mos_tt,0.4100,0.6000,8.725026e-05,1.109210e-03,4.991911e-05,2.335610e-14,12.712971,22.220148,7.558465e+09,0.2489,0.1611
nmos,0.26u,mos_tt,0.4300,0.6000,1.112818e-04,1.299303e-03,5.818051e-05,2.400520e-14,11.675791,22.332272,8.614404e+09,0.2489,0.1811
nmos,0.26u,mos_tt,0.4500,0.6000,1.392224e-04,1.499081e-03,6.688494e-05,2.456560e-14,10.767527,22.412833,9.712205e+09,0.2489,0.2011
nmos,0.26u,mos_tt,0.4700,0.6000,1.712451e-04,1.706491e-03,7.607500e-05,2.505530e-14,9.965196,22.431692,1.083988e+10,0.2489,0.2211
nmos,0.26u,mos_tt,0.4900,0.6000,2.074820e-04,1.919503e-03,8.579939e-05,2.548940e-14,9.251419,22.371989,1.198531e+10,0.2489,0.2411
nmos,0.26u,mos_tt,0.5100,0.6000,2.480252e-04,2.136164e-03,9.611208e-05,2.588030e-14,8.612689,22.225760,1.313667e+10,0.2489,0.2611
nmos,0.26u,mos_tt,0.5300,0.6000,2.929286e-04,2.354625e-03,1.070733e-04,2.623780e-14,8.038222,21.990776,1.428284e+10,0.2489,0.2811
nmos,0.26u,mos_tt,0.5500,0.6000,3.422102e-04,2.573153e-03,1.187518e-04,2.656920e-14,7.519218,21.668328,1.541371e+10,0.2489,0.3011
nmos,0.26u,mos_tt,0.5700,0.6000,3.958547e-04,2.790135e-03,1.312266e-04,2.688040e-14,7.048382,21.261962,1.651998e+10,0.2489,0.3211
nmos,0.26u,mos_tt,0.5900,0.6000,4.538156e-04,3.004089e-03,1.445900e-04,2.717550e-14,6.619625,20.776603,1.759363e+10,0.2489,0.3411
nmos,0.26u,mos_tt,0.6100,0.6000,5.160182e-04,3.213659e-03,1.589495e-04,2.745760e-14,6.227802,20.218113,1.862762e+10,0.2489,0.3611
nmos,0.26u,mos_tt,0.6300,0.6000,5.823620e-04,3.417623e-03,1.744289e-04,2.772910e-14,5.868554,19.593215,1.961591e+10,0.2489,0.3811
nmos,0.26u,mos_tt,0.6500,0.6000,6.527231e-04,3.614893e-03,1.911688e-04,2.799150e-14,5.538172,18.909430,2.055367e+10,0.2489,0.4011
nmos,0.26u,mos_tt,0.6700,0.6000,7.269577e-04,3.804519e-03,2.093263e-04,2.824600e-14,5.233481,18.175064,2.143695e+10,0.2489,0.4211
nmos,0.26u,mos_tt,0.6900,0.6000,8.049039e-04,3.985685e-03,2.290728e-04,2.849340e-14,4.951753,17.399207,2.226275e+10,0.2489,0.4411
nmos,0.26u,mos_tt,0.7100,0.6000,8.863851e-04,4.157712e-03,2.505914e-04,2.873410e-14,4.690638,16.591599,2.302910e+10,0.2489,0.4611
nmos,0.26u,mos_tt,0.7300,0.6000,9.712124e-04,4.320052e-03,2.740737e-04,2.896870e-14,4.448102,15.762373,2.373450e+10,0.2489,0.4811
nmos,0.26u,mos_tt,0.7500,0.6000,1.059187e-03,4.472289e-03,2.997155e-04,2.919730e-14,4.222379,14.921781,2.437852e+10,0.2489,0.5011
nmos,0.26u,mos_tt,0.7700,0.6000,1.150104e-03,4.614125e-03,3.277128e-04,2.942020e-14,4.011920,14.079783,2.496111e+10,0.2489,0.5211
nmos,0.26u,mos_tt,0.7900,0.6000,1.243752e-03,4.745377e-03,3.582576e-04,2.963740e-14,3.815372,13.245712,2.548301e+10,0.2489,0.5411
nmos,0.26u,mos_tt,0.8100,0.6000,1.339919e-03,4.865965e-03,3.915343e-04,2.984910e-14,3.631537,12.427941,2.594525e+10,0.2489,0.5611
nmos,0.26u,mos_tt,0.8300,0.6000,1.438391e-03,4.975902e-03,4.277164e-04,3.005530e-14,3.459353,11.633648,2.634941e+10,0.2489,0.5811
nmos,0.26u,mos_tt,0.8500,0.6000,1.538955e-03,5.075286e-03,4.669632e-04,3.025630e-14,3.297878,10.868707,2.669715e+10,0.2489,0.6011
nmos,0.26u,mos_tt,0.8700,0.6000,1.641402e-03,5.164281e-03,5.094183e-04,3.045200e-14,3.146262,10.137604,2.699070e+10,0.2489,0.6211
nmos,0.26u,mos_tt,0.8900,0.6000,1.745526e-03,5.243117e-03,5.552072e-04,3.064250e-14,3.003746,9.443532,2.723237e+10,0.2489,0.6411
nmos,0.26u,mos_tt,0.9100,0.6000,1.851127e-03,5.312069e-03,6.044365e-04,3.082810e-14,2.869640,8.788465,2.742440e+10,0.2489,0.6611
nmos,0.26u,mos_tt,0.9300,0.6000,1.958009e-03,5.371455e-03,6.571933e-04,3.100870e-14,2.743325,8.173326,2.756948e+10,0.2489,0.6811
nmos,0.26u,mos_tt,0.9500,0.6000,2.065985e-03,5.421626e-03,7.135446e-04,3.118450e-14,2.624233,7.598160,2.767011e+10,0.2489,0.7011
nmos,0.26u,mos_tt,0.9700,0.6000,2.174874e-03,5.462953e-03,7.735379e-04,3.135560e-14,2.511848,7.062295,2.772889e+10,0.2489,0.7211
nmos,0.26u,mos_tt,0.9900,0.6000,2.284503e-03,5.495827e-03,8.372014e-04,3.152210e-14,2.405699,6.564522,2.774841e+10,0.2489,0.7411
nmos,0.26u,mos_tt,1.0100,0.6000,2.394707e-03,5.520648e-03,9.045446e-04,3.168410e-14,2.305354,6.103235,2.773121e+10,0.2489,0.7611
nmos,0.26u,mos_tt,1.0300,0.6000,2.505329e-03,5.537822e-03,9.755594e-04,3.184170e-14,2.210417,5.676561,2.767980e+10,0.2489,0.7811
nmos,0.26u,mos_tt,1.0500,0.6000,2.616220e-03,5.547759e-03,1.050221e-03,3.199510e-14,2.120525,5.282468,2.759652e+10,0.2489,0.8011
nmos,0.26u,mos_tt,1.0700,0.6000,2.727239e-03,5.550861e-03,1.128489e-03,3.214440e-14,2.035341,4.918844,2.748370e+10,0.2489,0.8211
nmos,0.26u,mos_tt,1.0900,0.6000,2.838255e-03,5.547531e-03,1.210308e-03,3.228960e-14,1.954557,4.583570,2.734370e+10,0.2489,0.8411
nmos,0.26u,mos_tt,1.1100,0.6000,2.949141e-03,5.538160e-03,1.295612e-03,3.243090e-14,1.877889,4.274551,2.717857e+10,0.2489,0.8611
nmos,0.26u,mos_tt,1.1300,0.6000,3.059781e-03,5.523131e-03,1.384319e-03,3.256840e-14,1.805074,3.989782,2.699038e+10,0.2489,0.8811
nmos,0.26u,mos_tt,1.1500,0.6000,3.170066e-03,5.505367e-03,1.476341e-03,3.270210e-14,1.736673,3.729062,2.679358e+10,0.2489,0.9011
nmos,0.52u,mos_ff,0.0500,0.6000,9.339165e-08,2.311277e-06,7.578925e-08,1.872870e-14,24.748219,30.496106,1.964104e+07,0.1500,-0.1000
nmos,0.52u,mos_ff,0.0700,0.6000,1.735160e-07,5.701153e-06,1.419389e-07,1.882710e-14,32.856641,40.166248,4.819471e+07,0.1500,-0.0800
nmos,0.52u,mos_ff,0.0900,0.6000,3.214378e-07,1.045871e-05,2.645315e-07,1.903750e-14,32.537275,39.536728,8.743561e+07,0.1500,-0.0600
nmos,0.52u,mos_ff,0.1100,0.6000,5.918642e-07,1.890549e-05,4.884086e-07,1.944100e-14,31.942277,38.708348,1.547710e+08,0.1500,-0.0400
nmos,0.52u,mos_ff,0.1300,0.6000,1.077657e-06,3.333921e-05,8.867919e-07,2.015930e-14,30.936754,37.595303,2.632085e+08,0.1500,-0.0200
nmos,0.52u,mos_ff,0.1500,0.6000,1.925433e-06,5.662390e-05,1.566175e-06,2.134450e-14,29.408398,36.154261,4.222153e+08,0.1500,0.0000
nmos,0.52u,mos_ff,0.1700,0.6000,3.342613e-06,9.144128e-05,2.653707e-06,2.312250e-14,27.356227,34.457941,6.294013e+08,0.1500,0.0200
nmos,0.52u,mos_ff,0.1900,0.6000,5.583084e-06,1.392558e-04,4.257046e-06,2.549570e-14,24.942451,32.711838,8.692936e+08,0.1500,0.0400
nmos,0.52u,mos_ff,0.2100,0.6000,8.912847e-06,1.998971e-04,6.415733e-06,2.828430e-14,22.427974,31.157328,1.124815e+09,0.1500,0.0600
nmos,0.52u,mos_ff,0.2300,0.6000,1.357897e-05,2.721685e-04,9.088507e-06,3.119510e-14,20.043383,29.946448,1.388582e+09,0.1500,0.0800
nmos,0.52u,mos_ff,0.2500,0.6000,1.979959e-05,3.547177e-04,1.218836e-05,3.396190e-14,17.915406,29.102988,1.662306e+09,0.1500,0.1000
nmos,0.52u,mos_ff,0.2700,0.6000,2.776767e-05,4.463902e-04,1.562765e-05,3.643010e-14,16.075897,28.564128,1.950179e+09,0.1500,0.1200
nmos,0.52u,mos_ff,0.2900,0.6000,3.765519e-05,5.461611e-04,1.934169e-05,3.855180e-14,14.504272,28.237507,2.254739e+09,0.1500,0.1400
nmos,0.52u,mos_ff,0.3100,0.6000,4.961412e-05,6.530242e-04,2.329135e-05,4.034420e-14,13.162064,28.037198,2.576133e+09,0.1500,0.1600
nmos,0.52u,mos_ff,0.3300,0.6000,6.377616e-05,7.659646e-04,2.745703e-05,4.185150e-14,12.010203,27.896848,2.912848e+09,0.1500,0.1800
nmos,0.52u,mos_ff,0.3500,0.6000,8.025271e-05,8.839805e-04,3.183198e-05,4.312350e-14,11.014961,27.770202,3.262487e+09,0.1500,0.2000
nmos,0.52u,mos_ff,0.3700,0.6000,9.913538e-05,1.006108e-03,3.641753e-05,4.420590e-14,10.148829,27.627025,3.622301e+09,0.1500,0.2200
nmos,0.52u,mos_ff,0.3900,0.6000,1.204970e-04,1.131437e-03,4.122037e-05,4.513690e-14,9.389752,27.448492,3.989503e+09,0.1500,0.2400
nmos,0.52u,mos_ff,0.4100,0.6000,1.443929e-04,1.259122e-03,4.625119e-05,4.594780e-14,8.720110,27.223559,4.361373e+09,0.1500,0.2600
nmos,0.52u,mos_ff,0.4300,0.6000,1.708619e-04,1.388378e-03,5.152432e-05,4.666300e-14,8.125732,26.946071,4.735384e+09,0.1500,0.2800
nmos,0.52u,mos_ff,0.4500,0.6000,1.999280e-04,1.518483e-03,5.705800e-05,4.730230e-14,7.595149,26.612973,5.109140e+09,0.1500,0.3000
nmos,0.52u,mos_ff,0.4700,0.6000,2.316012e-04,1.648773e-03,6.287508e-05,4.788110e-14,7.119018,26.222996,5.480458e+09,0.1500,0.3200
nmos,0.52u,mos_ff,0.4900,0.6000,2.658789e-04,1.778636e-03,6.900412e-05,4.841170e-14,6.689647,25.775794,5.847320e+09,0.1500,0.3400
nmos,0.52u,mos_ff,0.5100,0.6000,3.027467e-04,1.907509e-03,7.548084e-05,4.890410e-14,6.300676,25.271433,6.207853e+09,0.1500,0.3600
nmos,0.52u,mos_ff,0.5300,0.6000,3.421793e-04,2.034869e-03,8.234987e-05,4.936640e-14,5.946792,24.710045,6.560322e+09,0.1500,0.3800
nmos,0.52u,mos_ff,0.5500,0.6000,3.841414e-04,2.160231e-03,8.966690e-05,4.980500e-14,5.623531,24.091733,6.903151e+09,0.1500,0.4000
nmos,0.52u,mos_ff,0.5700,0.6000,4.285885e-04,2.283139e-03,9.750113e-05,5.022560e-14,5.327112,23.416539,7.234814e+09,0.1500,0.4200
nmos,0.52u,mos_ff,0.5900,0.6000,4.754670e-04,2.403166e-03,1.059380e-04,5.063260e-14,5.054328,22.684646,7.553942e+09,0.1500,0.4400
nmos,0.52u,mos_ff,0.6100,0.6000,5.247151e-04,2.519902e-03,1.150821e-04,5.103010e-14,4.802419,21.896559,7.859182e+09,0.1500,0.4600
nmos,0.52u,mos_ff,0.6300,0.6000,5.762631e-04,2.632956e-03,1.250605e-04,5.142140e-14,4.569017,21.053458,8.149291e+09,0.1500,0.4800
nmos,0.52u,mos_ff,0.6500,0.6000,6.300334e-04,2.741948e-03,1.360252e-04,5.180920e-14,4.352068,20.157647,8.423110e+09,0.1500,0.5000
nmos,0.52u,mos_ff,0.6700,0.6000,6.859410e-04,2.846511e-03,1.481562e-04,5.219610e-14,4.149790,19.212905,8.679505e+09,0.1500,0.5200
nmos,0.52u,mos_ff,0.6900,0.6000,7.438938e-04,2.946283e-03,1.616632e-04,5.258420e-14,3.960623,18.224822,8.917422e+09,0.1500,0.5400
nmos,0.52u,mos_ff,0.7100,0.6000,8.037923e-04,3.040914e-03,1.767867e-04,5.297530e-14,3.783209,17.201034,9.135890e+09,0.1500,0.5600
nmos,0.52u,mos_ff,0.7300,0.6000,8.655304e-04,3.130062e-03,1.937972e-04,5.337100e-14,3.616351,16.151224,9.333999e+09,0.1500,0.5800
nmos,0.52u,mos_ff,0.7500,0.6000,9.289948e-04,3.213397e-03,2.129936e-04,5.377260e-14,3.459004,15.086824,9.510941e+09,0.1500,0.6000
nmos,0.52u,mos_ff,0.7700,0.6000,9.940662e-04,3.290607e-03,2.346991e-04,5.418110e-14,3.310249,14.020535,9.666034e+09,0.1500,0.6200
nmos,0.52u,mos_ff,0.7900,0.6000,1.060619e-03,3.361405e-03,2.592551e-04,5.459710e-14,3.169286,12.965627,9.798766e+09,0.1500,0.6400
nmos,0.52u,mos_ff,0.8100,0.6000,1.128522e-03,3.425527e-03,2.870140e-04,5.502120e-14,3.035410,11.935052,9.908718e+09,0.1500,0.6600
nmos,0.52u,mos_ff,0.8300,0.6000,1.197640e-03,3.482752e-03,3.183293e-04,5.545350e-14,2.908012,10.940721,9.995712e+09,0.1500,0.6800
nmos,0.52u,mos_ff,0.8500,0.6000,1.267832e-03,3.532896e-03,3.535457e-04,5.589380e-14,2.786565,9.992756,1.005975e+10,0.1500,0.7000
nmos,0.52u,mos_ff,0.8700,0.6000,1.338956e-03,3.575828e-03,3.929876e-04,5.634190e-14,2.670609,9.099086,1.010102e+10,0.1500,0.7200
nmos,0.52u,mos_ff,0.8900,0.6000,1.410866e-03,3.611470e-03,4.369489e-04,5.679690e-14,2.559754,8.265200,1.011998e+10,0.1500,0.7400
nmos,0.52u,mos_ff,0.9100,0.6000,1.483415e-03,3.639801e-03,4.856823e-04,5.725810e-14,2.453663,7.494201,1.011721e+10,0.1500,0.7600
nmos,0.52u,mos_ff,0.9300,0.6000,1.556458e-03,3.660863e-03,5.393907e-04,5.772420e-14,2.352047,6.787034,1.009359e+10,0.1500,0.7800
nmos,0.52u,mos_ff,0.9500,0.6000,1.629849e-03,3.674757e-03,5.982207e-04,5.819390e-14,2.254661,6.142812,1.005012e+10,0.1500,0.8000
nmos,0.52u,mos_ff,0.9700,0.6000,1.703448e-03,3.681640e-03,6.622575e-04,5.866580e-14,2.161287,5.559227,9.987952e+09,0.1500,0.8200
nmos,0.52u,mos_ff,0.9900,0.6000,1.777115e-03,3.681726e-03,7.315229e-04,5.913830e-14,2.071743,5.032961,9.908382e+09,0.1500,0.8400
nmos,0.52u,mos_ff,1.0100,0.6000,1.850717e-03,3.675279e-03,8.059753e-04,5.960990e-14,1.985868,4.560039,9.812780e+09,0.1500,0.8600
nmos,0.52u,mos_ff,1.0300,0.6000,1.924126e-03,3.662602e-03,8.855120e-04,6.007890e-14,1.903515,4.136140,9.702595e+09,0.1500,0.8800
nmos,0.52u,mos_ff,1.0500,0.6000,1.997221e-03,3.644037e-03,9.699734e-04,6.054390e-14,1.824554,3.756842,9.579272e+09,0.1500,0.9000
nmos,0.52u,mos_ff,1.0700,0.6000,2.069888e-03,3.619953e-03,1.059148e-03,6.100330e-14,1.748864,3.417797,9.444299e+09,0.1500,0.9200
nmos,0.52u,mos_ff,1.0900,0.6000,2.142019e-03,3.590739e-03,1.152781e-03,6.145580e-14,1.676334,3.114849,9.299104e+09,0.1500,0.9400
nmos,0.52u,mos_ff,1.1100,0.6000,2.213517e-03,3.556797e-03,1.250578e-03,6.190010e-14,1.606853,2.844122,9.145087e+09,0.1500,0.9600
nmos,0.52u,mos_ff,1.1300,0.6000,2.284291e-03,3.518535e-03,1.352218e-03,6.233520e-14,1.540318,2.602047,8.983564e+09,0.1500,0.9800
nmos,0.52u,mos_ff,1.1500,0.6000,2.354259e-03,3.478214e-03,1.457355e-03,6.276010e-14,1.477413,2.386662,8.820492e+09,0.1500,1.0000
nmos,0.52u,mos_fs,0.0500,0.6000,4.604242e-08,1.133900e-06,3.780831e-08,1.848680e-14,24.627289,29.990761,9.761873e+06,0.1725,-0.1225
nmos,0.52u,mos_fs,0.0700,0.6000,8.581601e-08,2.843460e-06,7.110237e-08,1.851630e-14,33.134377,39.991072,2.444067e+07,0.1725,-0.1025
nmos,0.52u,mos_fs,0.0900,0.6000,1.597808e-07,5.271425e-06,1.334267e-07,1.860430e-14,32.991605,39.508022,4.509567e+07,0.1725,-0.0825
nmos,0.52u,mos_fs,0.1100,0.6000,2.966730e-07,9.697404e-06,2.492217e-07,1.879600e-14,32.687181,38.910753,8.211267e+07,0.1725,-0.0625
nmos,0.52u,mos_fs,0.1300,0.6000,5.476770e-07,1.758892e-05,4.613621e-07,1.916740e-14,32.115499,38.123894,1.460482e+08,0.1725,-0.0425
nmos,0.52u,mos_fs,0.1500,0.6000,1.000230e-06,3.114774e-05,8.404543e-07,1.983490e-14,31.140578,37.060599,2.499290e+08,0.1725,-0.0225
nmos,0.52u,mos_fs,0.1700,0.6000,1.793587e-06,5.316723e-05,1.490505e-06,2.094760e-14,29.642961,35.670615,4.039521e+08,0.1725,-0.0025
nmos,0.52u,mos_fs,0.1900,0.6000,3.126919e-06,8.633092e-05,2.538037e-06,2.263780e-14,27.608940,34.014839,6.069491e+08,0.1725,0.0175
nmos,0.52u,mos_fs,0.2100,0.6000,5.246823e-06,1.321761e-04,4.093207e-06,2.492480e-14,25.191645,32.291575,8.439979e+08,0.1725,0.0375
nmos,0.52u,mos_fs,0.2300,0.6000,8.413961e-06,1.906146e-04,6.199425e-06,2.764780e-14,22.654562,30.747142,1.097276e+09,0.1725,0.0575
nmos,0.52u,mos_fs,0.2500,0.6000,1.287141e-05,2.605028e-04,8.817109e-06,3.052050e-14,20.238870,29.545149,1.358441e+09,0.1725,0.0775
nmos,0.52u,mos_fs,0.2700,0.6000,1.883407e-05,3.405316e-04,1.185787e-05,3.327120e-14,18.080617,28.717771,1.628955e+09,0.1725,0.0975
nmos,0.52u,mos_fs,0.2900,0.6000,2.649267e-05,4.295994e-04,1.523173e-05,3.573490e-14,16.215783,28.204242,1.913336e+09,0.1725,0.1175
nmos,0.52u,mos_fs,0.3100,0.6000,3.601805e-05,5.267330e-04,1.887253e-05,3.785670e-14,14.624140,27.910036,2.214460e+09,0.1725,0.1375
nmos,0.52u,mos_fs,0.3300,0.6000,4.756199e-05,6.309629e-04,2.274080e-05,3.964960e-14,13.266116,27.745853,2.532708e+09,0.1725,0.1575
nmos,0.52u,mos_fs,0.3500,0.6000,6.125657e-05,7.412959e-04,2.681717e-05,4.115670e-14,12.101492,27.642585,2.866627e+09,0.1725,0.1775
nmos,0.52u,mos_fs,0.3700,0.6000,7.721383e-05,8.567408e-04,3.109528e-05,4.242770e-14,11.095691,27.552117,3.213809e+09,0.1725,0.1975
nmos,0.52u,mos_fs,0.3900,0.6000,9.552620e-05,9.763381e-04,3.557671e-05,4.350840e-14,10.220632,27.443181,3.571472e+09,0.1725,0.2175
nmos,0.52u,mos_fs,0.4100,0.6000,1.162674e-04,1.099180e-03,4.026808e-05,4.443760e-14,9.453897,27.296558,3.936755e+09,0.1725,0.2375
nmos,0.52u,mos_fs,0.4300,0.6000,1.394934e-04,1.224419e-03,4.517962e-05,4.524670e-14,8.777612,27.101135,4.306885e+09,0.1725,0.2575
nmos,0.52u,mos_fs,0.4500,0.6000,1.652441e-04,1.351269e-03,5.032478e-05,4.596060e-14,8.177411,26.850967,4.679250e+09,0.1725,0.2775
nmos,0.52u,mos_fs,0.4700,0.6000,1.935442e-04,1.479007e-03,5.572039e-05,4.659900e-14,7.641701,26.543371,5.051423e+09,0.1725,0.2975
nmos,0.52u,mos_fs,0.4900,0.6000,2.244044e-04,1.606964e-03,6.138726e-05,4.717740e-14,7.161018,26.177484,5.421161e+09,0.1725,0.3175
nmos,0.52u,mos_fs,0.5100,0.6000,2.578227e-04,1.734529e-03,6.735113e-05,4.770820e-14,6.727604,25.753525,5.786403e+09,0.1725,0.3375
nmos,0.52u,mos_fs,0.5300,0.6000,2.937855e-04,1.861135e-03,7.364396e-05,4.820130e-14,6.335013,25.272066,6.145246e+09,0.1725,0.3575
nmos,0.52u,mos_fs,0.5500,0.6000,3.322682e-04,1.986263e-03,8.030542e-05,4.866460e-14,5.977891,24.733860,6.495966e+09,0.1725,0.3775
nmos,0.52u,mos_fs,0.5700,0.6000,3.732360e-04,2.109429e-03,8.738475e-05,4.910460e-14,5.651730,24.139555,6.836957e+09,0.1725,0.3975
nmos,0.52u,mos_fs,0.5900,0.6000,4.166453e-04,2.230186e-03,9.494294e-05,4.952660e-14,5.352721,23.489751,7.166757e+09,0.1725,0.4175
nmos,0.52u,mos_fs,0.6100,0.6000,4.624435e-04,2.348114e-03,1.030551e-04,4.993520e-14,5.077624,22.785034,7.483978e+09,0.1725,0.4375
nmos,0.52u,mos_fs,0.6300,0.6000,5.105699e-04,2.462819e-03,1.118132e-04,5.033390e-14,4.823667,22.026192,7.787392e+09,0.1725,0.4575
nmos,0.52u,mos_fs,0.6500,0.6000,5.609562e-04,2.573927e-03,1.213286e-04,5.072590e-14,4.588463,21.214512,8.075819e+09,0.1725,0.4775
nmos,0.52u,mos_fs,0.6700,0.6000,6.135269e-04,2.681082e-03,1.317350e-04,5.111380e-14,4.369950,20.352086,8.348185e+09,0.1725,0.4975
nmos,0.52u,mos_fs,0.6900,0.6000,6.681995e-04,2.783942e-03,1.431908e-04,5.149990e-14,4.166334,19.442185,8.603476e+09,0.1725,0.5175
nmos,0.52u,mos_fs,0.7100,0.6000,7.248846e-04,2.882175e-03,1.558812e-04,5.188610e-14,3.976047,18.489561,8.840757e+09,0.1725,0.5375
nmos,0.52u,mos_fs,0.7300,0.6000,7.834865e-04,2.975464e-03,1.700189e-04,5.227410e-14,3.797722,17.500784,9.059167e+09,0.1725,0.5575
nmos,0.52u,mos_fs,0.7500,0.6000,8.439032e-04,3.063503e-03,1.858447e-04,5.266520e-14,3.630159,16.484210,9.257947e+09,0.1725,0.5775
nmos,0.52u,mos_fs,0.7700,0.6000,9.060266e-04,3.145997e-03,2.036259e-04,5.306050e-14,3.472301,15.449886,9.436416e+09,0.1725,0.5975
nmos,0.52u,mos_fs,0.7900,0.6000,9.697431e-04,3.222671e-03,2.236531e-04,5.346100e-14,3.323221,14.409239,9.593985e+09,0.1725,0.6175
nmos,0.52u,mos_fs,0.8100,0.6000,1.034933e-03,3.293269e-03,2.462359e-04,5.386730e-14,3.182108,13.374447,9.730208e+09,0.1725,0.6375
nmos,0.52u,mos_fs,0.8300,0.6000,1.101474e-03,3.357561e-03,2.716963e-04,5.427990e-14,3.048244,12.357772,9.844757e+09,0.1725,0.6575
nmos,0.52u,mos_fs,0.8500,0.6000,1.169236e-03,3.415349e-03,3.003607e-04,5.469880e-14,2.921009,11.370825,9.937506e+09,0.1725,0.6775
nmos,0.52u,mos_fs,0.8700,0.6000,1.238088e-03,3.466472e-03,3.325515e-04,5.512420e-14,2.799859,10.423865,1.000842e+10,0.1725,0.6975
nmos,0.52u,mos_fs,0.8900,0.6000,1.307895e-03,3.510810e-03,3.685766e-04,5.555570e-14,2.684321,9.525320,1.005770e+10,0.1725,0.7175
nmos,0.52u,mos_fs,0.9100,0.6000,1.378520e-03,3.548291e-03,4.087205e-04,5.599290e-14,2.573986,8.681461,1.008571e+10,0.1725,0.7375
nmos,0.52u,mos_fs,0.9300,0.6000,1.449826e-03,3.578891e-03,4.532345e-04,5.643490e-14,2.468497,7.896334,1.009301e+10,0.1725,0.7575
nmos,0.52u,mos_fs,0.9500,0.6000,1.521676e-03,3.602642e-03,5.023286e-04,5.688080e-14,2.367549,7.171883,1.008035e+10,0.1725,0.7775
nmos,0.52u,mos_fs,0.9700,0.6000,1.593932e-03,3.619625e-03,5.561649e-04,5.732970e-14,2.270878,6.508187,1.004856e+10,0.1725,0.7975
nmos,0.52u,mos_fs,0.9900,0.6000,1.666461e-03,3.629974e-03,6.148522e-04,5.778030e-14,2.178253,5.903816,9.998707e+09,0.1725,0.8175
nmos,0.52u,mos_fs,1.0100,0.6000,1.739131e-03,3.633870e-03,6.784438e-04,5.823120e-14,2.089475,5.356184,9.931933e+09,0.1725,0.8375
nmos,0.52u,mos_fs,1.0300,0.6000,1.811816e-03,3.631540e-03,7.469361e-04,5.868120e-14,2.004365,4.861915,9.849450e+09,0.1725,0.8575
nmos,0.52u,mos_fs,1.0500,0.6000,1.884393e-03,3.623249e-03,8.202696e-04,5.912880e-14,1.922767,4.417144,9.752574e+09,0.1725,0.8775
nmos,0.52u,mos_fs,1.0700,0.6000,1.956746e-03,3.609294e-03,8.983323e-04,5.957270e-14,1.844539,4.017772,9.642621e+09,0.1725,0.8975
nmos,0.52u,mos_fs,1.0900,0.6000,2.028764e-03,3.590001e-03,9.809634e-04,6.001160e-14,1.769551,3.659669,9.520933e+09,0.1725,0.9175
nmos,0.52u,mos_fs,1.1100,0.6000,2.100346e-03,3.565715e-03,1.067959e-03,6.044430e-14,1.697680,3.338813,9.388829e+09,0.1725,0.9375
nmos,0.52u,mos_fs,1.1300,0.6000,2.171393e-03,3.536794e-03,1.159077e-03,6.086960e-14,1.628813,3.051388,9.247609e+09,0.1725,0.9575
nmos,0.52u,mos_fs,1.1500,0.6000,2.241817e-03,3.505647e-03,1.254047e-03,6.128660e-14,1.563753,2.795467,9.103802e+09,0.1725,0.9775
nmos,0.52u,mos_sf,0.0500,0.6000,1.004328e-08,2.469444e-07,8.406029e-09,1.809590e-14,24.588023,29.377058,2.171897e+06,0.2194,-0.1694
nmos,0.52u,mos_sf,0.0700,0.6000,1.887073e-08,6.358002e-07,1.594819e-08,1.807150e-14,33.692401,39.866606,5.599466e+06,0.2194,-0.1494
nmos,0.52u,mos_sf,0.0900,0.6000,3.547529e-08,1.195575e-06,3.026013e-08,1.806210e-14,33.701627,39.509910,1.053486e+07,0.2194,-0.1294
nmos,0.52u,mos_sf,0.1100,0.6000,6.669372e-08,2.245278e-06,5.738236e-08,1.807900e-14,33.665509,39.128366,1.976587e+07,0.2194,-0.1094
nmos,0.52u,mos_sf,0.1300,0.6000,1.252864e-07,4.203117e-06,1.086223e-07,1.814320e-14,33.548071,38.694789,3.687039e+07,0.2194,-0.0894
nmos,0.52u,mos_sf,0.1500,0.6000,2.348184e-07,7.816306e-06,2.048153e-07,1.829210e-14,33.286599,38.162706,6.800770e+07,0.2194,-0.0694
nmos,0.52u,mos_sf,0.1700,0.6000,4.379387e-07,1.435594e-05,3.832270e-07,1.859100e-14,32.780707,37.460670,1.228992e+08,0.2194,-0.0494
nmos,0.52u,mos_sf,0.1900,0.6000,8.090562e-07,2.580257e-05,7.069453e-07,1.914350e-14,31.892185,36.498680,2.145170e+08,0.2194,-0.0294
nmos,0.52u,mos_sf,0.2100,0.6000,1.470041e-06,4.480911e-05,1.272739e-06,2.009270e-14,30.481538,35.206833,3.549344e+08,0.2194,-0.0094
nmos,0.52u,mos_sf,0.2300,0.6000,2.601421e-06,7.413305e-05,2.205535e-06,2.158510e-14,28.497137,33.612275,5.466105e+08,0.2194,0.0106
nmos,0.52u,mos_sf,0.2500,0.6000,4.435364e-06,1.155913e-04,3.624536e-06,2.368210e-14,26.061288,31.891337,7.768284e+08,0.2194,0.0306
nmos,0.52u,mos_sf,0.2700,0.6000,7.225073e-06,1.693686e-04,5.588921e-06,2.627070e-14,23.441784,30.304347,1.026080e+09,0.2194,0.0506
nmos,0.52u,mos_sf,0.2900,0.6000,1.121011e-05,2.344283e-04,8.069406e-06,2.908240e-14,20.912221,29.051494,1.282921e+09,0.2194,0.0706
nmos,0.52u,mos_sf,0.3100,0.6000,1.660221e-05,3.094757e-04,1.097662e-05,3.182770e-14,18.640633,28.194080,1.547538e+09,0.2194,0.0906
nmos,0.52u,mos_sf,0.3300,0.6000,2.358914e-05,3.934461e-04,1.421362e-05,3.431290e-14,16.679120,27.680922,1.824937e+09,0.2194,0.1106
nmos,0.52u,mos_sf,0.3500,0.6000,3.234005e-05,4.854306e-04,1.770788e-05,3.646190e-14,15.010199,27.413253,2.118888e+09,0.2194,0.1306
nmos,0.52u,mos_sf,0.3700,0.6000,4.300636e-05,5.845109e-04,2.141638e-05,3.827840e-14,13.591267,27.292703,2.430295e+09,0.2194,0.1506
nmos,0.52u,mos_sf,0.3900,0.6000,5.572049e-05,6.897167e-04,2.531835e-05,3.980260e-14,12.378152,27.241771,2.757906e+09,0.2194,0.1706
nmos,0.52u,mos_sf,0.4100,0.6000,7.059503e-05,8.000565e-04,2.940693e-05,4.108500e-14,11.333043,27.206393,3.099256e+09,0.2194,0.1906
nmos,0.52u,mos_sf,0.4300,0.6000,8.772275e-05,9.145588e-04,3.368325e-05,4.217310e-14,10.425560,27.151739,3.451408e+09,0.2194,0.2106
nmos,0.52u,mos_sf,0.4500,0.6000,1.071774e-04,1.032297e-03,3.815311e-05,4.310740e-14,9.631667,27.056693,3.811299e+09,0.2194,0.2306
nmos,0.52u,mos_sf,0.4700,0.6000,1.290146e-04,1.152404e-03,4.282526e-05,4.392050e-14,8.932353,26.909446,4.175972e+09,0.2194,0.2506
nmos,0.52u,mos_sf,0.4900,0.6000,1.532735e-04,1.274072e-03,4.771087e-05,4.463830e-14,8.312409,26.704019,4.542620e+09,0.2194,0.2706
nmos,0.52u,mos_sf,0.5100,0.6000,1.799775e-04,1.396559e-03,5.282350e-05,4.528110e-14,7.759631,26.438214,4.908654e+09,0.2194,0.2906
nmos,0.52u,mos_sf,0.5300,0.6000,2.091359e-04,1.519181e-03,5.817950e-05,4.586490e-14,7.264085,26.111964,5.271682e+09,0.2194,0.3106
nmos,0.52u,mos_sf,0.5500,0.6000,2.407448e-04,1.641311e-03,6.379873e-05,4.640200e-14,6.817638,25.726390,5.629558e+09,0.2194,0.3306
nmos,0.52u,mos_sf,0.5700,0.6000,2.747883e-04,1.762378e-03,6.970538e-05,4.690230e-14,6.413585,25.283242,5.980329e+09,0.2194,0.3506
nmos,0.52u,mos_sf,0.5900,0.6000,3.112399e-04,1.881859e-03,7.592912e-05,4.737370e-14,6.046330,24.784417,6.322224e+09,0.2194,0.3706
nmos,0.52u,mos_sf,0.6100,0.6000,3.500627e-04,1.999279e-03,8.250638e-05,4.782230e-14,5.711203,24.231811,6.653698e+09,0.2194,0.3906
nmos,0.52u,mos_sf,0.6300,0.6000,3.912110e-04,2.114205e-03,8.948193e-05,4.825320e-14,5.404258,23.627173,6.973344e+09,0.2194,0.4106
nmos,0.52u,mos_sf,0.6500,0.6000,4.346309e-04,2.226243e-03,9.691063e-05,4.867030e-14,5.122146,22.972124,7.279955e+09,0.2194,0.4306
nmos,0.52u,mos_sf,0.6700,0.6000,4.802608e-04,2.335033e-03,1.048594e-04,4.907690e-14,4.862010,22.268228,7.572443e+09,0.2194,0.4506
nmos,0.52u,mos_sf,0.6900,0.6000,5.280322e-04,2.440246e-03,1.134093e-04,4.947550e-14,4.621396,21.517160,7.849890e+09,0.2194,0.4706
nmos,0.52u,mos_sf,0.7100,0.6000,5.778706e-04,2.541580e-03,1.226579e-04,4.986850e-14,4.398182,20.720883,8.111433e+09,0.2194,0.4906
nmos,0.52u,mos_sf,0.7300,0.6000,6.296955e-04,2.638757e-03,1.327211e-04,5.025740e-14,4.190529,19.881971,8.356406e+09,0.2194,0.5106
nmos,0.52u,mos_sf,0.7500,0.6000,6.834209e-04,2.731518e-03,1.437352e-04,5.064380e-14,3.996831,19.003821,8.584162e+09,0.2194,0.5306
nmos,0.52u,mos_sf,0.7700,0.6000,7.389562e-04,2.819625e-03,1.558582e-04,5.102890e-14,3.815686,18.090963,8.794179e+09,0.2194,0.5506
nmos,0.52u,mos_sf,0.7900,0.6000,7.962059e-04,2.902855e-03,1.692703e-04,5.141370e-14,3.645860,17.149228,8.986004e+09,0.2194,0.5706
nmos,0.52u,mos_sf,0.8100,0.6000,8.550704e-04,2.981001e-03,1.841739e-04,5.179890e-14,3.486264,16.185795,9.159288e+09,0.2194,0.5906
nmos,0.52u,mos_sf,0.8300,0.6000,9.154459e-04,3.053874e-03,2.007921e-04,5.218540e-14,3.335942,15.209134,9.313700e+09,0.2194,0.6106
nmos,0.52u,mos_sf,0.8500,0.6000,9.772253e-04,3.121303e-03,2.193658e-04,5.257350e-14,3.194046,14.228759,9.449072e+09,0.2194,0.6306
nmos,0.52u,mos_sf,0.8700,0.6000,1.040298e-03,3.183137e-03,2.401501e-04,5.296380e-14,3.059832,13.254781,9.565250e+09,0.2194,0.6506
nmos,0.52u,mos_sf,0.8900,0.6000,1.104551e-03,3.239247e-03,2.634088e-04,5.335650e-14,2.932637,12.297414,9.662219e+09,0.2194,0.6706
nmos,0.52u,mos_sf,0.9100,0.6000,1.169868e-03,3.289532e-03,2.894082e-04,5.375180e-14,2.811883,11.366409,9.740051e+09,0.2194,0.6906
nmos,0.52u,mos_sf,0.9300,0.6000,1.236132e-03,3.333919e-03,3.184107e-04,5.414960e-14,2.697057,10.470499,9.798959e+09,0.2194,0.7106
nmos,0.52u,mos_sf,0.9500,0.6000,1.303225e-03,3.372367e-03,3.506668e-04,5.454970e-14,2.587709,9.617013,9.839264e+09,0.2194,0.7306
nmos,0.52u,mos_sf,0.9700,0.6000,1.371027e-03,3.404870e-03,3.864083e-04,5.495190e-14,2.483445,8.811586,9.861386e+09,0.2194,0.7506
nmos,0.52u,mos_sf,0.9900,0.6000,1.439419e-03,3.431455e-03,4.258417e-04,5.535570e-14,2.383917,8.058053,9.865886e+09,0.2194,0.7706
nmos,0.52u,mos_sf,1.0100,0.6000,1.508285e-03,3.452190e-03,4.691416e-04,5.576060e-14,2.288818,7.358525,9.853429e+09,0.2194,0.7906
nmos,0.52u,mos_sf,1.0300,0.6000,1.577507e-03,3.467174e-03,5.164465e-04,5.616580e-14,2.197882,6.713520,9.824802e+09,0.2194,0.8106
nmos,0.52u,mos_sf,1.0500,0.6000,1.646972e-03,3.476545e-03,5.678548e-04,5.657060e-14,2.110871,6.122243,9.780864e+09,0.2194,0.8306
nmos,0.52u,mos_sf,1.0700,0.6000,1.716569e-03,3.480471e-03,6.234230e-04,5.697420e-14,2.027574,5.582840,9.722544e+09,0.2194,0.8506
nmos,0.52u,mos_sf,1.0900,0.6000,1.786191e-03,3.479149e-03,6.831647e-04,5.737550e-14,1.947803,5.092694,9.650875e+09,0.2194,0.8706
nmos,0.52u,mos_sf,1.1100,0.6000,1.855735e-03,3.472802e-03,7.470516e-04,5.777380e-14,1.871389,4.648678,9.566856e+09,0.2194,0.8906
nmos,0.52u,mos_sf,1.1300,0.6000,1.925103e-03,3.461675e-03,8.150149e-04,5.816810e-14,1.798177,4.247376,9.471561e+09,0.2194,0.9106
nmos,0.52u,mos_sf,1.1500,0.6000,1.994202e-03,3.448222e-03,8.869484e-04,5.855740e-14,1.729124,3.887737,9.372028e+09,0.2194,0.9306
nmos,0.52u,mos_ss,0.0500,0.6000,4.387708e-09,1.080495e-07,3.700746e-09,1.791710e-14,24.625499,29.196681,9.597877e+05,0.2438,-0.1938
nmos,0.52u,mos_ss,0.0700,0.6000,8.291903e-09,2.823701e-07,7.062453e-09,1.788370e-14,34.053715,39.981873,2.512936e+06,0.2438,-0.1738
nmos,0.52u,mos_ss,0.0900,0.6000,1.568251e-08,5.346226e-07,1.348450e-08,1.785810e-14,34.090372,39.647195,4.764663e+06,0.2438,-0.1538
nmos,0.52u,mos_ss,0.1100,0.6000,2.967681e-08,1.012103e-06,2.574996e-08,1.784540e-14,34.104171,39.305032,9.026483e+06,0.2438,-0.1338
nmos,0.52u,mos_ss,0.1300,0.6000,5.616661e-08,1.913991e-06,4.915022e-08,1.785560e-14,34.077025,38.941657,1.706026e+07,0.2438,-0.1138
nmos,0.52u,mos_ss,0.1500,0.6000,1.062364e-07,3.609461e-06,9.367448e-08,1.790700e-14,33.975747,38.531957,3.208039e+07,0.2438,-0.0938
nmos,0.52u,mos_ss,0.1700,0.6000,2.005451e-07,6.766703e-06,1.779192e-07,1.803320e-14,33.741552,38.032450,5.972064e+07,0.2438,-0.0738
nmos,0.52u,mos_ss,0.1900,0.6000,3.769046e-07,1.254262e-05,3.355939e-07,1.829300e-14,33.277970,37.374398,1.091248e+08,0.2438,-0.0538
nmos,0.52u,mos_ss,0.2100,0.6000,7.022499e-07,2.278560e-05,6.248402e-07,1.878280e-14,32.446569,36.466284,1.930724e+08,0.2438,-0.0338
nmos,0.52u,mos_ss,0.2300,0.6000,1.288328e-06,4.006235e-05,1.137277e-06,1.964130e-14,31.096390,35.226554,3.246283e+08,0.2438,-0.0138
nmos,0.52u,mos_ss,0.2500,0.6000,2.304744e-06,6.718403e-05,1.995973e-06,2.102170e-14,29.150322,33.659789,5.086492e+08,0.2438,0.0062
nmos,0.52u,mos_ss,0.2700,0.6000,3.975690e-06,1.061740e-04,3.325794e-06,2.300980e-14,26.705805,31.924407,7.343878e+08,0.2438,0.0262
nmos,0.52u,mos_ss,0.2900,0.6000,6.551705e-06,1.574308e-04,5.197958e-06,2.552340e-14,24.028982,30.287047,9.816831e+08,0.2438,0.0462
nmos,0.52u,mos_ss,0.3100,0.6000,1.027292e-05,2.199945e-04,7.593050e-06,2.830770e-14,21.414992,28.973140,1.236879e+09,0.2438,0.0662
nmos,0.52u,mos_ss,0.3300,0.6000,1.535149e-05,2.925447e-04,1.042319e-05,3.106250e-14,19.056437,28.066715,1.498911e+09,0.2438,0.0862
nmos,0.52u,mos_ss,0.3500,0.6000,2.197471e-05,3.739948e-04,1.358703e-05,3.357430e-14,17.019328,27.525868,1.772878e+09,0.2438,0.1062
nmos,0.52u,mos_ss,0.3700,0.6000,3.031128e-05,4.634453e-04,1.700695e-05,3.575240e-14,15.289532,27.250348,2.063067e+09,0.2438,0.1262
nmos,0.52u,mos_ss,0.3900,0.6000,4.051252e-05,5.599923e-04,2.063646e-05,3.759330e-14,13.822697,27.136064,2.370783e+09,0.2438,0.1462
nmos,0.52u,mos_ss,0.4100,0.6000,5.271097e-05,6.626674e-04,2.445296e-05,3.913620e-14,12.571717,27.099680,2.694865e+09,0.2438,0.1662
nmos,0.52u,mos_ss,0.4300,0.6000,6.701922e-05,7.704691e-04,2.844859e-05,4.043210e-14,11.496241,27.082857,3.032837e+09,0.2438,0.1862
nmos,0.52u,mos_ss,0.4500,0.6000,8.352973e-05,8.824083e-04,3.262378e-05,4.153000e-14,10.564003,27.048009,3.381643e+09,0.2438,0.2062
nmos,0.52u,mos_ss,0.4700,0.6000,1.023155e-04,9.975388e-04,3.698352e-05,4.247170e-14,9.749635,26.972522,3.738095e+09,0.2438,0.2262
nmos,0.52u,mos_ss,0.4900,0.6000,1.234313e-04,1.114972e-03,4.153554e-05,4.329100e-14,9.033138,26.843807,4.099081e+09,0.2438,0.2462
nmos,0.52u,mos_ss,0.5100,0.6000,1.469144e-04,1.233883e-03,4.628960e-05,4.401450e-14,8.398653,26.655728,4.461679e+09,0.2438,0.2662
nmos,0.52u,mos_ss,0.5300,0.6000,1.727866e-04,1.353510e-03,5.125740e-05,4.466310e-14,7.833420,26.406138,4.823172e+09,0.2438,0.2862
nmos,0.52u,mos_ss,0.5500,0.6000,2.010548e-04,1.473157e-03,5.645290e-05,4.525280e-14,7.327142,26.095329,5.181121e+09,0.2438,0.3062
nmos,0.52u,mos_ss,0.5700,0.6000,2.317129e-04,1.592187e-03,6.189284e-05,4.579630e-14,6.871378,25.724898,5.533295e+09,0.2438,0.3262
nmos,0.52u,mos_ss,0.5900,0.6000,2.647423e-04,1.710021e-03,6.759749e-05,4.630350e-14,6.459191,25.297108,5.877705e+09,0.2438,0.3462
nmos,0.52u,mos_ss,0.6100,0.6000,3.001137e-04,1.826138e-03,7.359152e-05,4.678210e-14,6.084821,24.814517,6.212609e+09,0.2438,0.3662
nmos,0.52u,mos_ss,0.6300,0.6000,3.377878e-04,1.940066e-03,7.990507e-05,4.723810e-14,5.743446,24.279636,6.536484e+09,0.2438,0.3862
nmos,0.52u,mos_ss,0.6500,0.6000,3.777164e-04,2.051383e-03,8.657508e-05,4.767630e-14,5.431014,23.694844,6.848009e+09,0.2438,0.4062
nmos,0.52u,mos_ss,0.6700,0.6000,4.198431e-04,2.159710e-03,9.364669e-05,4.810050e-14,5.144088,23.062321,7.146049e+09,0.2438,0.4262
nmos,0.52u,mos_ss,0.6900,0.6000,4.641048e-04,2.264710e-03,1.011749e-04,4.851360e-14,4.879738,22.384109,7.429665e+09,0.2438,0.4462
nmos,0.52u,mos_ss,0.7100,0.6000,5.104315e-04,2.366082e-03,1.092266e-04,4.891810e-14,4.635455,21.662141,7.698043e+09,0.2438,0.4662
nmos,0.52u,mos_ss,0.7300,0.6000,5.587481e-04,2.463557e-03,1.178821e-04,4.931570e-14,4.409066,20.898482,7.950557e+09,0.2438,0.4862
nmos,0.52u,mos_ss,0.7500,0.6000,6.089738e-04,2.556894e-03,1.272375e-04,4.970800e-14,4.198693,20.095444,8.186656e+09,0.2438,0.5062
nmos,0.52u,mos_ss,0.7700,0.6000,6.610238e-04,2.645877e-03,1.374061e-04,5.009620e-14,4.002696,19.255892,8.405915e+09,0.2438,0.5262
nmos,0.52u,mos_ss,0.7900,0.6000,7.148089e-04,2.730311e-03,1.485198e-04,5.048120e-14,3.819638,18.383482,8.608006e+09,0.2438,0.5462
nmos,0.52u,mos_ss,0.8100,0.6000,7.702363e-04,2.810021e-03,1.607303e-04,5.086390e-14,3.648258,17.482833,8.792655e+09,0.2438,0.5662
nmos,0.52u,mos_ss,0.8300,0.6000,8.272098e-04,2.884850e-03,1.742089e-04,5.124500e-14,3.487447,16.559717,8.959667e+09,0.2438,0.5862
nmos,0.52u,mos_ss,0.8500,0.6000,8.856303e-04,2.954654e-03,1.891455e-04,5.162500e-14,3.336216,15.621064,9.108916e+09,0.2438,0.6062
nmos,0.52u,mos_ss,0.8700,0.6000,9.453959e-04,3.019311e-03,2.057472e-04,5.200460e-14,3.193700,14.674858,9.240303e+09,0.2438,0.6262
nmos,0.52u,mos_ss,0.8900,0.6000,1.006403e-03,3.078713e-03,2.242350e-04,5.238390e-14,3.059125,13.729850,9.353874e+09,0.2438,0.6462
nmos,0.52u,mos_ss,0.9100,0.6000,1.068544e-03,3.132772e-03,2.448398e-04,5.276350e-14,2.931814,12.795191,9.449641e+09,0.2438,0.6662
nmos,0.52u,mos_ss,0.9300,0.6000,1.131714e-03,3.181421e-03,2.677975e-04,5.314360e-14,2.811153,11.879950,9.527749e+09,0.2438,0.6862
nmos,0.52u,mos_ss,0.9500,0.6000,1.195801e-03,3.224618e-03,2.933432e-04,5.352420e-14,2.696618,10.992646,9.588446e+09,0.2438,0.7062
nmos,0.52u,mos_ss,0.9700,0.6000,1.260698e-03,3.262342e-03,3.217056e-04,5.390540e-14,2.587727,10.140768,9.632019e+09,0.2438,0.7262
nmos,0.52u,mos_ss,0.9900,0.6000,1.326295e-03,3.294603e-03,3.531001e-04,5.428710e-14,2.484065,9.330507,9.658876e+09,0.2438,0.7462
nmos,0.52u,mos_ss,1.0100,0.6000,1.392482e-03,3.321436e-03,3.877238e-04,5.466910e-14,2.385263,8.566500,9.669502e+09,0.2438,0.7662
nmos,0.52u,mos_ss,1.0300,0.6000,1.459152e-03,3.342906e-03,4.257492e-04,5.505110e-14,2.290992,7.851820,9.664476e+09,0.2438,0.7862
nmos,0.52u,mos_ss,1.0500,0.6000,1.526199e-03,3.359106e-03,4.673204e-04,5.543270e-14,2.200962,7.188015,9.644458e+09,0.2438,0.8062
nmos,0.52u,mos_ss,1.0700,0.6000,1.593517e-03,3.370157e-03,5.125493e-04,5.581330e-14,2.114918,6.575284,9.610203e+09,0.2438,0.8262
nmos,0.52u,mos_ss,1.0900,0.6000,1.661005e-03,3.376206e-03,5.615130e-04,5.619240e-14,2.032628,6.012694,9.562501e+09,0.2438,0.8462
nmos,0.52u,mos_ss,1.1100,0.6000,1.728565e-03,3.377423e-03,6.142527e-04,5.656930e-14,1.953888,5.498426,9.502213e+09,0.2438,0.8662
nmos,0.52u,mos_ss,1.1300,0.6000,1.796102e-03,3.374001e-03,6.707736e-04,5.694330e-14,1.878513,5.030015,9.430239e+09,0.2438,0.8862
nmos,0.52u,mos_ss,1.1500,0.6000,1.863525e-03,3.368308e-03,7.310455e-04,5.731370e-14,1.807493,4.607522,9.353486e+09,0.2438,0.9062
nmos,0.52u,mos_tt,0.0500,0.6000,2.260849e-08,5.554075e-07,1.877073e-08,1.829090e-14,24.566324,29.589020,4.832777e+06,0.1950,-0.1450
nmos,0.52u,mos_tt,0.0700,0.6000,4.222630e-08,1.406373e-06,3.539087e-08,1.828530e-14,33.305618,39.738300,1.224105e+07,0.1950,-0.1250
nmos,0.52u,mos_tt,0.0900,0.6000,7.886343e-08,2.622996e-06,6.667903e-08,1.830990e-14,33.259979,39.337645,2.279984e+07,0.1950,-0.1050
nmos,0.52u,mos_tt,0.1100,0.6000,1.471462e-07,4.874288e-06,1.253717e-07,1.838830e-14,33.125477,38.878694,4.218808e+07,0.1950,-0.0850
nmos,0.52u,mos_tt,0.1300,0.6000,2.738349e-07,8.991569e-06,2.346922e-07,1.856270e-14,32.835731,38.312177,7.709291e+07,0.1950,-0.0650
nmos,0.52u,mos_tt,0.1500,0.6000,5.068089e-07,1.636337e-05,4.356057e-07,1.890440e-14,32.287061,37.564637,1.377622e+08,0.1950,-0.0450
nmos,0.52u,mos_tt,0.1700,0.6000,9.283698e-07,2.909785e-05,7.961370e-07,1.952400e-14,31.342952,36.548798,2.371987e+08,0.1950,-0.0250
nmos,0.52u,mos_tt,0.1900,0.6000,1.670723e-06,4.991641e-05,1.417761e-06,2.056780e-14,29.877131,35.207916,3.862564e+08,0.1950,-0.0050
nmos,0.52u,mos_tt,0.2100,0.6000,2.925026e-06,8.150022e-05,2.426250e-06,2.217250e-14,27.863075,33.591023,5.850113e+08,0.1950,0.0150
nmos,0.52u,mos_tt,0.2300,0.6000,4.930732e-06,1.254563e-04,3.934238e-06,2.437380e-14,25.443748,31.888335,8.191989e+08,0.1950,0.0350
nmos,0.52u,mos_tt,0.2500,0.6000,7.943278e-06,1.817773e-04,5.989285e-06,2.703020e-14,22.884419,30.350417,1.070312e+09,0.1950,0.0550
nmos,0.52u,mos_tt,0.2700,0.6000,1.220182e-05,2.493682e-04,8.553808e-06,2.986370e-14,20.436968,29.152887,1.328977e+09,0.1950,0.0750
nmos,0.52u,mos_tt,0.2900,0.6000,1.791800e-05,3.269576e-04,1.153807e-05,3.259770e-14,18.247438,28.337287,1.596337e+09,0.1950,0.0950
nmos,0.52u,mos_tt,0.3100,0.6000,2.528013e-05,4.134937e-04,1.484954e-05,3.505730e-14,16.356470,27.845556,1.877200e+09,0.1950,0.1150
nmos,0.52u,mos_tt,0.3300,0.6000,3.445775e-05,5.080545e-04,1.842036e-05,3.717960e-14,14.744274,27.581138,2.174832e+09,0.1950,0.1350
nmos,0.52u,mos_tt,0.3500,0.6000,4.560231e-05,6.097077e-04,2.221050e-05,3.897390e-14,13.370106,27.451327,2.489820e+09,0.1950,0.1550
nmos,0.52u,mos_tt,0.3700,0.6000,5.884606e-05,7.174805e-04,2.620080e-05,4.048170e-14,12.192499,27.383916,2.820795e+09,0.1950,0.1750
nmos,0.52u,mos_tt,0.3900,0.6000,7.430153e-05,8.303905e-04,3.038525e-05,4.175240e-14,11.175954,27.328737,3.165345e+09,0.1950,0.1950
nmos,0.52u,mos_tt,0.4100,0.6000,9.206168e-05,9.474809e-04,3.476563e-05,4.283230e-14,10.291805,27.253379,3.520620e+09,0.1950,0.2150
nmos,0.52u,mos_tt,0.4300,0.6000,1.122008e-04,1.067843e-03,3.934848e-05,4.376050e-14,9.517249,27.138100,3.883696e+09,0.1950,0.2350
nmos,0.52u,mos_tt,0.4500,0.6000,1.347754e-04,1.190627e-03,4.414359e-05,4.456870e-14,8.834157,26.971685,4.251732e+09,0.1950,0.2550
nmos,0.52u,mos_tt,0.4700,0.6000,1.598258e-04,1.315044e-03,4.916353e-05,4.528200e-14,8.227983,26.748364,4.622052e+09,0.1950,0.2750
nmos,0.52u,mos_tt,0.4900,0.6000,1.873771e-04,1.440365e-03,5.442372e-05,4.592030e-14,7.686985,26.465758,4.992154e+09,0.1950,0.2950
nmos,0.52u,mos_tt,0.5100,0.6000,2.174404e-04,1.565921e-03,5.994301e-05,4.649920e-14,7.201610,26.123496,5.359750e+09,0.1950,0.3150
nmos,0.52u,mos_tt,0.5300,0.6000,2.500140e-04,1.691095e-03,6.574442e-05,4.703110e-14,6.764001,25.722259,5.722727e+09,0.1950,0.3350
nmos,0.52u,mos_tt,0.5500,0.6000,2.850842e-04,1.815322e-03,7.185628e-05,4.752580e-14,6.367670,25.263234,6.079171e+09,0.1950,0.3550
nmos,0.52u,mos_tt,0.5700,0.6000,3.226269e-04,1.938080e-03,7.831350e-05,4.799120e-14,6.007187,24.747713,6.427324e+09,0.1950,0.3750
nmos,0.52u,mos_tt,0.5900,0.6000,3.626075e-04,2.058892e-03,8.515921e-05,4.843360e-14,5.678018,24.176974,6.765610e+09,0.1950,0.3950
nmos,0.52u,mos_tt,0.6100,0.6000,4.049825e-04,2.177315e-03,9.244657e-05,4.885820e-14,5.376319,23.552145,7.092575e+09,0.1950,0.4150
nmos,0.52u,mos_tt,0.6300,0.6000,4.497000e-04,2.292941e-03,1.002409e-04,4.926920e-14,5.098824,22.874306,7.406917e+09,0.1950,0.4350
nmos,0.52u,mos_tt,0.6500,0.6000,4.967001e-04,2.405389e-03,1.086221e-04,4.967020e-14,4.842739,22.144564,7.707429e+09,0.1950,0.4550
nmos,0.52u,mos_tt,0.6700,0.6000,5.459156e-04,2.514305e-03,1.176868e-04,5.006400e-14,4.605666,21.364376,7.993050e+09,0.1950,0.4750
nmos,0.52u,mos_tt,0.6900,0.6000,5.972723e-04,2.619354e-03,1.275513e-04,5.045310e-14,4.385527,20.535690,8.262785e+09,0.1950,0.4950
nmos,0.52u,mos_tt,0.7100,0.6000,6.506898e-04,2.720222e-03,1.383535e-04,5.083950e-14,4.180520,19.661389,8.515756e+09,0.1950,0.5150
nmos,0.52u,mos_tt,0.7300,0.6000,7.060812e-04,2.816606e-03,1.502550e-04,5.122480e-14,3.989068,18.745506,8.751167e+09,0.1950,0.5350
nmos,0.52u,mos_tt,0.7500,0.6000,7.633540e-04,2.908224e-03,1.634424e-04,5.161060e-14,3.809797,17.793571,8.968278e+09,0.1950,0.5550
nmos,0.52u,mos_tt,0.7700,0.6000,8.224102e-04,2.994803e-03,1.781275e-04,5.199800e-14,3.641495,16.812693,9.166462e+09,0.1950,0.5750
nmos,0.52u,mos_tt,0.7900,0.6000,8.831461e-04,3.076086e-03,1.945471e-04,5.238810e-14,3.483100,15.811523,9.345143e+09,0.1950,0.5950
nmos,0.52u,mos_tt,0.8100,0.6000,9.454536e-04,3.151834e-03,2.129598e-04,5.278150e-14,3.333674,14.800136,9.503897e+09,0.1950,0.6150
nmos,0.52u,mos_tt,0.8300,0.6000,1.009220e-03,3.221827e-03,2.336436e-04,5.317900e-14,3.192393,13.789494,9.642334e+09,0.1950,0.6350
nmos,0.52u,mos_tt,0.8500,0.6000,1.074327e-03,3.285866e-03,2.568895e-04,5.358090e-14,3.058534,12.790970,9.760228e+09,0.1950,0.6550
nmos,0.52u,mos_tt,0.8700,0.6000,1.140654e-03,3.343781e-03,2.829960e-04,5.398740e-14,2.931459,11.815648,9.857472e+09,0.1950,0.6750
nmos,0.52u,mos_tt,0.8900,0.6000,1.208078e-03,3.395434e-03,3.122606e-04,5.439860e-14,2.810608,10.873719,9.934081e+09,0.1950,0.6950
nmos,0.52u,mos_tt,0.9100,0.6000,1.276472e-03,3.440722e-03,3.449723e-04,5.481430e-14,2.695494,9.973908,9.990238e+09,0.1950,0.7150
nmos,0.52u,mos_tt,0.9300,0.6000,1.345707e-03,3.479582e-03,3.814022e-04,5.523410e-14,2.585691,9.123130,1.002628e+10,0.1950,0.7350
nmos,0.52u,mos_tt,0.9500,0.6000,1.415655e-03,3.511992e-03,4.217958e-04,5.565760e-14,2.480825,8.326285,1.004267e+10,0.1950,0.7550
nmos,0.52u,mos_tt,0.9700,0.6000,1.486187e-03,3.537979e-03,4.663648e-04,5.608390e-14,2.380575,7.586291,1.004008e+10,0.1950,0.7750
nmos,0.52u,mos_tt,0.9900,0.6000,1.557174e-03,3.557609e-03,5.152811e-04,5.651240e-14,2.284657,6.904210,1.001924e+10,0.1950,0.7950
nmos,0.52u,mos_tt,1.0100,0.6000,1.628491e-03,3.570997e-03,5.686717e-04,5.694190e-14,2.192826,6.279541,9.981083e+09,0.1950,0.8150
nmos,0.52u,mos_tt,1.0300,0.6000,1.700014e-03,3.578299e-03,6.266149e-04,5.737140e-14,2.104864,5.710523,9.926618e+09,0.1950,0.8350
nmos,0.52u,mos_tt,1.0500,0.6000,1.771623e-03,3.579707e-03,6.891394e-04,5.779980e-14,2.020581,5.194460,9.856921e+09,0.1950,0.8550
nmos,0.52u,mos_tt,1.0700,0.6000,1.843202e-03,3.575453e-03,7.562240e-04,5.822590e-14,1.939805,4.728034,9.773160e+09,0.1950,0.8750
nmos,0.52u,mos_tt,1.0900,0.6000,1.914641e-03,3.565795e-03,8.277993e-04,5.864860e-14,1.862383,4.307560,9.676512e+09,0.1950,0.8950
nmos,0.52u,mos_tt,1.1100,0.6000,1.985834e-03,3.551018e-03,9.037509e-04,5.906680e-14,1.788175,3.929200,9.568185e+09,0.1950,0.9150
nmos,0.52u,mos_tt,1.1300,0.6000,2.056682e-03,3.531425e-03,9.839232e-04,5.947940e-14,1.717050,3.589127,9.449385e+09,0.1950,0.9350
nmos,0.52u,mos_tt,1.1500,0.6000,2.127091e-03,3.509501e-03,1.068125e-03,5.988530e-14,1.649906,3.285665,9.327071e+09,0.1950,0.9550
nmos,1.04u,mos_ff,0.0500,0.6000,9.639924e-08,2.429020e-06,6.524980e-08,2.669000e-14,25.197502,37.226474,1.448447e+07,0.1253,-0.0753
nmos,1.04u,mos_ff,0.0700,0.6000,1.803454e-07,5.965594e-06,1.228046e-07,2.724140e-14,33.078715,48.577936,3.485334e+07,0.1253,-0.0553
nmos,1.04u,mos_ff,0.0900,0.6000,3.350230e-07,1.085092e-05,2.285937e-07,2.831060e-14,32.388582,47.468150,6.100109e+07,0.1253,-0.0353
nmos,1.04u,mos_ff,0.1100,0.6000,6.143823e-07,1.919423e-05,4.172711e-07,3.020860e-14,31.241509,45.999423,1.011254e+08,0.1253,-0.0153
nmos,1.04u,mos_ff,0.1300,0.6000,1.102792e-06,3.257825e-05,7.378224e-07,3.328390e-14,29.541609,44.154596,1.557807e+08,0.1253,0.0047
nmos,1.04u,mos_ff,0.1500,0.6000,1.917512e-06,5.240691e-05,1.245616e-06,3.774330e-14,27.330682,42.073087,2.209881e+08,0.1253,0.0247
nmos,1.04u,mos_ff,0.1700,0.6000,3.199069e-06,7.937267e-05,1.983113e-06,4.342470e-14,24.811178,40.024280,2.909071e+08,0.1253,0.0447
nmos,1.04u,mos_ff,0.1900,0.6000,5.092419e-06,1.133050e-04,2.961331e-06,4.976950e-14,22.249740,38.261511,3.623314e+08,0.1253,0.0647
nmos,1.04u,mos_ff,0.2100,0.6000,7.731269e-06,1.535030e-04,4.159493e-06,5.609340e-14,19.854826,36.904257,4.355372e+08,0.1253,0.0847
nmos,1.04u,mos_ff,0.2300,0.6000,1.123254e-05,1.991489e-04,5.541424e-06,6.189150e-14,17.729641,35.938217,5.121145e+08,0.1253,0.1047
nmos,1.04u,mos_ff,0.2500,0.6000,1.569723e-05,2.494969e-04,7.072157e-06,6.693460e-14,15.894327,35.278756,5.932457e+08,0.1253,0.1247
nmos,1.04u,mos_ff,0.2700,0.6000,2.121242e-05,3.038881e-04,8.725557e-06,7.119870e-14,14.325951,34.827358,6.793002e+08,0.1253,0.1447
nmos,1.04u,mos_ff,0.2900,0.6000,2.785275e-05,3.617259e-04,1.048488e-05,7.476310e-14,12.987080,34.499765,7.700385e+08,0.1253,0.1647
nmos,1.04u,mos_ff,0.3100,0.6000,3.568145e-05,4.224620e-04,1.234063e-05,7.773980e-14,11.839822,34.233422,8.648969e+08,0.1253,0.1847
nmos,1.04u,mos_ff,0.3300,0.6000,4.475123e-05,4.855923e-04,1.428822e-05,8.023900e-14,10.850926,33.985500,9.631777e+08,0.1253,0.2047
nmos,1.04u,mos_ff,0.3500,0.6000,5.510515e-05,5.506555e-04,1.632623e-05,8.235560e-14,9.992814,33.728270,1.064160e+09,0.1253,0.2247
nmos,1.04u,mos_ff,0.3700,0.6000,6.677745e-05,6.172314e-04,1.845532e-05,8.416700e-14,9.243111,33.444633,1.167149e+09,0.1253,0.2447
nmos,1.04u,mos_ff,0.3900,0.6000,7.979440e-05,6.849388e-04,2.067763e-05,8.573470e-14,8.583795,33.124628,1.271497e+09,0.1253,0.2647
nmos,1.04u,mos_ff,0.4100,0.6000,9.417500e-05,7.534326e-04,2.299654e-05,8.710680e-14,8.000346,32.762868,1.376615e+09,0.1253,0.2847
nmos,1.04u,mos_ff,0.4300,0.6000,1.099317e-04,8.224000e-04,2.541661e-05,8.832110e-14,7.481009,32.356793,1.481968e+09,0.1253,0.3047
nmos,1.04u,mos_ff,0.4500,0.6000,1.270710e-04,8.915581e-04,2.794383e-05,8.940760e-14,7.016220,31.905365,1.587067e+09,0.1253,0.3247
nmos,1.04u,mos_ff,0.4700,0.6000,1.455940e-04,9.606496e-04,3.058593e-05,9.038990e-14,6.598140,31.408219,1.691474e+09,0.1253,0.3447
nmos,1.04u,mos_ff,0.4900,0.6000,1.654970e-04,1.029440e-03,3.335290e-05,9.128720e-14,6.220294,30.865082,1.794780e+09,0.1253,0.3647
nmos,1.04u,mos_ff,0.5100,0.6000,1.867716e-04,1.097715e-03,3.625775e-05,9.211500e-14,5.877312,30.275320,1.896616e+09,0.1253,0.3847
nmos,1.04u,mos_ff,0.5300,0.6000,2.094056e-04,1.165275e-03,3.931740e-05,9.288640e-14,5.564679,29.637641,1.996625e+09,0.1253,0.4047
nmos,1.04u,mos_ff,0.5500,0.6000,2.333826e-04,1.231935e-03,4.255393e-05,9.361250e-14,5.278607,28.949970,2.094470e+09,0.1253,0.4247
nmos,1.04u,mos_ff,0.5700,0.6000,2.586830e-04,1.297518e-03,4.599606e-05,9.430290e-14,5.015861,28.209329,2.189820e+09,0.1253,0.4447
nmos,1.04u,mos_ff,0.5900,0.6000,2.852834e-04,1.361854e-03,4.968109e-05,9.496630e-14,4.773688,27.411919,2.282344e+09,0.1253,0.4647
nmos,1.04u,mos_ff,0.6100,0.6000,3.131572e-04,1.424776e-03,5.365723e-05,9.561070e-14,4.549715,26.553290,2.371703e+09,0.1253,0.4847
nmos,1.04u,mos_ff,0.6300,0.6000,3.422744e-04,1.486115e-03,5.798649e-05,9.624350e-14,4.341882,25.628642,2.457543e+09,0.1253,0.5047
nmos,1.04u,mos_ff,0.6500,0.6000,3.726018e-04,1.545696e-03,6.274808e-05,9.687210e-14,4.148386,24.633359,2.539484e+09,0.1253,0.5247
nmos,1.04u,mos_ff,0.6700,0.6000,4.041023e-04,1.603336e-03,6.804246e-05,9.750350e-14,3.967649,23.563757,2.617125e+09,0.1253,0.5447
nmos,1.04u,mos_ff,0.6900,0.6000,4.367352e-04,1.658840e-03,7.399582e-05,9.814470e-14,3.798274,22.418023,2.690034e+09,0.1253,0.5647
nmos,1.04u,mos_ff,0.7100,0.6000,4.704559e-04,1.711994e-03,8.076499e-05,9.880280e-14,3.639011,21.197229,2.757739e+09,0.1253,0.5847
nmos,1.04u,mos_ff,0.7300,0.6000,5.052150e-04,1.762564e-03,8.854218e-05,9.948470e-14,3.488740,19.906490,2.819738e+09,0.1253,0.6047
nmos,1.04u,mos_ff,0.7500,0.6000,5.409584e-04,1.810295e-03,9.755919e-05,1.001970e-13,3.346459,18.555863,2.875509e+09,0.1253,0.6247
nmos,1.04u,mos_ff,0.7700,0.6000,5.776268e-04,1.854910e-03,1.080900e-04,1.009470e-13,3.211260,17.160792,2.924486e+09,0.1253,0.6447
nmos,1.04u,mos_ff,0.7900,0.6000,6.151548e-04,1.896112e-03,1.204507e-04,1.017410e-13,3.082333,15.741810,2.966116e+09,0.1253,0.6647
nmos,1.04u,mos_ff,0.8100,0.6000,6.534712e-04,1.933593e-03,1.349961e-04,1.025830e-13,2.958957,14.323325,2.999921e+09,0.1253,0.6847
nmos,1.04u,mos_ff,0.8300,0.6000,6.924985e-04,1.967038e-03,1.521107e-04,1.034790e-13,2.840494,12.931622,3.025385e+09,0.1253,0.7047
nmos,1.04u,mos_ff,0.8500,0.6000,7.321528e-04,1.996145e-03,1.721951e-04,1.044310e-13,2.726405,11.592345,3.042165e+09,0.1253,0.7247
nmos,1.04u,mos_ff,0.8700,0.6000,7.723443e-04,2.020639e-03,1.956471e-04,1.054400e-13,2.616241,10.327978,3.050025e+09,0.1253,0.7447
nmos,1.04u,mos_ff,0.8900,0.6000,8.129783e-04,2.040286e-03,2.228390e-04,1.065050e-13,2.509644,9.155875,3.048886e+09,0.1253,0.7647
nmos,1.04u,mos_ff,0.9100,0.6000,8.539558e-04,2.054919e-03,2.540928e-04,1.076230e-13,2.406353,8.087278,3.038853e+09,0.1253,0.7847
nmos,1.04u,mos_ff,0.9300,0.6000,8.951750e-04,2.064444e-03,2.896573e-04,1.087890e-13,2.306190,7.127195,3.020218e+09,0.1253,0.8047
nmos,1.04u,mos_ff,0.9500,0.6000,9.365335e-04,2.068856e-03,3.296891e-04,1.099940e-13,2.209057,6.275173,2.993515e+09,0.1253,0.8247
nmos,1.04u,mos_ff,0.9700,0.6000,9.779293e-04,2.068240e-03,3.742397e-04,1.112300e-13,2.114918,5.526511,2.959369e+09,0.1253,0.8447
nmos,1.04u,mos_ff,0.9900,0.6000,1.019263e-03,2.062770e-03,4.232515e-04,1.124860e-13,2.023786,4.873627,2.918586e+09,0.1253,0.8647
nmos,1.04u,mos_ff,1.0100,0.6000,1.060440e-03,2.052697e-03,4.765616e-04,1.137520e-13,1.935703,4.307307,2.872010e+09,0.1253,0.8847
nmos,1.04u,mos_ff,1.0300,0.6000,1.101371e-03,2.038338e-03,5.339127e-04,1.150170e-13,1.850728,3.817736,2.820553e+09,0.1253,0.9047
nmos,1.04u,mos_ff,1.0500,0.6000,1.141974e-03,2.020058e-03,5.949698e-04,1.162700e-13,1.768918,3.395228,2.765135e+09,0.1253,0.9247
nmos,1.04u,mos_ff,1.0700,0.6000,1.182173e-03,1.998253e-03,6.593399e-04,1.175020e-13,1.690322,3.030687,2.706608e+09,0.1253,0.9447
nmos,1.04u,mos_ff,1.0900,0.6000,1.221904e-03,1.973333e-03,7.265927e-04,1.187050e-13,1.614966,2.715872,2.645766e+09,0.1253,0.9647
nmos,1.04u,mos_ff,1.1100,0.6000,1.261107e-03,1.945708e-03,7.962799e-04,1.198720e-13,1.542857,2.443498,2.583331e+09,0.1253,0.9847
nmos,1.04u,mos_ff,1.1300,0.6000,1.299732e-03,1.915772e-03,8.679524e-04,1.209990e-13,1.473975,2.207232,2.519893e+09,0.1253,1.0047
nmos,1.04u,mos_ff,1.1500,0.6000,1.337738e-03,1.884778e-03,9.411746e-04,1.220810e-13,1.408929,2.002581,2.457153e+09,0.1253,1.0247
nmos,1.04u,mos_fs,0.0500,0.6000,5.082778e-08,1.268009e-06,3.490207e-08,2.614210e-14,24.947165,36.330481,7.719728e+06,0.1456,-0.0956
nmos,1.04u,mos_fs,0.0700,0.6000,9.550476e-08,3.199690e-06,6.610816e-08,2.638900e-14,33.502937,48.400833,1.929768e+07,0.1456,-0.0756
nmos,1.04u,mos_fs,0.0900,0.6000,1.788154e-07,5.922208e-06,1.244765e-07,2.693370e-14,33.119116,47.576916,3.499514e+07,0.1456,-0.0556
nmos,1.04u,mos_fs,0.1100,0.6000,3.323931e-07,1.077445e-05,2.317458e-07,2.798930e-14,32.414782,46.492536,6.126652e+07,0.1456,-0.0356
nmos,1.04u,mos_fs,0.1300,0.6000,6.097934e-07,1.905445e-05,4.229177e-07,2.986290e-14,31.247386,45.054747,1.015511e+08,0.1456,-0.0156
nmos,1.04u,mos_fs,0.1500,0.6000,1.094571e-06,3.231472e-05,7.471584e-07,3.289870e-14,29.522726,43.250160,1.563298e+08,0.1456,0.0044
nmos,1.04u,mos_fs,0.1700,0.6000,1.902382e-06,5.191226e-05,1.259324e-06,3.729960e-14,27.288032,41.222322,2.215062e+08,0.1456,0.0244
nmos,1.04u,mos_fs,0.1900,0.6000,3.171062e-06,7.849088e-05,2.000194e-06,4.290290e-14,24.752238,39.241634,2.911741e+08,0.1456,0.0444
nmos,1.04u,mos_fs,0.2100,0.6000,5.042017e-06,1.118565e-04,2.978284e-06,4.915450e-14,22.184872,37.557365,3.621747e+08,0.1456,0.0644
nmos,1.04u,mos_fs,0.2300,0.6000,7.645320e-06,1.513212e-04,4.170678e-06,5.537880e-14,19.792657,36.282158,4.348869e+08,0.1456,0.0844
nmos,1.04u,mos_fs,0.2500,0.6000,1.109487e-05,1.961024e-04,5.540312e-06,6.107970e-14,17.675052,35.395552,5.109826e+08,0.1456,0.1044
nmos,1.04u,mos_fs,0.2700,0.6000,1.548942e-05,2.454898e-04,7.052490e-06,6.603380e-14,15.848870,34.808954,5.916806e+08,0.1456,0.1244
nmos,1.04u,mos_fs,0.2900,0.6000,2.091446e-05,2.988507e-04,8.681939e-06,7.021970e-14,14.289190,34.422115,6.773536e+08,0.1456,0.1444
nmos,1.04u,mos_fs,0.3100,0.6000,2.744344e-05,3.556063e-04,1.041288e-05,7.371690e-14,12.957789,34.150619,7.677548e+08,0.1456,0.1644
nmos,1.04u,mos_fs,0.3300,0.6000,3.513871e-05,4.152212e-04,1.223664e-05,7.663660e-14,11.816632,33.932615,8.623100e+08,0.1456,0.1844
nmos,1.04u,mos_fs,0.3500,0.6000,4.405229e-05,4.772012e-04,1.414925e-05,7.908760e-14,10.832608,33.726254,9.603140e+08,0.1456,0.2044
nmos,1.04u,mos_fs,0.3700,0.6000,5.422676e-05,5.410934e-04,1.614972e-05,8.116350e-14,9.978346,33.504816,1.061040e+09,0.1456,0.2244
nmos,1.04u,mos_fs,0.3900,0.6000,6.569603e-05,6.064854e-04,1.823899e-05,8.294060e-14,9.231690,33.252137,1.163786e+09,0.1456,0.2444
nmos,1.04u,mos_fs,0.4100,0.6000,7.848617e-05,6.730024e-04,2.041935e-05,8.447920e-14,8.574790,32.959051,1.267906e+09,0.1456,0.2644
nmos,1.04u,mos_fs,0.4300,0.6000,9.261613e-05,7.403047e-04,2.269419e-05,8.582670e-14,7.993259,32.620891,1.372803e+09,0.1456,0.2844
nmos,1.04u,mos_fs,0.4500,0.6000,1.080984e-04,8.080847e-04,2.506805e-05,8.702040e-14,7.475455,32.235643,1.477937e+09,0.1456,0.3044
nmos,1.04u,mos_fs,0.4700,0.6000,1.249395e-04,8.760631e-04,2.754675e-05,8.808940e-14,7.011899,31.802775,1.582821e+09,0.1456,0.3244
nmos,1.04u,mos_fs,0.4900,0.6000,1.431409e-04,9.439861e-04,3.013774e-05,8.905710e-14,6.594803,31.322392,1.687008e+09,0.1456,0.3444
nmos,1.04u,mos_fs,0.5100,0.6000,1.626990e-04,1.011622e-03,3.285064e-05,8.994210e-14,6.217752,30.794590,1.790092e+09,0.1456,0.3644
nmos,1.04u,mos_fs,0.5300,0.6000,1.836058e-04,1.078759e-03,3.569785e-05,9.075970e-14,5.875408,30.219159,1.891697e+09,0.1456,0.3844
nmos,1.04u,mos_fs,0.5500,0.6000,2.058493e-04,1.145199e-03,3.869546e-05,9.152270e-14,5.563288,29.595177,1.991463e+09,0.1456,0.4044
nmos,1.04u,mos_fs,0.5700,0.6000,2.294137e-04,1.210760e-03,4.186437e-05,9.224180e-14,5.277627,28.921013,2.089058e+09,0.1456,0.4244
nmos,1.04u,mos_fs,0.5900,0.6000,2.542797e-04,1.275268e-03,4.523168e-05,9.292640e-14,5.015217,28.194133,2.184150e+09,0.1456,0.4444
nmos,1.04u,mos_fs,0.6100,0.6000,2.804245e-04,1.338557e-03,4.883243e-05,9.358490e-14,4.773324,27.411231,2.276414e+09,0.1456,0.4644
nmos,1.04u,mos_fs,0.6300,0.6000,3.078220e-04,1.400462e-03,5.271180e-05,9.422490e-14,4.549584,26.568283,2.365515e+09,0.1456,0.4844
nmos,1.04u,mos_fs,0.6500,0.6000,3.364429e-04,1.460820e-03,5.692772e-05,9.485360e-14,4.341955,25.660961,2.451111e+09,0.1456,0.5044
nmos,1.04u,mos_fs,0.6700,0.6000,3.662548e-04,1.519464e-03,6.155401e-05,9.547800e-14,4.148653,24.685053,2.532837e+09,0.1456,0.5244
nmos,1.04u,mos_fs,0.6900,0.6000,3.972215e-04,1.576221e-03,6.668413e-05,9.610460e-14,3.968116,23.637123,2.610316e+09,0.1456,0.5444
nmos,1.04u,mos_fs,0.7100,0.6000,4.293036e-04,1.630903e-03,7.243536e-05,9.674020e-14,3.798950,22.515288,2.683127e+09,0.1456,0.5644
nmos,1.04u,mos_fs,0.7300,0.6000,4.624576e-04,1.683311e-03,7.895335e-05,9.739130e-14,3.639925,21.320324,2.750834e+09,0.1456,0.5844
nmos,1.04u,mos_fs,0.7500,0.6000,4.966360e-04,1.733227e-03,8.641670e-05,9.806440e-14,3.489934,20.056621,2.812964e+09,0.1456,0.6044
nmos,1.04u,mos_fs,0.7700,0.6000,5.317867e-04,1.780414e-03,9.504103e-05,9.876590e-14,3.347985,18.733109,2.869024e+09,0.1456,0.6244
nmos,1.04u,mos_fs,0.7900,0.6000,5.678526e-04,1.824614e-03,1.050817e-04,9.950210e-14,3.213182,17.363766,2.918495e+09,0.1456,0.6444
nmos,1.04u,mos_fs,0.8100,0.6000,6.047713e-04,1.865552e-03,1.168343e-04,1.002790e-13,3.084723,15.967503,2.960857e+09,0.1456,0.6644
nmos,1.04u,mos_fs,0.8300,0.6000,6.424747e-04,1.902940e-03,1.306318e-04,1.011000e-13,2.961891,14.567203,2.995671e+09,0.1456,0.6844
nmos,1.04u,mos_fs,0.8500,0.6000,6.808888e-04,1.936485e-03,1.468371e-04,1.019720e-13,2.844055,13.187982,3.022410e+09,0.1456,0.7044
nmos,1.04u,mos_fs,0.8700,0.6000,7.199340e-04,1.965903e-03,1.658311e-04,1.028950e-13,2.730671,11.854851,3.040801e+09,0.1456,0.7244
nmos,1.04u,mos_fs,0.8900,0.6000,7.595250e-04,1.990931e-03,1.879953e-04,1.038720e-13,2.621284,10.590323,3.050548e+09,0.1456,0.7444
nmos,1.04u,mos_fs,0.9100,0.6000,7.995713e-04,2.011347e-03,2.136912e-04,1.049020e-13,2.515532,9.412400,3.051570e+09,0.1456,0.7644
nmos,1.04u,mos_fs,0.9300,0.6000,8.399788e-04,2.026983e-03,2.432371e-04,1.059810e-13,2.413136,8.333363,3.043983e+09,0.1456,0.7844
nmos,1.04u,mos_fs,0.9500,0.6000,8.806506e-04,2.037739e-03,2.768865e-04,1.071050e-13,2.313902,7.359474,3.028021e+09,0.1456,0.8044
nmos,1.04u,mos_fs,0.9700,0.6000,9.214884e-04,2.043599e-03,3.148090e-04,1.082670e-13,2.217715,6.491552,3.004137e+09,0.1456,0.8244
nmos,1.04u,mos_fs,0.9900,0.6000,9.623946e-04,2.044626e-03,3.570773e-04,1.094590e-13,2.124519,5.726004,2.972915e+09,0.1456,0.8444
nmos,1.04u,mos_fs,1.0100,0.6000,1.003273e-03,2.040969e-03,4.036620e-04,1.106710e-13,2.034311,5.056134,2.935099e+09,0.1456,0.8644
nmos,1.04u,mos_fs,1.0300,0.6000,1.044033e-03,2.032850e-03,4.544333e-04,1.118930e-13,1.947113,4.473374,2.891496e+09,0.1456,0.8844
nmos,1.04u,mos_fs,1.0500,0.6000,1.084587e-03,2.020555e-03,5.091701e-04,1.131150e-13,1.862972,3.968330,2.842959e+09,0.1456,0.9044
nmos,1.04u,mos_fs,1.0700,0.6000,1.124856e-03,2.004416e-03,5.675746e-04,1.143270e-13,1.781931,3.531546,2.790353e+09,0.1456,0.9244
nmos,1.04u,mos_fs,1.0900,0.6000,1.164764e-03,1.984800e-03,6.292900e-04,1.155200e-13,1.704036,3.154031,2.734511e+09,0.1456,0.9444
nmos,1.04u,mos_fs,1.1100,0.6000,1.204248e-03,1.962089e-03,6.939194e-04,1.166860e-13,1.629306,2.827546,2.676209e+09,0.1456,0.9644
nmos,1.04u,mos_fs,1.1300,0.6000,1.243248e-03,1.936667e-03,7.610445e-04,1.178200e-13,1.557748,2.544749,2.616110e+09,0.1456,0.9844
nmos,1.04u,mos_fs,1.1500,0.6000,1.281714e-03,1.909984e-03,8.302419e-04,1.189150e-13,1.490180,2.300515,2.556308e+09,0.1456,1.0044
nmos,1.04u,mos_sf,0.0500,0.6000,1.312738e-08,3.246036e-07,9.232970e-09,2.546810e-14,24.727219,35.157008,2.028509e+06,0.1876,-0.1376
nmos,1.04u,mos_sf,0.0700,0.6000,2.481897e-08,8.445554e-07,1.762770e-08,2.545300e-14,34.028624,47.910697,5.280916e+06,0.1876,-0.1176
nmos,1.04u,mos_sf,0.0900,0.6000,4.690960e-08,1.592852e-06,3.361704e-08,2.552400e-14,33.955779,47.382280,9.932231e+06,0.1876,-0.0976
nmos,1.04u,mos_sf,0.1100,0.6000,8.853304e-08,2.989668e-06,6.392693e-08,2.575070e-14,33.768952,46.766957,1.847796e+07,0.1876,-0.0776
nmos,1.04u,mos_sf,0.1300,0.6000,1.664963e-07,5.558276e-06,1.208446e-07,2.625610e-14,33.383781,45.995237,3.369225e+07,0.1876,-0.0576
nmos,1.04u,mos_sf,0.1500,0.6000,3.108641e-07,1.015746e-05,2.258669e-07,2.724360e-14,32.674921,44.970998,5.933907e+07,0.1876,-0.0376
nmos,1.04u,mos_sf,0.1700,0.6000,5.727947e-07,1.804016e-05,4.137588e-07,2.901050e-14,31.494984,43.600668,9.897039e+07,0.1876,-0.0176
nmos,1.04u,mos_sf,0.1900,0.6000,1.032470e-06,3.071042e-05,7.334935e-07,3.189800e-14,29.744612,41.868701,1.532295e+08,0.1876,0.0024
nmos,1.04u,mos_sf,0.2100,0.6000,1.801211e-06,4.948078e-05,1.239569e-06,3.612110e-14,27.470840,39.917729,2.180197e+08,0.1876,0.0224
nmos,1.04u,mos_sf,0.2300,0.6000,3.011702e-06,7.496268e-05,1.971602e-06,4.154090e-14,24.890471,38.021203,2.872032e+08,0.1876,0.0424
nmos,1.04u,mos_sf,0.2500,0.6000,4.799718e-06,1.069552e-04,2.935747e-06,4.762350e-14,22.283642,36.432022,3.574380e+08,0.1876,0.0624
nmos,1.04u,mos_sf,0.2700,0.6000,7.289909e-06,1.447988e-04,4.106366e-06,5.369970e-14,19.862909,35.262030,4.291541e+08,0.1876,0.0824
nmos,1.04u,mos_sf,0.2900,0.6000,1.059167e-05,1.877627e-04,5.444707e-06,5.927100e-14,17.727393,34.485363,5.041818e+08,0.1876,0.1024
nmos,1.04u,mos_sf,0.3100,0.6000,1.480042e-05,2.351883e-04,6.915899e-06,6.411030e-14,15.890650,34.006902,5.838591e+08,0.1876,0.1224
nmos,1.04u,mos_sf,0.3300,0.6000,1.999920e-05,2.864811e-04,8.495514e-06,6.819440e-14,14.324628,33.721456,6.686016e+08,0.1876,0.1424
nmos,1.04u,mos_sf,0.3500,0.6000,2.625966e-05,3.410870e-04,1.016896e-05,7.160170e-14,12.989011,33.541975,7.581619e+08,0.1876,0.1624
nmos,1.04u,mos_sf,0.3700,0.6000,3.364268e-05,3.984863e-04,1.192867e-05,7.444260e-14,11.844666,33.405761,8.519459e+08,0.1876,0.1824
nmos,1.04u,mos_sf,0.3900,0.6000,4.219911e-05,4.581968e-04,1.377154e-05,7.682510e-14,10.857973,33.271283,9.492247e+08,0.1876,0.2024
nmos,1.04u,mos_sf,0.4100,0.6000,5.197055e-05,5.197754e-04,1.569714e-05,7.884200e-14,10.001345,33.112745,1.049248e+09,0.1876,0.2224
nmos,1.04u,mos_sf,0.4300,0.6000,6.299013e-05,5.828176e-04,1.770674e-05,8.056850e-14,9.252523,32.915014,1.151297e+09,0.1876,0.2424
nmos,1.04u,mos_sf,0.4500,0.6000,7.528326e-05,6.469558e-04,1.980270e-05,8.206410e-14,8.593621,32.670080,1.254705e+09,0.1876,0.2624
nmos,1.04u,mos_sf,0.4700,0.6000,8.886836e-05,7.118563e-04,2.198836e-05,8.337540e-14,8.010233,32.374233,1.358859e+09,0.1876,0.2824
nmos,1.04u,mos_sf,0.4900,0.6000,1.037575e-04,7.772164e-04,2.426794e-05,8.453890e-14,7.490701,32.026468,1.463206e+09,0.1876,0.3024
nmos,1.04u,mos_sf,0.5100,0.6000,1.199570e-04,8.427607e-04,2.664679e-05,8.558310e-14,7.025523,31.627100,1.567243e+09,0.1876,0.3224
nmos,1.04u,mos_sf,0.5300,0.6000,1.374679e-04,9.082390e-04,2.913167e-05,8.653060e-14,6.606917,31.177032,1.670516e+09,0.1876,0.3424
nmos,1.04u,mos_sf,0.5500,0.6000,1.562866e-04,9.734226e-04,3.173117e-05,8.739970e-14,6.228446,30.677173,1.772604e+09,0.1876,0.3624
nmos,1.04u,mos_sf,0.5700,0.6000,1.764048e-04,1.038102e-03,3.445629e-05,8.820490e-14,5.884772,30.128084,1.873128e+09,0.1876,0.3824
nmos,1.04u,mos_sf,0.5900,0.6000,1.978106e-04,1.102084e-03,3.732122e-05,8.895860e-14,5.571410,29.529688,1.971727e+09,0.1876,0.4024
nmos,1.04u,mos_sf,0.6100,0.6000,2.204882e-04,1.165189e-03,4.034422e-05,8.967100e-14,5.284587,28.881188,2.068066e+09,0.1876,0.4224
nmos,1.04u,mos_sf,0.6300,0.6000,2.444182e-04,1.227248e-03,4.354878e-05,9.035080e-14,5.021099,28.180996,2.161825e+09,0.1876,0.4424
nmos,1.04u,mos_sf,0.6500,0.6000,2.695781e-04,1.288103e-03,4.696510e-05,9.100590e-14,4.778218,27.426813,2.252689e+09,0.1876,0.4624
nmos,1.04u,mos_sf,0.6700,0.6000,2.959423e-04,1.347598e-03,5.063184e-05,9.164320e-14,4.553584,26.615624,2.340347e+09,0.1876,0.4824
nmos,1.04u,mos_sf,0.6900,0.6000,3.234820e-04,1.405582e-03,5.459822e-05,9.226940e-14,4.345163,25.744099,2.424480e+09,0.1876,0.5024
nmos,1.04u,mos_sf,0.7100,0.6000,3.521656e-04,1.461904e-03,5.892669e-05,9.289040e-14,4.151183,24.808860,2.504772e+09,0.1876,0.5224
nmos,1.04u,mos_sf,0.7300,0.6000,3.819582e-04,1.516408e-03,6.369591e-05,9.351210e-14,3.970089,23.806992,2.580883e+09,0.1876,0.5424
nmos,1.04u,mos_sf,0.7500,0.6000,4.128219e-04,1.568934e-03,6.900434e-05,9.414040e-14,3.800511,22.736744,2.652460e+09,0.1876,0.5624
nmos,1.04u,mos_sf,0.7700,0.6000,4.447156e-04,1.619310e-03,7.497404e-05,9.478070e-14,3.641226,21.598276,2.719132e+09,0.1876,0.5824
nmos,1.04u,mos_sf,0.7900,0.6000,4.775943e-04,1.667352e-03,8.175480e-05,9.543860e-14,3.491147,20.394546,2.780503e+09,0.1876,0.6024
nmos,1.04u,mos_sf,0.8100,0.6000,5.114096e-04,1.712863e-03,8.952784e-05,9.611950e-14,3.349298,19.132183,2.836163e+09,0.1876,0.6224
nmos,1.04u,mos_sf,0.8300,0.6000,5.461088e-04,1.755629e-03,9.850877e-05,9.682860e-14,3.214797,17.822058,2.885687e+09,0.1876,0.6424
nmos,1.04u,mos_sf,0.8500,0.6000,5.816348e-04,1.795422e-03,1.089489e-04,9.757060e-14,3.086855,16.479487,2.928652e+09,0.1876,0.6624
nmos,1.04u,mos_sf,0.8700,0.6000,6.179257e-04,1.832002e-03,1.211340e-04,9.834990e-14,2.964761,15.123764,2.964641e+09,0.1876,0.6824
nmos,1.04u,mos_sf,0.8900,0.6000,6.549149e-04,1.865124e-03,1.353795e-04,9.917020e-14,2.847888,13.777005,2.993275e+09,0.1876,0.7024
nmos,1.04u,mos_sf,0.9100,0.6000,6.925306e-04,1.894546e-03,1.520214e-04,1.000340e-13,2.735686,12.462364,3.014239e+09,0.1876,0.7224
nmos,1.04u,mos_sf,0.9300,0.6000,7.306967e-04,1.920039e-03,1.714036e-04,1.009430e-13,2.627683,11.201859,3.027290e+09,0.1876,0.7424
nmos,1.04u,mos_sf,0.9500,0.6000,7.693322e-04,1.941405e-03,1.938606e-04,1.018970e-13,2.523494,10.014438,3.032319e+09,0.1876,0.7624
nmos,1.04u,mos_sf,0.9700,0.6000,8.083529e-04,1.958485e-03,2.196985e-04,1.028930e-13,2.422809,8.914421,3.029386e+09,0.1876,0.7824
nmos,1.04u,mos_sf,0.9900,0.6000,8.476716e-04,1.971175e-03,2.491757e-04,1.039290e-13,2.325399,7.910783,3.018621e+09,0.1876,0.8024
nmos,1.04u,mos_sf,1.0100,0.6000,8.871999e-04,1.979434e-03,2.824845e-04,1.050000e-13,2.231103,7.007230,3.000350e+09,0.1876,0.8224
nmos,1.04u,mos_sf,1.0300,0.6000,9.268490e-04,1.983291e-03,3.197386e-04,1.060980e-13,2.139821,6.202851,2.975085e+09,0.1876,0.8424
nmos,1.04u,mos_sf,1.0500,0.6000,9.665315e-04,1.982847e-03,3.609642e-04,1.072160e-13,2.051508,5.493196,2.943403e+09,0.1876,0.8624
nmos,1.04u,mos_sf,1.0700,0.6000,1.006163e-03,1.978266e-03,4.060993e-04,1.083450e-13,1.966149,4.871385,2.906002e+09,0.1876,0.8824
nmos,1.04u,mos_sf,1.0900,0.6000,1.045662e-03,1.969772e-03,4.549979e-04,1.094770e-13,1.883756,4.329189,2.863606e+09,0.1876,0.9024
nmos,1.04u,mos_sf,1.1100,0.6000,1.084954e-03,1.957635e-03,5.074406e-04,1.106030e-13,1.804348,3.857860,2.816988e+09,0.1876,0.9224
nmos,1.04u,mos_sf,1.1300,0.6000,1.123968e-03,1.942158e-03,5.631475e-04,1.117150e-13,1.727948,3.448755,2.766898e+09,0.1876,0.9424
nmos,1.04u,mos_sf,1.1500,0.6000,1.162640e-03,1.925092e-03,6.217943e-04,1.128060e-13,1.655794,3.096027,2.716060e+09,0.1876,0.9624
nmos,1.04u,mos_ss,0.0500,0.6000,6.391036e-09,1.578626e-07,4.541641e-09,2.522400e-14,24.700628,34.758934,9.960598e+05,0.2094,-0.1594
nmos,1.04u,mos_ss,0.0700,0.6000,1.212084e-08,4.151175e-07,8.700887e-09,2.516080e-14,34.248245,47.709791,2.625831e+06,0.2094,-0.1394
nmos,1.04u,mos_ss,0.0900,0.6000,2.299574e-08,7.873762e-07,1.666624e-08,2.514250e-14,34.240090,47.243781,4.984183e+06,0.2094,-0.1194
nmos,1.04u,mos_ss,0.1100,0.6000,4.361588e-08,1.490362e-06,3.188860e-08,2.520500e-14,34.170169,46.736514,9.410771e+06,0.2094,-0.0994
nmos,1.04u,mos_ss,0.1300,0.6000,8.261022e-08,2.807827e-06,6.084639e-08,2.541430e-14,33.988858,46.146156,1.758378e+07,0.2094,-0.0794
nmos,1.04u,mos_ss,0.1500,0.6000,1.559290e-07,5.241145e-06,1.154327e-07,2.588750e-14,33.612381,45.404335,3.222227e+07,0.2094,-0.0594
nmos,1.04u,mos_ss,0.1700,0.6000,2.922560e-07,9.619565e-06,2.165813e-07,2.682070e-14,32.914859,44.415492,5.708282e+07,0.2094,-0.0394
nmos,1.04u,mos_ss,0.1900,0.6000,5.407116e-07,1.716499e-05,3.984127e-07,2.850430e-14,31.745185,43.083441,9.584143e+07,0.2094,-0.0194
nmos,1.04u,mos_ss,0.2100,0.6000,9.788555e-07,2.936237e-05,7.094742e-07,3.128050e-14,29.996634,41.386100,1.493955e+08,0.2094,0.0006
nmos,1.04u,mos_ss,0.2300,0.6000,1.715206e-06,4.752740e-05,1.204443e-06,3.537990e-14,27.709441,39.460066,2.137999e+08,0.2094,0.0206
nmos,1.04u,mos_ss,0.2500,0.6000,2.879952e-06,7.228954e-05,1.923607e-06,4.068960e-14,25.100953,37.580202,2.827562e+08,0.2094,0.0406
nmos,1.04u,mos_ss,0.2700,0.6000,4.606788e-06,1.034653e-04,2.873443e-06,4.669330e-14,22.459314,36.007431,3.526633e+08,0.2094,0.0606
nmos,1.04u,mos_ss,0.2900,0.6000,7.018564e-06,1.404096e-04,4.027785e-06,5.272020e-14,20.005460,34.860252,4.238770e+08,0.2094,0.0806
nmos,1.04u,mos_ss,0.3100,0.6000,1.022317e-05,1.824080e-04,5.347006e-06,5.825980e-14,17.842607,34.114044,4.983047e+08,0.2094,0.1006
nmos,1.04u,mos_ss,0.3300,0.6000,1.431488e-05,2.288191e-04,6.795685e-06,6.307470e-14,15.984703,33.671234,5.773740e+08,0.2094,0.1206
nmos,1.04u,mos_ss,0.3500,0.6000,1.937593e-05,2.790612e-04,8.349316e-06,6.713650e-14,14.402467,33.423241,6.615473e+08,0.2094,0.1406
nmos,1.04u,mos_ss,0.3700,0.6000,2.547733e-05,3.325872e-04,9.993511e-06,7.052230e-14,13.054241,33.280316,7.505838e+08,0.2094,0.1606
nmos,1.04u,mos_ss,0.3900,0.6000,3.267942e-05,3.888816e-04,1.172098e-05,7.334250e-14,11.899893,33.178250,8.438822e+08,0.2094,0.1806
nmos,1.04u,mos_ss,0.4100,0.6000,4.103259e-05,4.474637e-04,1.352886e-05,7.570550e-14,10.905081,33.074753,9.406986e+08,0.2094,0.2006
nmos,1.04u,mos_ss,0.4300,0.6000,5.057797e-05,5.078915e-04,1.541687e-05,7.770460e-14,10.041753,32.943879,1.040266e+09,0.2094,0.2206
nmos,1.04u,mos_ss,0.4500,0.6000,6.134825e-05,5.697614e-04,1.738633e-05,7.941530e-14,9.287329,32.770654,1.141850e+09,0.2094,0.2406
nmos,1.04u,mos_ss,0.4700,0.6000,7.336843e-05,6.327061e-04,1.943958e-05,8.089740e-14,8.623683,32.547313,1.244766e+09,0.2094,0.2606
nmos,1.04u,mos_ss,0.4900,0.6000,8.665650e-05,6.963923e-04,2.157981e-05,8.219750e-14,8.036238,32.270548,1.348390e+09,0.2094,0.2806
nmos,1.04u,mos_ss,0.5100,0.6000,1.012241e-04,7.605172e-04,2.381103e-05,8.335180e-14,7.513203,31.939702,1.452159e+09,0.2094,0.3006
nmos,1.04u,mos_ss,0.5300,0.6000,1.170772e-04,8.248057e-04,2.613827e-05,8.438880e-14,7.044973,31.555482,1.555561e+09,0.2094,0.3206
nmos,1.04u,mos_ss,0.5500,0.6000,1.342163e-04,8.890075e-04,2.856783e-05,8.533120e-14,6.623693,31.119182,1.658127e+09,0.2094,0.3406
nmos,1.04u,mos_ss,0.5700,0.6000,1.526375e-04,9.528942e-04,3.110771e-05,8.619680e-14,6.242858,30.632091,1.759437e+09,0.2094,0.3606
nmos,1.04u,mos_ss,0.5900,0.6000,1.723321e-04,1.016257e-03,3.376812e-05,8.700010e-14,5.897085,30.095161,1.859105e+09,0.2094,0.3806
nmos,1.04u,mos_ss,0.6100,0.6000,1.932878e-04,1.078903e-03,3.656214e-05,8.775310e-14,5.581847,29.508749,1.956771e+09,0.2094,0.4006
nmos,1.04u,mos_ss,0.6300,0.6000,2.154882e-04,1.140655e-03,3.950660e-05,8.846590e-14,5.293352,28.872518,2.052100e+09,0.2094,0.4206
nmos,1.04u,mos_ss,0.6500,0.6000,2.389139e-04,1.201347e-03,4.262305e-05,8.914690e-14,5.028368,28.185383,2.144778e+09,0.2094,0.4406
nmos,1.04u,mos_ss,0.6700,0.6000,2.635421e-04,1.260823e-03,4.593911e-05,8.980370e-14,4.784143,27.445525,2.234498e+09,0.2094,0.4606
nmos,1.04u,mos_ss,0.6900,0.6000,2.893469e-04,1.318934e-03,4.948998e-05,9.044290e-14,4.558314,26.650526,2.320966e+09,0.2094,0.4806
nmos,1.04u,mos_ss,0.7100,0.6000,3.162995e-04,1.375535e-03,5.332036e-05,9.107070e-14,4.348837,25.797557,2.403882e+09,0.2094,0.5006
nmos,1.04u,mos_ss,0.7300,0.6000,3.443683e-04,1.430483e-03,5.748675e-05,9.169270e-14,4.153933,24.883699,2.482951e+09,0.2094,0.5206
nmos,1.04u,mos_ss,0.7500,0.6000,3.735188e-04,1.483634e-03,6.206016e-05,9.231440e-14,3.972046,23.906384,2.557864e+09,0.2094,0.5406
nmos,1.04u,mos_ss,0.7700,0.6000,4.037136e-04,1.534840e-03,6.712928e-05,9.294100e-14,3.801804,22.863943,2.628306e+09,0.2094,0.5606
nmos,1.04u,mos_ss,0.7900,0.6000,4.349124e-04,1.583945e-03,7.280400e-05,9.357770e-14,3.641986,21.756291,2.693940e+09,0.2094,0.5806
nmos,1.04u,mos_ss,0.8100,0.6000,4.670714e-04,1.630784e-03,7.921915e-05,9.422930e-14,3.491509,20.585730,2.754423e+09,0.2094,0.6006
nmos,1.04u,mos_ss,0.8300,0.6000,5.001437e-04,1.675182e-03,8.653806e-05,9.490080e-14,3.349401,19.357748,2.809391e+09,0.2094,0.6206
nmos,1.04u,mos_ss,0.8500,0.6000,5.340787e-04,1.716947e-03,9.495560e-05,9.559670e-14,3.214783,18.081577,2.858473e+09,0.2094,0.6406
nmos,1.04u,mos_ss,0.8700,0.6000,5.688216e-04,1.755878e-03,1.046998e-04,9.632150e-14,3.086869,16.770596,2.901291e+09,0.2094,0.6606
nmos,1.04u,mos_ss,0.8900,0.6000,6.043138e-04,1.791761e-03,1.160311e-04,9.707920e-14,2.964951,15.442075,2.937474e+09,0.2094,0.6806
nmos,1.04u,mos_ss,0.9100,0.6000,6.404921e-04,1.824377e-03,1.292393e-04,9.787310e-14,2.848399,14.116271,2.966685e+09,0.2094,0.7006
nmos,1.04u,mos_ss,0.9300,0.6000,6.772889e-04,1.853507e-03,1.446360e-04,9.870580e-14,2.736656,12.814977,2.988627e+09,0.2094,0.7206
nmos,1.04u,mos_ss,0.9500,0.6000,7.146323e-04,1.878943e-03,1.625432e-04,9.957880e-14,2.629244,11.559653,3.003080e+09,0.2094,0.7406
nmos,1.04u,mos_ss,0.9700,0.6000,7.524466e-04,1.900502e-03,1.832792e-04,1.004920e-13,2.525763,10.369436,3.009934e+09,0.2094,0.7606
nmos,1.04u,mos_ss,0.9900,0.6000,7.906524e-04,1.918031e-03,2.071412e-04,1.014450e-13,2.425884,9.259534,3.009159e+09,0.2094,0.7806
nmos,1.04u,mos_ss,1.0100,0.6000,8.291679e-04,1.931428e-03,2.343867e-04,1.024350e-13,2.329357,8.240348,3.000891e+09,0.2094,0.8006
nmos,1.04u,mos_ss,1.0300,0.6000,8.679095e-04,1.940644e-03,2.652175e-04,1.034560e-13,2.235998,7.317179,2.985454e+09,0.2094,0.8206
nmos,1.04u,mos_ss,1.0500,0.6000,9.067936e-04,1.945692e-03,2.997653e-04,1.045050e-13,2.145683,6.490718,2.963174e+09,0.2094,0.8406
nmos,1.04u,mos_ss,1.0700,0.6000,9.457372e-04,1.946649e-03,3.380836e-04,1.055720e-13,2.058340,5.757892,2.934668e+09,0.2094,0.8606
nmos,1.04u,mos_ss,1.0900,0.6000,9.846596e-04,1.943654e-03,3.801440e-04,1.066530e-13,1.973935,5.112941,2.900454e+09,0.2094,0.8806
nmos,1.04u,mos_ss,1.1100,0.6000,1.023483e-03,1.936899e-03,4.258388e-04,1.077370e-13,1.892458,4.548432,2.861292e+09,0.2094,0.9006
nmos,1.04u,mos_ss,1.1300,0.6000,1.062136e-03,1.926623e-03,4.749892e-04,1.088180e-13,1.813914,4.056141,2.817839e+09,0.2094,0.9206
nmos,1.04u,mos_ss,1.1500,0.6000,1.100548e-03,1.914651e-03,5.273561e-04,1.098870e-13,1.739725,3.630661,2.773087e+09,0.2094,0.9406
nmos,1.04u,mos_tt,0.0500,0.6000,2.672058e-08,6.625314e-07,1.858982e-08,2.577230e-14,24.794799,35.639474,4.091414e+06,0.1658,-0.1158
nmos,1.04u,mos_tt,0.0700,0.6000,5.032838e-08,1.698248e-06,3.533537e-08,2.585190e-14,33.743347,48.060852,1.045511e+07,0.1658,-0.0958
nmos,1.04u,mos_tt,0.0900,0.6000,9.465051e-08,3.175681e-06,6.696891e-08,2.609650e-14,33.551652,47.420228,1.936755e+07,0.1658,-0.0758
nmos,1.04u,mos_tt,0.1100,0.6000,1.773556e-07,5.880904e-06,1.261511e-07,2.663450e-14,33.158829,46.617937,3.514145e+07,0.1658,-0.0558
nmos,1.04u,mos_tt,0.1300,0.6000,3.298867e-07,1.070165e-05,2.349030e-07,2.767670e-14,32.440380,45.557741,6.153987e+07,0.1658,-0.0358
nmos,1.04u,mos_tt,0.1500,0.6000,6.054218e-07,1.892107e-05,4.285768e-07,2.952650e-14,31.252707,44.148610,1.019891e+08,0.1658,-0.0158
nmos,1.04u,mos_tt,0.1700,0.6000,1.086730e-06,3.206208e-05,7.565213e-07,3.252380e-14,29.503262,42.380935,1.568955e+08,0.1658,0.0042
nmos,1.04u,mos_tt,0.1900,0.6000,1.887905e-06,5.143573e-05,1.273082e-06,3.686790e-14,27.244872,40.402527,2.220428e+08,0.1658,0.0242
nmos,1.04u,mos_tt,0.2100,0.6000,3.144159e-06,7.763841e-05,2.017367e-06,4.239540e-14,24.692902,38.485020,2.914594e+08,0.1658,0.0442
nmos,1.04u,mos_tt,0.2300,0.6000,4.993441e-06,1.104535e-04,2.995418e-06,4.855660e-14,22.119717,36.874152,3.620357e+08,0.1658,0.0642
nmos,1.04u,mos_tt,0.2500,0.6000,7.562301e-06,1.492069e-04,4.182235e-06,5.468450e-14,19.730357,35.676355,4.342550e+08,0.1658,0.0842
nmos,1.04u,mos_tt,0.2700,0.6000,1.096172e-05,1.931499e-04,5.539914e-06,6.029160e-14,17.620401,34.865144,5.098681e+08,0.1658,0.1042
nmos,1.04u,mos_tt,0.2900,0.6000,1.528830e-05,2.416064e-04,7.034055e-06,6.515990e-14,15.803353,34.348097,5.901306e+08,0.1658,0.1242
nmos,1.04u,mos_tt,0.3100,0.6000,2.062597e-05,2.939686e-04,8.640237e-06,6.927050e-14,14.252353,34.023210,6.754182e+08,0.1658,0.1442
nmos,1.04u,mos_tt,0.3300,0.6000,2.704704e-05,3.496744e-04,1.034362e-05,7.270320e-14,12.928380,33.805805,7.654740e+08,0.1658,0.1642
nmos,1.04u,mos_tt,0.3500,0.6000,3.461295e-05,4.081997e-04,1.213632e-05,7.556820e-14,11.793265,33.634553,8.597135e+08,0.1658,0.1842
nmos,1.04u,mos_tt,0.3700,0.6000,4.337503e-05,4.690594e-04,1.401497e-05,7.797310e-14,10.814042,33.468456,9.574215e+08,0.1658,0.2042
nmos,1.04u,mos_tt,0.3900,0.6000,5.337533e-05,5.318086e-04,1.597898e-05,8.001020e-14,9.963566,33.281761,1.057865e+09,0.1658,0.2242
nmos,1.04u,mos_tt,0.4100,0.6000,6.464737e-05,5.960413e-04,1.802952e-05,8.175450e-14,9.219885,33.059188,1.160339e+09,0.1658,0.2442
nmos,1.04u,mos_tt,0.4300,0.6000,7.721698e-05,6.613889e-04,2.016902e-05,8.326560e-14,8.565330,32.792317,1.264187e+09,0.1658,0.2642
nmos,1.04u,mos_tt,0.4500,0.6000,9.110293e-05,7.275168e-04,2.240089e-05,8.459010e-14,7.985658,32.477138,1.368811e+09,0.1658,0.2842
nmos,1.04u,mos_tt,0.4700,0.6000,1.063176e-04,7.941215e-04,2.472959e-05,8.576440e-14,7.469332,32.112198,1.473669e+09,0.1658,0.3042
nmos,1.04u,mos_tt,0.4900,0.6000,1.228678e-04,8.609276e-04,2.716077e-05,8.681720e-14,7.006942,31.697467,1.578269e+09,0.1658,0.3242
nmos,1.04u,mos_tt,0.5100,0.6000,1.407548e-04,9.276842e-04,2.970163e-05,8.777150e-14,6.590782,31.233444,1.682158e+09,0.1658,0.3442
nmos,1.04u,mos_tt,0.5300,0.6000,1.599752e-04,9.941622e-04,3.236135e-05,8.864550e-14,6.214477,30.720665,1.784928e+09,0.1658,0.3642
nmos,1.04u,mos_tt,0.5500,0.6000,1.805212e-04,1.060152e-03,3.515177e-05,8.945410e-14,5.872729,30.159278,1.886201e+09,0.1658,0.3842
nmos,1.04u,mos_tt,0.5700,0.6000,2.023812e-04,1.125458e-03,3.808815e-05,9.020980e-14,5.561080,29.548770,1.985618e+09,0.1658,0.4042
nmos,1.04u,mos_tt,0.5900,0.6000,2.255396e-04,1.189900e-03,4.119022e-05,9.092300e-14,5.275792,28.887925,2.082844e+09,0.1658,0.4242
nmos,1.04u,mos_tt,0.6100,0.6000,2.499772e-04,1.253307e-03,4.448347e-05,9.160290e-14,5.013685,28.174668,2.177551e+09,0.1658,0.4442
nmos,1.04u,mos_tt,0.6300,0.6000,2.756718e-04,1.315516e-03,4.800078e-05,9.225750e-14,4.772037,27.406138,2.269418e+09,0.1658,0.4642
nmos,1.04u,mos_tt,0.6500,0.6000,3.025978e-04,1.376367e-03,5.178433e-05,9.289420e-14,4.548503,26.578832,2.358119e+09,0.1658,0.4842
nmos,1.04u,mos_tt,0.6700,0.6000,3.307265e-04,1.435702e-03,5.588808e-05,9.351980e-14,4.341055,25.688877,2.443323e+09,0.1658,0.5042
nmos,1.04u,mos_tt,0.6900,0.6000,3.600259e-04,1.493361e-03,6.038063e-05,9.414090e-14,4.147927,24.732451,2.524681e+09,0.1658,0.5242
nmos,1.04u,mos_tt,0.7100,0.6000,3.904609e-04,1.549178e-03,6.534863e-05,9.476380e-14,3.967562,23.706358,2.601830e+09,0.1658,0.5442
nmos,1.04u,mos_tt,0.7300,0.6000,4.219930e-04,1.602979e-03,7.090068e-05,9.539470e-14,3.798591,22.608796,2.674384e+09,0.1658,0.5642
nmos,1.04u,mos_tt,0.7500,0.6000,4.545801e-04,1.654576e-03,7.717158e-05,9.603970e-14,3.639790,21.440224,2.741928e+09,0.1658,0.5842
nmos,1.04u,mos_tt,0.7700,0.6000,4.881761e-04,1.703767e-03,8.432665e-05,9.670490e-14,3.490066,20.204372,2.804025e+09,0.1658,0.6042
nmos,1.04u,mos_tt,0.7900,0.6000,5.227308e-04,1.750332e-03,9.256569e-05,9.739620e-14,3.348439,18.909080,2.860214e+09,0.1658,0.6242
nmos,1.04u,mos_tt,0.8100,0.6000,5.581894e-04,1.794033e-03,1.021258e-04,9.811930e-14,3.214022,17.566893,2.910021e+09,0.1658,0.6442
nmos,1.04u,mos_tt,0.8300,0.6000,5.944921e-04,1.834616e-03,1.132824e-04,9.887960e-14,3.086023,16.195066,2.952967e+09,0.1658,0.6642
nmos,1.04u,mos_tt,0.8500,0.6000,6.315740e-04,1.871814e-03,1.263468e-04,9.968160e-14,2.963729,14.814890,2.988600e+09,0.1658,0.6842
nmos,1.04u,mos_tt,0.8700,0.6000,6.693647e-04,1.905356e-03,1.416603e-04,1.005290e-13,2.846514,13.450176,3.016511e+09,0.1658,0.7042
nmos,1.04u,mos_tt,0.8900,0.6000,7.077883e-04,1.934977e-03,1.595835e-04,1.014250e-13,2.733836,12.125170,3.036344e+09,0.1658,0.7242
nmos,1.04u,mos_tt,0.9100,0.6000,7.467637e-04,1.960428e-03,1.804809e-04,1.023710e-13,2.625232,10.862246,3.047853e+09,0.1658,0.7442
nmos,1.04u,mos_tt,0.9300,0.6000,7.862054e-04,1.981496e-03,2.047020e-04,1.033660e-13,2.520329,9.679905,3.050954e+09,0.1658,0.7642
nmos,1.04u,mos_tt,0.9500,0.6000,8.260236e-04,1.998017e-03,2.325599e-04,1.044070e-13,2.418838,8.591408,3.045718e+09,0.1658,0.7842
nmos,1.04u,mos_tt,0.9700,0.6000,8.661260e-04,2.009888e-03,2.643107e-04,1.054900e-13,2.320549,7.604263,3.032360e+09,0.1658,0.8042
nmos,1.04u,mos_tt,0.9900,0.6000,9.064191e-04,2.017080e-03,3.001351e-04,1.066100e-13,2.225328,6.720574,3.011240e+09,0.1658,0.8242
nmos,1.04u,mos_tt,1.0100,0.6000,9.468092e-04,2.019640e-03,3.401250e-04,1.077580e-13,2.133101,5.937935,2.982940e+09,0.1658,0.8442
nmos,1.04u,mos_tt,1.0300,0.6000,9.872047e-04,2.017692e-03,3.842769e-04,1.089260e-13,2.043844,5.250620,2.948108e+09,0.1658,0.8642
nmos,1.04u,mos_tt,1.0500,0.6000,1.027517e-03,2.011431e-03,4.324927e-04,1.101040e-13,1.957565,4.650786,2.907516e+09,0.1658,0.8842
nmos,1.04u,mos_tt,1.0700,0.6000,1.067662e-03,2.001113e-03,4.845864e-04,1.112840e-13,1.874294,4.129528,2.861930e+09,0.1658,0.9042
nmos,1.04u,mos_tt,1.0900,0.6000,1.107561e-03,1.987040e-03,5.402965e-04,1.124550e-13,1.794068,3.677684,2.812211e+09,0.1658,0.9242
nmos,1.04u,mos_tt,1.1100,0.6000,1.147143e-03,1.969549e-03,5.993020e-04,1.136090e-13,1.716917,3.286405,2.759143e+09,0.1658,0.9442
nmos,1.04u,mos_tt,1.1300,0.6000,1.186343e-03,1.948993e-03,6.612400e-04,1.147390e-13,1.642858,2.947482,2.703456e+09,0.1658,0.9642
nmos,1.04u,mos_tt,1.1500,0.6000,1.225103e-03,1.926995e-03,7.257225e-04,1.158380e-13,1.572925,2.655278,2.647584e+09,0.1658,0.9842
pmos,0.13u,mos_ff,0.0500,0.6000,6.190062e-09,1.359366e-07,5.886570e-09,1.069740e-14,21.960459,23.092667,2.022452e+06,0.3359,-0.2859
pmos,0.13u,mos_ff,0.0700,0.6000,1.025577e-08,2.706341e-07,9.769451e-09,1.072350e-14,26.388472,27.702079,4.016669e+06,0.3359,-0.2659
pmos,0.13u,mos_ff,0.0900,0.6000,1.701543e-08,4.502183e-07,1.624131e-08,1.075060e-14,26.459414,27.720566,6.665160e+06,0.3359,-0.2459
pmos,0.13u,mos_ff,0.1100,0.6000,2.826450e-08,7.496079e-07,2.703857e-08,1.077910e-14,26.521180,27.723652,1.106807e+07,0.3359,-0.2259
pmos,0.13u,mos_ff,0.1300,0.6000,4.699974e-08,1.248946e-06,4.506839e-08,1.081000e-14,26.573466,27.712239,1.838815e+07,0.3359,-0.2059
pmos,0.13u,mos_ff,0.1500,0.6000,7.822233e-08,2.081789e-06,7.520040e-08,1.084460e-14,26.613743,27.683217,3.055226e+07,0.3359,-0.1859
pmos,0.13u,mos_ff,0.1700,0.6000,1.302713e-07,3.469956e-06,1.255920e-07,1.088540e-14,26.636381,27.628798,5.073407e+07,0.3359,-0.1659
pmos,0.13u,mos_ff,0.1900,0.6000,2.170206e-07,5.779405e-06,2.098928e-07,1.093610e-14,26.630675,27.535032,8.410867e+07,0.3359,-0.1459
pmos,0.13u,mos_ff,0.2100,0.6000,3.614475e-07,9.606257e-06,3.508567e-07,1.100260e-14,26.577185,27.379432,1.389565e+08,0.3359,-0.1259
pmos,0.13u,mos_ff,0.2300,0.6000,6.012708e-07,1.589872e-05,5.860368e-07,1.109290e-14,26.441863,27.129218,2.281063e+08,0.3359,-0.1059
pmos,0.13u,mos_ff,0.2500,0.6000,9.973964e-07,2.610091e-05,9.759949e-07,1.121750e-14,26.169044,26.742875,3.703222e+08,0.3359,-0.0859
pmos,0.13u,mos_ff,0.2700,0.6000,1.645307e-06,4.225133e-05,1.613835e-06,1.138640e-14,25.679907,26.180700,5.905737e+08,0.3359,-0.0659
pmos,0.13u,mos_ff,0.2900,0.6000,2.687449e-06,6.688919e-05,2.630682e-06,1.160560e-14,24.889473,25.426559,9.172938e+08,0.3359,-0.0459
pmos,0.13u,mos_ff,0.3100,0.6000,4.320875e-06,1.026149e-04,4.186915e-06,1.187130e-14,23.748639,24.508475,1.375727e+09,0.3359,-0.0259
pmos,0.13u,mos_ff,0.3300,0.6000,6.792045e-06,1.513692e-04,6.442779e-06,1.216850e-14,22.286248,23.494396,1.979797e+09,0.3359,-0.0059
pmos,0.13u,mos_ff,0.3500,0.6000,1.037564e-05,2.138393e-04,9.519973e-06,1.247590e-14,20.609746,22.462175,2.727946e+09,0.3359,0.0141
pmos,0.13u,mos_ff,0.3700,0.6000,1.534562e-05,2.894123e-04,1.347893e-05,1.277380e-14,18.859603,21.471460,3.605928e+09,0.3359,0.0341
pmos,0.13u,mos_ff,0.3900,0.6000,2.195214e-05,3.766497e-04,1.832308e-05,1.304890e-14,17.157767,20.556026,4.593925e+09,0.3359,0.0541
pmos,0.13u,mos_ff,0.4100,0.6000,3.041161e-05,4.738739e-04,2.401909e-05,1.329530e-14,15.582006,19.729053,5.672634e+09,0.3359,0.0741
pmos,0.13u,mos_ff,0.4300,0.6000,4.090710e-05,5.795438e-04,3.051739e-05,1.351240e-14,14.167316,18.990608,6.826120e+09,0.3359,0.0941
pmos,0.13u,mos_ff,0.4500,0.6000,5.359336e-05,6.923736e-04,3.776585e-05,1.370240e-14,12.919018,18.333325,8.041999e+09,0.3359,0.1141
pmos,0.13u,mos_ff,0.4700,0.6000,6.860204e-05,8.113044e-04,4.571716e-05,1.386890e-14,11.826243,17.746168,9.310263e+09,0.3359,0.1341
pmos,0.13u,mos_ff,0.4900,0.6000,8.604553e-05,9.354304e-04,5.433246e-05,1.401550e-14,10.871342,17.216787,1.062241e+10,0.3359,0.1541
pmos,0.13u,mos_ff,0.5100,0.6000,1.060193e-04,1.063931e-03,6.358343e-05,1.414570e-14,10.035258,16.732834,1.197041e+10,0.3359,0.1741
pmos,0.13u,mos_ff,0.5300,0.6000,1.286028e-04,1.196025e-03,7.345407e-05,1.426240e-14,9.300147,16.282624,1.334651e+10,0.3359,0.1941
pmos,0.13u,mos_ff,0.5500,0.6000,1.538602e-04,1.330942e-03,8.394258e-05,1.436810e-14,8.650333,15.855386,1.474280e+10,0.3359,0.2141
pmos,0.13u,mos_ff,0.5700,0.6000,1.818404e-04,1.467908e-03,9.506343e-05,1.446490e-14,8.072508,15.441353,1.615115e+10,0.3359,0.2341
pmos,0.13u,mos_ff,0.5900,0.6000,2.125766e-04,1.606145e-03,1.068496e-04,1.455440e-14,7.555606,15.031830,1.756348e+10,0.3359,0.2541
pmos,0.13u,mos_ff,0.6100,0.6000,2.460862e-04,1.744864e-03,1.193542e-04,1.463800e-14,7.090459,14.619209,1.897143e+10,0.3359,0.2741
pmos,0.13u,mos_ff,0.6300,0.6000,2.823712e-04,1.883278e-03,1.326525e-04,1.471670e-14,6.669512,14.197079,2.036686e+10,0.3359,0.2941
pmos,0.13u,mos_ff,0.6500,0.6000,3.214174e-04,2.020604e-03,1.468420e-04,1.479150e-14,6.286542,13.760396,2.174148e+10,0.3359,0.3141
pmos,0.13u,mos_ff,0.6700,0.6000,3.631953e-04,2.156072e-03,1.620424e-04,1.486300e-14,5.936398,13.305604,2.308750e+10,0.3359,0.3341
pmos,0.13u,mos_ff,0.6900,0.6000,4.076602e-04,2.288938e-03,1.783946e-04,1.493180e-14,5.614818,12.830758,2.439731e+10,0.3359,0.3541
pmos,0.13u,mos_ff,0.7100,0.6000,4.547528e-04,2.418492e-03,1.960583e-04,1.499830e-14,5.318256,12.335576,2.566391e+10,0.3359,0.3741
pmos,0.13u,mos_ff,0.7300,0.6000,5.043999e-04,2.544067e-03,2.152091e-04,1.506270e-14,5.043750,11.821373,2.688103e+10,0.3359,0.3941
pmos,0.13u,mos_ff,0.7500,0.6000,5.565155e-04,2.665046e-03,2.360344e-04,1.512540e-14,4.788808,11.290922,2.804258e+10,0.3359,0.4141
pmos,0.13u,mos_ff,0.7700,0.6000,6.110018e-04,2.780872e-03,2.587298e-04,1.518650e-14,4.551332,10.748170,2.914362e+10,0.3359,0.4341
pmos,0.13u,mos_ff,0.7900,0.6000,6.677504e-04,2.891054e-03,2.834941e-04,1.524610e-14,4.329543,10.197934,3.017988e+10,0.3359,0.4541
pmos,0.13u,mos_ff,0.8100,0.6000,7.266439e-04,2.995169e-03,3.105244e-04,1.530430e-14,4.121921,9.645519,3.114784e+10,0.3359,0.4741
pmos,0.13u,mos_ff,0.8300,0.6000,7.875571e-04,3.092864e-03,3.400126e-04,1.536120e-14,3.927162,9.096322,3.204467e+10,0.3359,0.4941
pmos,0.13u,mos_ff,0.8500,0.6000,8.503585e-04,3.183863e-03,3.721400e-04,1.541670e-14,3.744142,8.555552,3.286874e+10,0.3359,0.5141
pmos,0.13u,mos_ff,0.8700,0.6000,9.149116e-04,3.267956e-03,4.070743e-04,1.547100e-14,3.571882,8.027910,3.361847e+10,0.3359,0.5341
pmos,0.13u,mos_ff,0.8900,0.6000,9.810767e-04,3.345008e-03,4.449660e-04,1.552390e-14,3.409528,7.517446,3.429387e+10,0.3359,0.5541
pmos,0.13u,mos_ff,0.9100,0.6000,1.048712e-03,3.414948e-03,4.859456e-04,1.557540e-14,3.256326,7.027429,3.489515e+10,0.3359,0.5741
pmos,0.13u,mos_ff,0.9300,0.6000,1.117675e-03,3.477768e-03,5.301218e-04,1.562570e-14,3.111609,6.560319,3.542267e+10,0.3359,0.5941
pmos,0.13u,mos_ff,0.9500,0.6000,1.187823e-03,3.533520e-03,5.775795e-04,1.567450e-14,2.974787,6.117807,3.587848e+10,0.3359,0.6141
pmos,0.13u,mos_ff,0.9700,0.6000,1.259015e-03,3.582305e-03,6.283797e-04,1.572200e-14,2.845324,5.700860,3.626393e+10,0.3359,0.6341
pmos,0.13u,mos_ff,0.9900,0.6000,1.331115e-03,3.624274e-03,6.825586e-04,1.576810e-14,2.722735,5.309836,3.658152e+10,0.3359,0.6541
pmos,0.13u,mos_ff,1.0100,0.6000,1.403986e-03,3.659616e-03,7.401280e-04,1.581270e-14,2.606590,4.944572,3.683406e+10,0.3359,0.6741
pmos,0.13u,mos_ff,1.0300,0.6000,1.477500e-03,3.688557e-03,8.010762e-04,1.585590e-14,2.496485,4.604502,3.702420e+10,0.3359,0.6941
pmos,0.13u,mos_ff,1.0500,0.6000,1.551529e-03,3.711350e-03,8.653692e-04,1.589770e-14,2.392060,4.288748,3.715504e+10,0.3359,0.7141
pmos,0.13u,mos_ff,1.0700,0.6000,1.625954e-03,3.728271e-03,9.329517e-04,1.593800e-14,2.292974,3.996210,3.723006e+10,0.3359,0.7341
pmos,0.13u,mos_ff,1.0900,0.6000,1.700660e-03,3.739615e-03,1.003749e-03,1.597680e-14,2.198920,3.725648,3.725265e+10,0.3359,0.7541
pmos,0.13u,mos_ff,1.1100,0.6000,1.775538e-03,3.745688e-03,1.077670e-03,1.601420e-14,2.109607,3.475728,3.722601e+10,0.3359,0.7741
pmos,0.13u,mos_ff,1.1300,0.6000,1.850487e-03,3.746806e-03,1.154607e-03,1.605010e-14,2.024768,3.245092,3.715383e+10,0.3359,0.7941
pmos,0.13u,mos_ff,1.1500,0.6000,1.925410e-03,3.745526e-03,1.234438e-03,1.608470e-14,1.945313,3.034195,3.706124e+10,0.3359,0.8141
pmos,0.13u,mos_fs,0.0500,0.6000,1.910695e-10,4.364259e-09,1.963867e-10,1.029490e-14,22.841212,22.222783,6.746966e+04,0.4413,-0.3913
pmos,0.13u,mos_fs,0.0700,0.6000,3.284454e-10,9.373321e-09,3.369524e-10,1.031570e-14,28.538445,27.817938,1.446155e+05,0.4413,-0.3713
pmos,0.13u,mos_fs,0.0900,0.6000,5.660024e-10,1.621972e-08,5.806283e-10,1.033680e-14,28.656628,27.934773,2.497338e+05,0.4413,-0.3513
pmos,0.13u,mos_fs,0.1100,0.6000,9.772342e-10,2.809659e-08,1.003428e-09,1.035790e-14,28.751133,28.000604,4.317199e+05,0.4413,-0.3313
pmos,0.13u,mos_fs,0.1300,0.6000,1.689866e-09,4.872122e-08,1.737716e-09,1.037930e-14,28.831410,28.037504,7.470854e+05,0.4413,-0.3113
pmos,0.13u,mos_fs,0.1500,0.6000,2.926083e-09,8.457161e-08,3.014192e-09,1.040080e-14,28.902670,28.057805,1.294130e+06,0.4413,-0.2913
pmos,0.13u,mos_fs,0.1700,0.6000,5.072730e-09,1.469451e-07,5.235325e-09,1.042270e-14,28.967656,28.068000,2.243856e+06,0.4413,-0.2713
pmos,0.13u,mos_fs,0.1900,0.6000,8.803887e-09,2.555554e-07,9.103866e-09,1.044510e-14,29.027565,28.071085,3.893970e+06,0.4413,-0.2513
pmos,0.13u,mos_fs,0.2100,0.6000,1.529495e-08,4.448146e-07,1.584800e-08,1.046840e-14,29.082449,28.067554,6.762680e+06,0.4413,-0.2313
pmos,0.13u,mos_fs,0.2300,0.6000,2.659647e-08,7.747883e-07,2.761609e-08,1.049340e-14,29.131246,28.055684,1.175133e+07,0.4413,-0.2113
pmos,0.13u,mos_fs,0.2500,0.6000,4.628648e-08,1.350234e-06,4.816926e-08,1.052130e-14,29.171240,28.031031,2.042489e+07,0.4413,-0.1913
pmos,0.13u,mos_fs,0.2700,0.6000,8.060583e-08,2.353456e-06,8.409666e-08,1.055420e-14,29.197094,27.985130,3.548958e+07,0.4413,-0.1713
pmos,0.13u,mos_fs,0.2900,0.6000,1.404247e-07,4.100176e-06,1.469430e-07,1.059580e-14,29.198396,27.903173,6.158698e+07,0.4413,-0.1513
pmos,0.13u,mos_fs,0.3100,0.6000,2.446129e-07,7.131683e-06,2.569018e-07,1.065200e-14,29.154975,27.760347,1.065568e+08,0.4413,-0.1313
pmos,0.13u,mos_fs,0.3300,0.6000,4.256920e-07,1.235703e-05,4.490551e-07,1.073150e-14,29.028100,27.517848,1.832626e+08,0.4413,-0.1113
pmos,0.13u,mos_fs,0.3500,0.6000,7.388942e-07,2.124137e-05,7.831789e-07,1.084620e-14,28.747512,27.121990,3.116916e+08,0.4413,-0.0913
pmos,0.13u,mos_fs,0.3700,0.6000,1.275347e-06,3.596881e-05,1.356499e-06,1.100890e-14,28.203156,26.515913,5.199987e+08,0.4413,-0.0713
pmos,0.13u,mos_fs,0.3900,0.6000,2.177646e-06,5.937696e-05,2.312897e-06,1.122770e-14,27.266581,25.672116,8.416805e+08,0.4413,-0.0513
pmos,0.13u,mos_fs,0.4100,0.6000,3.650425e-06,9.440207e-05,3.833120e-06,1.149890e-14,25.860570,24.627998,1.306608e+09,0.4413,-0.0313
pmos,0.13u,mos_fs,0.4300,0.6000,5.953729e-06,1.430880e-04,6.094086e-06,1.180410e-14,24.033341,23.479813,1.929259e+09,0.4413,-0.0113
pmos,0.13u,mos_fs,0.4500,0.6000,9.373945e-06,2.057934e-04,9.215501e-06,1.211710e-14,21.953767,22.331222,2.703043e+09,0.4413,0.0087
pmos,0.13u,mos_fs,0.4700,0.6000,1.418547e-05,2.812514e-04,1.323411e-05,1.241510e-14,19.826724,21.252007,3.605493e+09,0.4413,0.0287
pmos,0.13u,mos_fs,0.4900,0.6000,2.062400e-05,3.673480e-04,1.811889e-05,1.268440e-14,17.811676,20.274310,4.609225e+09,0.4413,0.0487
pmos,0.13u,mos_fs,0.5100,0.6000,2.887939e-05,4.619285e-04,2.380384e-05,1.292050e-14,15.995092,19.405630,5.690043e+09,0.4413,0.0687
pmos,0.13u,mos_fs,0.5300,0.6000,3.910114e-05,5.631987e-04,3.021445e-05,1.312450e-14,14.403639,18.640045,6.829659e+09,0.4413,0.0887
pmos,0.13u,mos_fs,0.5500,0.6000,5.140734e-05,6.697686e-04,3.728199e-05,1.330020e-14,13.028657,17.964937,8.014690e+09,0.4413,0.1087
pmos,0.13u,mos_fs,0.5700,0.6000,6.589188e-05,7.805436e-04,4.494944e-05,1.345210e-14,11.845824,17.364924,9.234794e+09,0.4413,0.1287
pmos,0.13u,mos_fs,0.5900,0.6000,8.262908e-05,8.946035e-04,5.317358e-05,1.358450e-14,10.826739,16.824210,1.048110e+10,0.4413,0.1487
pmos,0.13u,mos_fs,0.6100,0.6000,1.016760e-04,1.011116e-03,6.192609e-05,1.370110e-14,9.944490,16.327787,1.174534e+10,0.4413,0.1687
pmos,0.13u,mos_fs,0.6300,0.6000,1.230737e-04,1.129288e-03,7.119456e-05,1.380520e-14,9.175705,15.861998,1.301914e+10,0.4413,0.1887
pmos,0.13u,mos_fs,0.6500,0.6000,1.468476e-04,1.248342e-03,8.098382e-05,1.389910e-14,8.500936,15.414709,1.429444e+10,0.4413,0.2087
pmos,0.13u,mos_fs,0.6700,0.6000,1.730074e-04,1.367506e-03,9.131732e-05,1.398490e-14,7.904321,14.975319,1.556288e+10,0.4413,0.2287
pmos,0.13u,mos_fs,0.6900,0.6000,2.015478e-04,1.486021e-03,1.022383e-04,1.406430e-14,7.373045,14.534876,1.681616e+10,0.4413,0.2487
pmos,0.13u,mos_fs,0.7100,0.6000,2.324482e-04,1.603140e-03,1.138103e-04,1.413840e-14,6.896762,14.086071,1.804643e+10,0.4413,0.2687
pmos,0.13u,mos_fs,0.7300,0.6000,2.656734e-04,1.718146e-03,1.261175e-04,1.420830e-14,6.467136,13.623375,1.924589e+10,0.4413,0.2887
pmos,0.13u,mos_fs,0.7500,0.6000,3.011741e-04,1.830352e-03,1.392630e-04,1.427480e-14,6.077388,13.143132,2.040726e+10,0.4413,0.3087
pmos,0.13u,mos_fs,0.7700,0.6000,3.388875e-04,1.939119e-03,1.533677e-04,1.433840e-14,5.722014,12.643594,2.152405e+10,0.4413,0.3287
pmos,0.13u,mos_fs,0.7900,0.6000,3.787388e-04,2.043861e-03,1.685673e-04,1.439960e-14,5.396492,12.124896,2.259025e+10,0.4413,0.3487
pmos,0.13u,mos_fs,0.8100,0.6000,4.206419e-04,2.144050e-03,1.850090e-04,1.445880e-14,5.097091,11.588896,2.360059e+10,0.4413,0.3687
pmos,0.13u,mos_fs,0.8300,0.6000,4.645009e-04,2.239230e-03,2.028477e-04,1.451620e-14,4.820723,11.038972,2.455081e+10,0.4413,0.3887
pmos,0.13u,mos_fs,0.8500,0.6000,5.102111e-04,2.329010e-03,2.222421e-04,1.457200e-14,4.564797,10.479608,2.543738e+10,0.4413,0.4087
pmos,0.13u,mos_fs,0.8700,0.6000,5.576613e-04,2.413076e-03,2.433506e-04,1.462630e-14,4.327135,9.916047,2.625770e+10,0.4413,0.4287
pmos,0.13u,mos_fs,0.8900,0.6000,6.067342e-04,2.491184e-03,2.663271e-04,1.467930e-14,4.105890,9.353851,2.700975e+10,0.4413,0.4487
pmos,0.13u,mos_fs,0.9100,0.6000,6.573086e-04,2.563162e-03,2.913175e-04,1.473090e-14,3.899480,8.798517,2.769280e+10,0.4413,0.4687
pmos,0.13u,mos_fs,0.9300,0.6000,7.092606e-04,2.628909e-03,3.184564e-04,1.478120e-14,3.706549,8.255161,2.830649e+10,0.4413,0.4887
pmos,0.13u,mos_fs,0.9500,0.6000,7.624650e-04,2.688387e-03,3.478643e-04,1.483030e-14,3.525915,7.728264,2.885107e+10,0.4413,0.5087
pmos,0.13u,mos_fs,0.9700,0.6000,8.167961e-04,2.741616e-03,3.796451e-04,1.487820e-14,3.356549,7.221523,2.932759e+10,0.4413,0.5287
pmos,0.13u,mos_fs,0.9900,0.6000,8.721296e-04,2.788674e-03,4.138847e-04,1.492480e-14,3.197545,6.737804,2.973784e+10,0.4413,0.5487
pmos,0.13u,mos_fs,1.0100,0.6000,9.283431e-04,2.829684e-03,4.506496e-04,1.497010e-14,3.048102,6.279122,3.008385e+10,0.4413,0.5687
pmos,0.13u,mos_fs,1.0300,0.6000,9.853170e-04,2.864812e-03,4.899866e-04,1.501420e-14,2.907503,5.846715,3.036785e+10,0.4413,0.5887
pmos,0.13u,mos_fs,1.0500,0.6000,1.042936e-03,2.894260e-03,5.319225e-04,1.505700e-14,2.775108,5.441131,3.059280e+10,0.4413,0.6087
pmos,0.13u,mos_fs,1.0700,0.6000,1.101087e-03,2.918259e-03,5.764643e-04,1.509850e-14,2.650344,5.062341,3.076169e+10,0.4413,0.6287
pmos,0.13u,mos_fs,1.0900,0.6000,1.159666e-03,2.937062e-03,6.236004e-04,1.513870e-14,2.532679,4.709846,3.087768e+10,0.4413,0.6487
pmos,0.13u,mos_fs,1.1100,0.6000,1.218570e-03,2.950941e-03,6.733014e-04,1.517760e-14,2.421643,4.382794,3.094408e+10,0.4413,0.6687
pmos,0.13u,mos_fs,1.1300,0.6000,1.277704e-03,2.960180e-03,7.255214e-04,1.521520e-14,2.316796,4.080073,3.096425e+10,0.4413,0.6887
pmos,0.13u,mos_fs,1.1500,0.6000,1.336977e-03,2.967171e-03,7.801996e-04,1.525140e-14,2.219313,3.803092,3.096371e+10,0.4413,0.7087
pmos,0.13u,mos_sf,0.0500,0.6000,2.139783e-09,4.763698e-08,2.081143e-09,1.055980e-14,22.262528,22.889816,7.179739e+05,0.3698,-0.3198
pmos,0.13u,mos_sf,0.0700,0.6000,3.585883e-09,9.697299e-08,3.491645e-09,1.058370e-14,27.042988,27.772866,1.458255e+06,0.3698,-0.2998
pmos,0.13u,mos_sf,0.0900,0.6000,6.018703e-09,1.632460e-07,5.870315e-09,1.060800e-14,27.123119,27.808729,2.449228e+06,0.3698,-0.2798
pmos,0.13u,mos_sf,0.1100,0.6000,1.011572e-08,2.750835e-07,9.885581e-09,1.063300e-14,27.193665,27.826741,4.117455e+06,0.3698,-0.2598
pmos,0.13u,mos_sf,0.1300,0.6000,1.702204e-08,4.639624e-07,1.666996e-08,1.065890e-14,27.256569,27.832244,6.927723e+06,0.3698,-0.2398
pmos,0.13u,mos_sf,0.1500,0.6000,2.867422e-08,7.831526e-07,2.814385e-08,1.068640e-14,27.312080,27.826776,1.166367e+07,0.3698,-0.2198
pmos,0.13u,mos_sf,0.1700,0.6000,4.834815e-08,1.322744e-06,4.756607e-08,1.071640e-14,27.358730,27.808562,1.964477e+07,0.3698,-0.1998
pmos,0.13u,mos_sf,0.1900,0.6000,8.158397e-08,2.234811e-06,8.046951e-08,1.075060e-14,27.392771,27.772146,3.308478e+07,0.3698,-0.1798
pmos,0.13u,mos_sf,0.2100,0.6000,1.377406e-07,3.775036e-06,1.362477e-07,1.079190e-14,27.406850,27.707154,5.567283e+07,0.3698,-0.1598
pmos,0.13u,mos_sf,0.2300,0.6000,2.325854e-07,6.369880e-06,2.308261e-07,1.084470e-14,27.387274,27.596013,9.348326e+07,0.3698,-0.1398
pmos,0.13u,mos_sf,0.2500,0.6000,3.925358e-07,1.071974e-05,3.910718e-07,1.091580e-14,27.308949,27.411181,1.562963e+08,0.3698,-0.1198
pmos,0.13u,mos_sf,0.2700,0.6000,6.613750e-07,1.794156e-05,6.617240e-07,1.101460e-14,27.127666,27.113358,2.592457e+08,0.3698,-0.0998
pmos,0.13u,mos_sf,0.2900,0.6000,1.110198e-06,2.972252e-05,1.115056e-06,1.115240e-14,26.772269,26.655630,4.241675e+08,0.3698,-0.0798
pmos,0.13u,mos_sf,0.3100,0.6000,1.850276e-06,4.838040e-05,1.860790e-06,1.133900e-14,26.147667,25.999925,6.790704e+08,0.3698,-0.0598
pmos,0.13u,mos_sf,0.3300,0.6000,3.045414e-06,7.664064e-05,3.047996e-06,1.157760e-14,25.165918,25.144600,1.053563e+09,0.3698,-0.0398
pmos,0.13u,mos_sf,0.3500,0.6000,4.915902e-06,1.170064e-04,4.846885e-06,1.185940e-14,23.801614,24.140536,1.570244e+09,0.3698,-0.0198
pmos,0.13u,mos_sf,0.3700,0.6000,7.725672e-06,1.709495e-04,7.409414e-06,1.216500e-14,22.127460,23.071933,2.236536e+09,0.3698,0.0002
pmos,0.13u,mos_sf,0.3900,0.6000,1.175388e-05,2.384707e-04,1.083091e-05,1.247150e-14,20.288679,22.017605,3.043242e+09,0.3698,0.0202
pmos,0.13u,mos_sf,0.4100,0.6000,1.726450e-05,3.183470e-04,1.513867e-05,1.276060e-14,18.439399,21.028730,3.970542e+09,0.3698,0.0402
pmos,0.13u,mos_sf,0.4300,0.6000,2.448776e-05,4.087860e-04,2.030802e-05,1.302210e-14,16.693483,20.129289,4.996146e+09,0.3698,0.0602
pmos,0.13u,mos_sf,0.4500,0.6000,3.361594e-05,5.079986e-04,2.628727e-05,1.325300e-14,15.111837,19.324890,6.100542e+09,0.3698,0.0802
pmos,0.13u,mos_sf,0.4700,0.6000,4.480770e-05,6.144638e-04,3.301711e-05,1.345460e-14,13.713353,18.610466,7.268514e+09,0.3698,0.1002
pmos,0.13u,mos_sf,0.4900,0.6000,5.819449e-05,7.269529e-04,4.044158e-05,1.363010e-14,12.491782,17.975383,8.488430e+09,0.3698,0.1202
pmos,0.13u,mos_sf,0.5100,0.6000,7.388582e-05,8.444542e-04,4.851337e-05,1.378360e-14,11.429178,17.406628,9.750650e+09,0.3698,0.1402
pmos,0.13u,mos_sf,0.5300,0.6000,9.197266e-05,9.660870e-04,5.719630e-05,1.391860e-14,10.504067,16.890725,1.104691e+10,0.3698,0.1602
pmos,0.13u,mos_sf,0.5500,0.6000,1.125293e-04,1.091038e-03,6.646697e-05,1.403870e-14,9.695590,16.414740,1.236896e+10,0.3698,0.1802
pmos,0.13u,mos_sf,0.5700,0.6000,1.356142e-04,1.218521e-03,7.631646e-05,1.414650e-14,8.985202,15.966687,1.370895e+10,0.3698,0.2002
pmos,0.13u,mos_sf,0.5900,0.6000,1.612701e-04,1.347758e-03,8.675207e-05,1.424450e-14,8.357147,15.535745,1.505861e+10,0.3698,0.2202
pmos,0.13u,mos_sf,0.6100,0.6000,1.895245e-04,1.477971e-03,9.779928e-05,1.433440e-14,7.798311,15.112289,1.640992e+10,0.3698,0.2402
pmos,0.13u,mos_sf,0.6300,0.6000,2.203890e-04,1.608381e-03,1.095035e-04,1.441790e-14,7.297919,14.687941,1.775444e+10,0.3698,0.2602
pmos,0.13u,mos_sf,0.6500,0.6000,2.538597e-04,1.738211e-03,1.219315e-04,1.449620e-14,6.847132,14.255635,1.908396e+10,0.3698,0.2802
pmos,0.13u,mos_sf,0.6700,0.6000,2.899174e-04,1.866699e-03,1.351715e-04,1.457010e-14,6.438727,13.809856,2.039069e+10,0.3698,0.3002
pmos,0.13u,mos_sf,0.6900,0.6000,3.285277e-04,1.993098e-03,1.493338e-04,1.464060e-14,6.066758,13.346597,2.166656e+10,0.3698,0.3202
pmos,0.13u,mos_sf,0.7100,0.6000,3.696413e-04,2.116693e-03,1.645485e-04,1.470820e-14,5.726343,12.863642,2.290438e+10,0.3698,0.3402
pmos,0.13u,mos_sf,0.7300,0.6000,4.131954e-04,2.236809e-03,1.809640e-04,1.477330e-14,5.413441,12.360519,2.409747e+10,0.3698,0.3602
pmos,0.13u,mos_sf,0.7500,0.6000,4.591137e-04,2.352817e-03,1.987439e-04,1.483630e-14,5.124694,11.838436,2.523961e+10,0.3698,0.3802
pmos,0.13u,mos_sf,0.7700,0.6000,5.073081e-04,2.464144e-03,2.180627e-04,1.489760e-14,4.857293,11.300163,2.632509e+10,0.3698,0.4002
pmos,0.13u,mos_sf,0.7900,0.6000,5.576795e-04,2.570282e-03,2.391026e-04,1.495720e-14,4.608887,10.749703,2.734958e+10,0.3698,0.4202
pmos,0.13u,mos_sf,0.8100,0.6000,6.101193e-04,2.670788e-03,2.620480e-04,1.501530e-14,4.377485,10.191980,2.830907e+10,0.3698,0.4402
pmos,0.13u,mos_sf,0.8300,0.6000,6.645110e-04,2.765292e-03,2.870819e-04,1.507200e-14,4.161394,9.632415,2.920050e+10,0.3698,0.4602
pmos,0.13u,mos_sf,0.8500,0.6000,7.207310e-04,2.853496e-03,3.143812e-04,1.512740e-14,3.959169,9.076548,3.002155e+10,0.3698,0.4802
pmos,0.13u,mos_sf,0.8700,0.6000,7.786508e-04,2.935173e-03,3.441123e-04,1.518150e-14,3.769563,8.529695,3.077083e+10,0.3698,0.5002
pmos,0.13u,mos_sf,0.8900,0.6000,8.381380e-04,3.010169e-03,3.764283e-04,1.523440e-14,3.591496,7.996660,3.144747e+10,0.3698,0.5202
pmos,0.13u,mos_sf,0.9100,0.6000,8.990576e-04,3.078397e-03,4.114652e-04,1.528590e-14,3.424026,7.481549,3.205190e+10,0.3698,0.5402
pmos,0.13u,mos_sf,0.9300,0.6000,9.612738e-04,3.139834e-03,4.493398e-04,1.533620e-14,3.266326,6.987661,3.258435e+10,0.3698,0.5602
pmos,0.13u,mos_sf,0.9500,0.6000,1.024651e-03,3.194516e-03,4.901478e-04,1.538520e-14,3.117663,6.517455,3.304624e+10,0.3698,0.5802
pmos,0.13u,mos_sf,0.9700,0.6000,1.089054e-03,3.242534e-03,5.339624e-04,1.543280e-14,2.977386,6.072589,3.343951e+10,0.3698,0.6002
pmos,0.13u,mos_sf,0.9900,0.6000,1.154352e-03,3.284026e-03,5.808338e-04,1.547920e-14,2.844909,5.653986,3.376589e+10,0.3698,0.6202
pmos,0.13u,mos_sf,1.0100,0.6000,1.220416e-03,3.319173e-03,6.307890e-04,1.552410e-14,2.719706,5.261939,3.402856e+10,0.3698,0.6402
pmos,0.13u,mos_sf,1.0300,0.6000,1.287119e-03,3.348190e-03,6.838324e-04,1.556780e-14,2.601306,4.896214,3.422969e+10,0.3698,0.6602
pmos,0.13u,mos_sf,1.0500,0.6000,1.354343e-03,3.371322e-03,7.399466e-04,1.561000e-14,2.489267,4.556169,3.437300e+10,0.3698,0.6802
pmos,0.13u,mos_sf,1.0700,0.6000,1.421972e-03,3.388838e-03,7.990932e-04,1.565080e-14,2.383196,4.240855,3.446152e+10,0.3698,0.7002
pmos,0.13u,mos_sf,1.0900,0.6000,1.489897e-03,3.401025e-03,8.612151e-04,1.569020e-14,2.282725,3.949101,3.449860e+10,0.3698,0.7202
pmos,0.13u,mos_sf,1.1100,0.6000,1.558013e-03,3.408182e-03,9.262375e-04,1.572830e-14,2.187518,3.679598,3.448745e+10,0.3698,0.7402
pmos,0.13u,mos_sf,1.1300,0.6000,1.626224e-03,3.410619e-03,9.940701e-04,1.576490e-14,2.097263,3.430964,3.443199e+10,0.3698,0.7602
pmos,0.13u,mos_sf,1.1500,0.6000,1.694438e-03,3.410773e-03,1.064609e-03,1.580010e-14,2.012923,3.203780,3.435683e+10,0.3698,0.7802
pmos,0.13u,mos_ss,0.0500,0.6000,4.838825e-11,1.113380e-09,5.165975e-11,1.016650e-14,23.009305,21.552176,1.742979e+04,0.4784,-0.4284
pmos,0.13u,mos_ss,0.0700,0.6000,8.423113e-11,2.470909e-09,8.932901e-11,1.018620e-14,29.334867,27.660768,3.860688e+04,0.4784,-0.4084
pmos,0.13u,mos_ss,0.0900,0.6000,1.472246e-10,4.345357e-09,1.557103e-10,1.020600e-14,29.515156,27.906677,6.776260e+04,0.4784,-0.3884
pmos,0.13u,mos_ss,0.1100,0.6000,2.580454e-10,7.649607e-09,2.727731e-10,1.022590e-14,29.644423,28.043847,1.190578e+05,0.4784,-0.3684
pmos,0.13u,mos_ss,0.1300,0.6000,4.532089e-10,1.348051e-08,4.793893e-10,1.024590e-14,29.744584,28.120173,2.093998e+05,0.4784,-0.3484
pmos,0.13u,mos_ss,0.1500,0.6000,7.972656e-10,2.378067e-08,8.444036e-10,1.026600e-14,29.827789,28.162682,3.686744e+05,0.4784,-0.3284
pmos,0.13u,mos_ss,0.1700,0.6000,1.404436e-09,4.199371e-08,1.489858e-09,1.028610e-14,29.900764,28.186384,6.497610e+05,0.4784,-0.3084
pmos,0.13u,mos_ss,0.1900,0.6000,2.477014e-09,7.422892e-08,2.632294e-09,1.030640e-14,29.967097,28.199327,1.146268e+06,0.4784,-0.2884
pmos,0.13u,mos_ss,0.2100,0.6000,4.373593e-09,1.313328e-07,4.656278e-09,1.032700e-14,30.028583,28.205532,2.024040e+06,0.4784,-0.2684
pmos,0.13u,mos_ss,0.2300,0.6000,7.730328e-09,2.325740e-07,8.245395e-09,1.034800e-14,30.085916,28.206532,3.577049e+06,0.4784,-0.2484
pmos,0.13u,mos_ss,0.2500,0.6000,1.367655e-08,4.121949e-07,1.461585e-08,1.036990e-14,30.138807,28.201911,6.326277e+06,0.4784,-0.2284
pmos,0.13u,mos_ss,0.2700,0.6000,2.421812e-08,7.310474e-07,2.593352e-08,1.039350e-14,30.185968,28.189286,1.119448e+07,0.4784,-0.2084
pmos,0.13u,mos_ss,0.2900,0.6000,4.291845e-08,1.297189e-06,4.605911e-08,1.042010e-14,30.224507,28.163571,1.981306e+07,0.4784,-0.1884
pmos,0.13u,mos_ss,0.3100,0.6000,7.610569e-08,2.302092e-06,8.188052e-08,1.045200e-14,30.248619,28.115259,3.505447e+07,0.4784,-0.1684
pmos,0.13u,mos_ss,0.3300,0.6000,1.350021e-07,4.083369e-06,1.456911e-07,1.049320e-14,30.246707,28.027580,6.193424e+07,0.4784,-0.1484
pmos,0.13u,mos_ss,0.3500,0.6000,2.394405e-07,7.230009e-06,2.593990e-07,1.055020e-14,30.195431,27.872154,1.090682e+08,0.4784,-0.1284
pmos,0.13u,mos_ss,0.3700,0.6000,4.242025e-07,1.274655e-05,4.617664e-07,1.063280e-14,30.048267,27.603892,1.907942e+08,0.4784,-0.1084
pmos,0.13u,mos_ss,0.3900,0.6000,7.493025e-07,2.226839e-05,8.198741e-07,1.075410e-14,29.718825,27.160743,3.295603e+08,0.4784,-0.0884
pmos,0.13u,mos_ss,0.4100,0.6000,1.314938e-06,3.822878e-05,1.443654e-06,1.092770e-14,29.072686,26.480569,5.567777e+08,0.4784,-0.0684
pmos,0.13u,mos_ss,0.4300,0.6000,2.278454e-06,6.371273e-05,2.494252e-06,1.116060e-14,27.963141,25.543822,9.085709e+08,0.4784,-0.0484
pmos,0.13u,mos_ss,0.4500,0.6000,3.863447e-06,1.017092e-04,4.166531e-06,1.144520e-14,26.326024,24.411003,1.414350e+09,0.4784,-0.0284
pmos,0.13u,mos_ss,0.4700,0.6000,6.346823e-06,1.539570e-04,6.636112e-06,1.175870e-14,24.257333,23.199880,2.083820e+09,0.4784,-0.0084
pmos,0.13u,mos_ss,0.4900,0.6000,1.002173e-05,2.202395e-04,1.000230e-05,1.207270e-14,21.976196,22.018886,2.903427e+09,0.4784,0.0116
pmos,0.13u,mos_ss,0.5100,0.6000,1.515640e-05,2.987404e-04,1.427300e-05,1.236530e-14,19.710512,20.930456,3.845116e+09,0.4784,0.0316
pmos,0.13u,mos_ss,0.5300,0.6000,2.197135e-05,3.870381e-04,1.939286e-05,1.262520e-14,17.615581,19.957763,4.879054e+09,0.4784,0.0516
pmos,0.13u,mos_ss,0.5500,0.6000,3.063793e-05,4.829062e-04,2.528099e-05,1.285020e-14,15.761711,19.101554,5.980989e+09,0.4784,0.0716
pmos,0.13u,mos_ss,0.5700,0.6000,4.128760e-05,5.846015e-04,3.185597e-05,1.304290e-14,14.159251,18.351395,7.133553e+09,0.4784,0.0916
pmos,0.13u,mos_ss,0.5900,0.6000,5.402199e-05,6.908113e-04,3.904713e-05,1.320820e-14,12.787594,17.691730,8.324074e+09,0.4784,0.1116
pmos,0.13u,mos_ss,0.6100,0.6000,6.892005e-05,8.005022e-04,4.679834e-05,1.335070e-14,11.614939,17.105355,9.542862e+09,0.4784,0.1316
pmos,0.13u,mos_ss,0.6300,0.6000,8.604207e-05,9.127910e-04,5.506896e-05,1.347480e-14,10.608659,16.575417,1.078125e+10,0.4784,0.1516
pmos,0.13u,mos_ss,0.6500,0.6000,1.054317e-04,1.026864e-03,6.383441e-05,1.358430e-14,9.739613,16.086371,1.203084e+10,0.4784,0.1716
pmos,0.13u,mos_ss,0.6700,0.6000,1.271166e-04,1.141935e-03,7.308696e-05,1.368220e-14,8.983366,15.624333,1.328329e+10,0.4784,0.1916
pmos,0.13u,mos_ss,0.6900,0.6000,1.511091e-04,1.257234e-03,8.283678e-05,1.377080e-14,8.320042,15.177244,1.453038e+10,0.4784,0.2116
pmos,0.13u,mos_ss,0.7100,0.6000,1.774060e-04,1.371998e-03,9.311297e-05,1.385200e-14,7.733662,14.734768,1.576381e+10,0.4784,0.2316
pmos,0.13u,mos_ss,0.7300,0.6000,2.059890e-04,1.485484e-03,1.039643e-04,1.392740e-14,7.211472,14.288405,1.697532e+10,0.4784,0.2516
pmos,0.13u,mos_ss,0.7500,0.6000,2.368253e-04,1.596974e-03,1.154591e-04,1.399800e-14,6.743258,13.831513,1.815733e+10,0.4784,0.2716
pmos,0.13u,mos_ss,0.7700,0.6000,2.698680e-04,1.705786e-03,1.276848e-04,1.406470e-14,6.320816,13.359351,1.930253e+10,0.4784,0.2916
pmos,0.13u,mos_ss,0.7900,0.6000,3.050568e-04,1.811285e-03,1.407462e-04,1.412830e-14,5.937534,12.869157,2.040408e+10,0.4784,0.3116
pmos,0.13u,mos_ss,0.8100,0.6000,3.423194e-04,1.912890e-03,1.547631e-04,1.418920e-14,5.588027,12.360117,2.145617e+10,0.4784,0.3316
pmos,0.13u,mos_ss,0.8300,0.6000,3.815724e-04,2.010084e-03,1.698674e-04,1.424790e-14,5.267897,11.833253,2.245347e+10,0.4784,0.3516
pmos,0.13u,mos_ss,0.8500,0.6000,4.227227e-04,2.102417e-03,1.861997e-04,1.430470e-14,4.973513,11.291194,2.339162e+10,0.4784,0.3716
pmos,0.13u,mos_ss,0.8700,0.6000,4.656691e-04,2.189513e-03,2.039053e-04,1.435970e-14,4.701864,10.737892,2.426735e+10,0.4784,0.3916
pmos,0.13u,mos_ss,0.8900,0.6000,5.103032e-04,2.271066e-03,2.231306e-04,1.441320e-14,4.450425,10.178192,2.507780e+10,0.4784,0.4116
pmos,0.13u,mos_ss,0.9100,0.6000,5.565117e-04,2.346847e-03,2.440194e-04,1.446520e-14,4.217067,9.617461,2.582144e+10,0.4784,0.4316
pmos,0.13u,mos_ss,0.9300,0.6000,6.041771e-04,2.416696e-03,2.667089e-04,1.451580e-14,3.999979,9.061175,2.649727e+10,0.4784,0.4516
pmos,0.13u,mos_ss,0.9500,0.6000,6.531796e-04,2.480520e-03,2.913271e-04,1.456500e-14,3.797608,8.514553,2.710518e+10,0.4784,0.4716
pmos,0.13u,mos_ss,0.9700,0.6000,7.033979e-04,2.538292e-03,3.179899e-04,1.461300e-14,3.608615,7.982304,2.764537e+10,0.4784,0.4916
pmos,0.13u,mos_ss,0.9900,0.6000,7.547112e-04,2.590040e-03,3.467985e-04,1.465970e-14,3.431829,7.468429,2.811911e+10,0.4784,0.5116
pmos,0.13u,mos_ss,1.0100,0.6000,8.069995e-04,2.635849e-03,3.778382e-04,1.470520e-14,3.266234,6.976132,2.852789e+10,0.4784,0.5316
pmos,0.13u,mos_ss,1.0300,0.6000,8.601452e-04,2.675845e-03,4.111769e-04,1.474940e-14,3.110922,6.507771,2.887399e+10,0.4784,0.5516
pmos,0.13u,mos_ss,1.0500,0.6000,9.140333e-04,2.710198e-03,4.468644e-04,1.479230e-14,2.965098,6.064923,2.915986e+10,0.4784,0.5716
pmos,0.13u,mos_ss,1.0700,0.6000,9.685531e-04,2.739108e-03,4.849324e-04,1.483390e-14,2.828041,5.648433,2.938826e+10,0.4784,0.5916
pmos,0.13u,mos_ss,1.0900,0.6000,1.023598e-03,2.762806e-03,5.253946e-04,1.487430e-14,2.699112,5.258535,2.956201e+10,0.4784,0.6116
pmos,0.13u,mos_ss,1.1100,0.6000,1.079065e-03,2.781540e-03,5.682472e-04,1.491350e-14,2.577732,4.894947,2.968424e+10,0.4784,0.6316
pmos,0.13u,mos_ss,1.1300,0.6000,1.134859e-03,2.795576e-03,6.134700e-04,1.495130e-14,2.463369,4.556989,2.975860e+10,0.4784,0.6516
pmos,0.13u,mos_ss,1.1500,0.6000,1.190888e-03,2.807333e-03,6.610274e-04,1.498790e-14,2.357344,4.246924,2.981078e+10,0.4784,0.6716
pmos,0.13u,mos_tt,0.0500,0.6000,7.075258e-10,1.595539e-08,7.047654e-10,1.042660e-14,22.550966,22.639292,2.435482e+05,0.4038,-0.3538
pmos,0.13u,mos_tt,0.0700,0.6000,1.199650e-09,3.325705e-08,1.195313e-09,1.044890e-14,27.722294,27.822880,5.065628e+05,0.4038,-0.3338
pmos,0.13u,mos_tt,0.0900,0.6000,2.037808e-09,5.667954e-08,2.032797e-09,1.047140e-14,27.813975,27.882538,8.614731e+05,0.4038,-0.3138
pmos,0.13u,mos_tt,0.1100,0.6000,3.466832e-09,9.669942e-08,3.463957e-09,1.049420e-14,27.892733,27.915883,1.466543e+06,0.4038,-0.2938
pmos,0.13u,mos_tt,0.1300,0.6000,5.905785e-09,1.651425e-07,5.912003e-09,1.051730e-14,27.962836,27.933426,2.499049e+06,0.4038,-0.2738
pmos,0.13u,mos_tt,0.1500,0.6000,1.007253e-08,2.822969e-07,1.010348e-08,1.054110e-14,28.026414,27.940561,4.262264e+06,0.4038,-0.2538
pmos,0.13u,mos_tt,0.1700,0.6000,1.719766e-08,4.829798e-07,1.728681e-08,1.056580e-14,28.084042,27.939209,7.275230e+06,0.4038,-0.2338
pmos,0.13u,mos_tt,0.1900,0.6000,2.939173e-08,8.269360e-07,2.960889e-08,1.059230e-14,28.134989,27.928639,1.242515e+07,0.4038,-0.2138
pmos,0.13u,mos_tt,0.2100,0.6000,5.027510e-08,1.416596e-06,5.076460e-08,1.062150e-14,28.176891,27.905194,2.122659e+07,0.4038,-0.1938
pmos,0.13u,mos_tt,0.2300,0.6000,8.605558e-08,2.427184e-06,8.711625e-08,1.065570e-14,28.204842,27.861438,3.625274e+07,0.4038,-0.1738
pmos,0.13u,mos_tt,0.2500,0.6000,1.473625e-07,4.157020e-06,1.496181e-07,1.069800e-14,28.209483,27.784205,6.184430e+07,0.4038,-0.1538
pmos,0.13u,mos_tt,0.2700,0.6000,2.523364e-07,7.109118e-06,2.570951e-07,1.075390e-14,28.173177,27.651706,1.052131e+08,0.4038,-0.1338
pmos,0.13u,mos_tt,0.2900,0.6000,4.317272e-07,1.211563e-05,4.416902e-07,1.083120e-14,28.063161,27.430154,1.780285e+08,0.4038,-0.1138
pmos,0.13u,mos_tt,0.3100,0.6000,7.369614e-07,2.050325e-05,7.573385e-07,1.094080e-14,27.821335,27.072769,2.982591e+08,0.4038,-0.0938
pmos,0.13u,mos_tt,0.3300,0.6000,1.251857e-06,3.424691e-05,1.290963e-06,1.109460e-14,27.356887,26.528189,4.912809e+08,0.4038,-0.0738
pmos,0.13u,mos_tt,0.3500,0.6000,2.106838e-06,5.595515e-05,2.171742e-06,1.130130e-14,26.558829,25.765100,7.880101e+08,0.4038,-0.0538
pmos,0.13u,mos_tt,0.3700,0.6000,3.490063e-06,8.846148e-05,3.566428e-06,1.155990e-14,25.346671,24.803944,1.217924e+09,0.4038,-0.0338
pmos,0.13u,mos_tt,0.3900,0.6000,5.645297e-06,1.339933e-04,5.648711e-06,1.185610e-14,23.735385,23.721040,1.798711e+09,0.4038,-0.0138
pmos,0.13u,mos_tt,0.4100,0.6000,8.849795e-06,1.933684e-04,8.551775e-06,1.216640e-14,21.850043,22.611493,2.529552e+09,0.4038,0.0062
pmos,0.13u,mos_tt,0.4300,0.6000,1.338003e-05,2.658362e-04,1.233662e-05,1.246780e-14,19.868132,21.548544,3.393473e+09,0.4038,0.0262
pmos,0.13u,mos_tt,0.4500,0.6000,1.948324e-05,3.496360e-04,1.699591e-05,1.274500e-14,17.945475,20.571773,4.366128e+09,0.4038,0.0462
pmos,0.13u,mos_tt,0.4700,0.6000,2.736547e-05,4.427497e-04,2.248018e-05,1.299120e-14,16.179137,19.695114,5.424118e+09,0.4038,0.0662
pmos,0.13u,mos_tt,0.4900,0.6000,3.719323e-05,5.433783e-04,2.872393e-05,1.320590e-14,14.609602,18.917269,6.548690e+09,0.4038,0.0862
pmos,0.13u,mos_tt,0.5100,0.6000,4.910061e-05,6.500752e-04,3.566208e-05,1.339200e-14,13.239656,18.228752,7.725708e+09,0.4038,0.1062
pmos,0.13u,mos_tt,0.5300,0.6000,6.319624e-05,7.616894e-04,4.323795e-05,1.355340e-14,12.052765,17.616224,8.944371e+09,0.4038,0.1262
pmos,0.13u,mos_tt,0.5500,0.6000,7.956818e-05,8.772615e-04,5.140657e-05,1.369440e-14,11.025280,17.065163,1.019545e+10,0.4038,0.1462
pmos,0.13u,mos_tt,0.5700,0.6000,9.828670e-05,9.959374e-04,6.013642e-05,1.381860e-14,10.132982,16.561302,1.147065e+10,0.4038,0.1662
pmos,0.13u,mos_tt,0.5900,0.6000,1.194057e-04,1.116913e-03,6.941078e-05,1.392920e-14,9.353934,16.091348,1.276184e+10,0.4038,0.1862
pmos,0.13u,mos_tt,0.6100,0.6000,1.429632e-04,1.239405e-03,7.922922e-05,1.402890e-14,8.669399,15.643282,1.406079e+10,0.4038,0.2062
pmos,0.13u,mos_tt,0.6300,0.6000,1.689819e-04,1.362636e-03,8.960929e-05,1.411980e-14,8.063799,15.206414,1.535930e+10,0.4038,0.2262
pmos,0.13u,mos_tt,0.6500,0.6000,1.974687e-04,1.485835e-03,1.005881e-04,1.420350e-14,7.524408,14.771479,1.664928e+10,0.4038,0.2462
pmos,0.13u,mos_tt,0.6700,0.6000,2.284153e-04,1.608239e-03,1.122234e-04,1.428160e-14,7.040855,14.330692,1.792230e+10,0.4038,0.2662
pmos,0.13u,mos_tt,0.6900,0.6000,2.617983e-04,1.729101e-03,1.245944e-04,1.435510e-14,6.604707,13.877839,1.917054e+10,0.4038,0.2862
pmos,0.13u,mos_tt,0.7100,0.6000,2.975793e-04,1.847698e-03,1.378009e-04,1.442470e-14,6.209095,13.408461,2.038658e+10,0.4038,0.3062
pmos,0.13u,mos_tt,0.7300,0.6000,3.357062e-04,1.963342e-03,1.519626e-04,1.449130e-14,5.848394,12.919903,2.156298e+10,0.4038,0.3262
pmos,0.13u,mos_tt,0.7500,0.6000,3.761130e-04,2.075388e-03,1.672165e-04,1.455530e-14,5.517991,12.411383,2.269333e+10,0.4038,0.3462
pmos,0.13u,mos_tt,0.7700,0.6000,4.187217e-04,2.183244e-03,1.837142e-04,1.461710e-14,5.214069,11.883915,2.377175e+10,0.4038,0.3662
pmos,0.13u,mos_tt,0.7900,0.6000,4.634428e-04,2.286378e-03,2.016181e-04,1.467700e-14,4.933463,11.340143,2.479310e+10,0.4038,0.3862
pmos,0.13u,mos_tt,0.8100,0.6000,5.101768e-04,2.384322e-03,2.210973e-04,1.473520e-14,4.673521,10.784039,2.575307e+10,0.4038,0.4062
pmos,0.13u,mos_tt,0.8300,0.6000,5.588157e-04,2.476680e-03,2.423232e-04,1.479200e-14,4.432016,10.220565,2.664791e+10,0.4038,0.4262
pmos,0.13u,mos_tt,0.8500,0.6000,6.092440e-04,2.563127e-03,2.654655e-04,1.484730e-14,4.207062,9.655217,2.747532e+10,0.4038,0.4462
pmos,0.13u,mos_tt,0.8700,0.6000,6.613408e-04,2.643412e-03,2.906876e-04,1.490140e-14,3.997050,9.093652,2.823306e+10,0.4038,0.4662
pmos,0.13u,mos_tt,0.8900,0.6000,7.149805e-04,2.717354e-03,3.181433e-04,1.495410e-14,3.800599,8.541289,2.892052e+10,0.4038,0.4862
pmos,0.13u,mos_tt,0.9100,0.6000,7.700349e-04,2.784843e-03,3.479727e-04,1.500560e-14,3.616515,8.003050,2.953707e+10,0.4038,0.5062
pmos,0.13u,mos_tt,0.9300,0.6000,8.263742e-04,2.845834e-03,3.803000e-04,1.505590e-14,3.443759,7.483129,3.008313e+10,0.4038,0.5262
pmos,0.13u,mos_tt,0.9500,0.6000,8.838683e-04,2.900343e-03,4.152308e-04,1.510490e-14,3.281420,6.984894,3.055988e+10,0.4038,0.5462
pmos,0.13u,mos_tt,0.9700,0.6000,9.423880e-04,2.948443e-03,4.528507e-04,1.515270e-14,3.128693,6.510850,3.096869e+10,0.4038,0.5662
pmos,0.13u,mos_tt,0.9900,0.6000,1.001806e-03,2.990255e-03,4.932240e-04,1.519920e-14,2.984864,6.062671,3.131177e+10,0.4038,0.5862
pmos,0.13u,mos_tt,1.0100,0.6000,1.061998e-03,3.025944e-03,5.363932e-04,1.524440e-14,2.849294,5.641280,3.159153e+10,0.4038,0.6062
pmos,0.13u,mos_tt,1.0300,0.6000,1.122844e-03,3.055714e-03,5.823794e-04,1.528830e-14,2.721406,5.246947,3.181073e+10,0.4038,0.6262
pmos,0.13u,mos_tt,1.0500,0.6000,1.184227e-03,3.079797e-03,6.311824e-04,1.533080e-14,2.600681,4.879409,3.197256e+10,0.4038,0.6462
pmos,0.13u,mos_tt,1.0700,0.6000,1.246036e-03,3.098451e-03,6.827818e-04,1.537210e-14,2.486646,4.537981,3.207979e+10,0.4038,0.6662
pmos,0.13u,mos_tt,1.0900,0.6000,1.308165e-03,3.111955e-03,7.371385e-04,1.541200e-14,2.378870,4.221669,3.213619e+10,0.4038,0.6862
pmos,0.13u,mos_tt,1.1100,0.6000,1.370514e-03,3.120600e-03,7.941954e-04,1.545050e-14,2.276956,3.929260,3.214517e+10,0.4038,0.7062
pmos,0.13u,mos_tt,1.1300,0.6000,1.432989e-03,3.124685e-03,8.538800e-04,1.548770e-14,2.180537,3.659396,3.210994e+10,0.4038,0.7262
pmos,0.13u,mos_tt,1.1500,0.6000,1.495501e-03,3.126566e-03,9.161059e-04,1.552360e-14,2.090648,3.412887,3.205496e+10,0.4038,0.7462
pmos,0.26u,mos_ff,0.0500,0.6000,1.263573e-09,2.967544e-08,2.255043e-10,1.408080e-14,23.485339,131.595894,3.354208e+05,0.3366,-0.2866
pmos,0.26u,mos_ff,0.0700,0.6000,2.238427e-09,6.781000e-08,3.849955e-10,1.408050e-14,30.293595,176.131929,7.664711e+05,0.3366,-0.2666
pmos,0.26u,mos_ff,0.0900,0.6000,3.975973e-09,1.209396e-07,6.707547e-10,1.408360e-14,30.417611,180.303768,1.366706e+06,0.3366,-0.2466
pmos,0.26u,mos_ff,0.1100,0.6000,7.076012e-09,2.158952e-07,1.183107e-09,1.409160e-14,30.510858,182.481551,2.438388e+06,0.3366,-0.2266
pmos,0.26u,mos_ff,0.1300,0.6000,1.261178e-08,3.856819e-07,2.103148e-09,1.410790e-14,30.581084,183.383148,4.350979e+06,0.3366,-0.2066
pmos,0.26u,mos_ff,0.1500,0.6000,2.250329e-08,6.892346e-07,3.759388e-09,1.413790e-14,30.628170,183.336915,7.758938e+06,0.3366,-0.1866
pmos,0.26u,mos_ff,0.1700,0.6000,4.018117e-08,1.231318e-06,6.752189e-09,1.419180e-14,30.644155,182.358343,1.380870e+07,0.3366,-0.1666
pmos,0.26u,mos_ff,0.1900,0.6000,7.175603e-08,2.196485e-06,1.219066e-08,1.428680e-14,30.610459,180.177693,2.446884e+07,0.3366,-0.1466
pmos,0.26u,mos_ff,0.2100,0.6000,1.280406e-07,3.904155e-06,2.215272e-08,1.445110e-14,30.491539,176.238178,4.299780e+07,0.3366,-0.1266
pmos,0.26u,mos_ff,0.2300,0.6000,2.279222e-07,6.888992e-06,4.058307e-08,1.472760e-14,30.225191,169.750391,7.444642e+07,0.3366,-0.1066
pmos,0.26u,mos_ff,0.2500,0.6000,4.036003e-07,1.199237e-05,7.497333e-08,1.517210e-14,29.713481,159.955147,1.257997e+08,0.3366,-0.0866
pmos,0.26u,mos_ff,0.2700,0.6000,7.076169e-07,2.040181e-05,1.390732e-07,1.583900e-14,28.831717,146.698357,2.050034e+08,0.3366,-0.0666
pmos,0.26u,mos_ff,0.2900,0.6000,1.219673e-06,3.351631e-05,2.558615e-07,1.674920e-14,27.479751,130.993956,3.184801e+08,0.3366,-0.0466
pmos,0.26u,mos_ff,0.3100,0.6000,2.048269e-06,5.256398e-05,4.578263e-07,1.785940e-14,25.662635,114.812059,4.684266e+08,0.3366,-0.0266
pmos,0.26u,mos_ff,0.3300,0.6000,3.322232e-06,7.814527e-05,7.812290e-07,1.906710e-14,23.521918,100.028634,6.522862e+08,0.3366,-0.0066
pmos,0.26u,mos_ff,0.3500,0.6000,5.174080e-06,1.100578e-04,1.256209e-06,2.025770e-14,21.270989,87.611058,8.646709e+08,0.3366,0.0134
pmos,0.26u,mos_ff,0.3700,0.6000,7.724542e-06,1.475286e-04,1.899853e-06,2.134860e-14,19.098686,77.652639,1.099834e+09,0.3366,0.0334
pmos,0.26u,mos_ff,0.3900,0.6000,1.107523e-05,1.896041e-04,2.716253e-06,2.230250e-14,17.119653,69.803549,1.353051e+09,0.3366,0.0534
pmos,0.26u,mos_ff,0.4100,0.6000,1.530871e-05,2.354141e-04,3.701079e-06,2.311510e-14,15.377788,63.606883,1.620902e+09,0.3366,0.0734
pmos,0.26u,mos_ff,0.4300,0.6000,2.049179e-05,2.842551e-04,4.846547e-06,2.379960e-14,13.871658,58.651056,1.900898e+09,0.3366,0.0934
pmos,0.26u,mos_ff,0.4500,0.6000,2.667891e-05,3.355711e-04,6.144823e-06,2.437520e-14,12.578141,54.610377,2.191071e+09,0.3366,0.1134
pmos,0.26u,mos_ff,0.4700,0.6000,3.391463e-05,3.889087e-04,7.589832e-06,2.486140e-14,11.467284,51.240752,2.489672e+09,0.3366,0.1334
pmos,0.26u,mos_ff,0.4900,0.6000,4.223526e-05,4.438800e-04,9.178074e-06,2.527510e-14,10.509702,48.363088,2.795071e+09,0.3366,0.1534
pmos,0.26u,mos_ff,0.5100,0.6000,5.166983e-05,5.001384e-04,1.090902e-05,2.563080e-14,9.679505,45.846318,3.105619e+09,0.3366,0.1734
pmos,0.26u,mos_ff,0.5300,0.6000,6.224079e-05,5.573647e-04,1.278543e-05,2.594000e-14,8.954975,43.593739,3.419713e+09,0.3366,0.1934
pmos,0.26u,mos_ff,0.5500,0.6000,7.396442e-05,6.152596e-04,1.481380e-05,2.621230e-14,8.318318,41.532868,3.735712e+09,0.3366,0.2134
pmos,0.26u,mos_ff,0.5700,0.6000,8.685118e-05,6.735388e-04,1.700498e-05,2.645490e-14,7.755091,39.608327,4.052067e+09,0.3366,0.2334
pmos,0.26u,mos_ff,0.5900,0.6000,1.009060e-04,7.319305e-04,1.937499e-05,2.667410e-14,7.253587,37.777078,4.367171e+09,0.3366,0.2534
pmos,0.26u,mos_ff,0.6100,0.6000,1.161284e-04,7.901734e-04,2.194604e-05,2.687470e-14,6.804308,36.005284,4.679494e+09,0.3366,0.2734
pmos,0.26u,mos_ff,0.6300,0.6000,1.325129e-04,8.480147e-04,2.474754e-05,2.706060e-14,6.399488,34.266626,4.987537e+09,0.3366,0.2934
pmos,0.26u,mos_ff,0.6500,0.6000,1.500490e-04,9.052091e-04,2.781726e-05,2.723520e-14,6.032757,32.541275,5.289791e+09,0.3366,0.3134
pmos,0.26u,mos_ff,0.6700,0.6000,1.687213e-04,9.615175e-04,3.120233e-05,2.740120e-14,5.698851,30.815567,5.584802e+09,0.3366,0.3334
pmos,0.26u,mos_ff,0.6900,0.6000,1.885097e-04,1.016707e-03,3.496007e-05,2.756060e-14,5.393394,29.081950,5.871205e+09,0.3366,0.3534
pmos,0.26u,mos_ff,0.7100,0.6000,2.093896e-04,1.070551e-03,3.915848e-05,2.771550e-14,5.112723,27.338931,6.147588e+09,0.3366,0.3734
pmos,0.26u,mos_ff,0.7300,0.6000,2.313317e-04,1.122829e-03,4.387637e-05,2.786720e-14,4.853762,25.590745,6.412693e+09,0.3366,0.3934
pmos,0.26u,mos_ff,0.7500,0.6000,2.543027e-04,1.173330e-03,4.920301e-05,2.801710e-14,4.613911,23.846712,6.665260e+09,0.3366,0.4134
pmos,0.26u,mos_ff,0.7700,0.6000,2.782649e-04,1.221849e-03,5.523724e-05,2.816600e-14,4.390956,22.120023,6.904186e+09,0.3366,0.4334
pmos,0.26u,mos_ff,0.7900,0.6000,3.031767e-04,1.268196e-03,6.208609e-05,2.831470e-14,4.183026,20.426411,7.128441e+09,0.3366,0.4534
pmos,0.26u,mos_ff,0.8100,0.6000,3.289928e-04,1.312195e-03,6.986295e-05,2.846380e-14,3.988522,18.782416,7.337120e+09,0.3366,0.4734
pmos,0.26u,mos_ff,0.8300,0.6000,3.556645e-04,1.353682e-03,7.868529e-05,2.861360e-14,3.806064,17.203749,7.529468e+09,0.3366,0.4934
pmos,0.26u,mos_ff,0.8500,0.6000,3.831401e-04,1.392517e-03,8.867211e-05,2.876430e-14,3.634485,15.704115,7.704897e+09,0.3366,0.5134
pmos,0.26u,mos_ff,0.8700,0.6000,4.113651e-04,1.428575e-03,9.994123e-05,2.891610e-14,3.472767,14.294151,7.862913e+09,0.3366,0.5334
pmos,0.26u,mos_ff,0.8900,0.6000,4.402831e-04,1.461757e-03,1.126065e-04,2.906880e-14,3.320039,12.981107,8.003284e+09,0.3366,0.5534
pmos,0.26u,mos_ff,0.9100,0.6000,4.698354e-04,1.491986e-03,1.267750e-04,2.922230e-14,3.175550,11.768771,8.125881e+09,0.3366,0.5734
pmos,0.26u,mos_ff,0.9300,0.6000,4.999625e-04,1.519209e-03,1.425448e-04,2.937640e-14,3.038646,10.657765,8.230744e+09,0.3366,0.5934
pmos,0.26u,mos_ff,0.9500,0.6000,5.306038e-04,1.543397e-03,1.600023e-04,2.953070e-14,2.908756,9.646093,8.318098e+09,0.3366,0.6134
pmos,0.26u,mos_ff,0.9700,0.6000,5.616984e-04,1.564544e-03,1.792207e-04,2.968500e-14,2.785381,8.729706,8.388240e+09,0.3366,0.6334
pmos,0.26u,mos_ff,0.9900,0.6000,5.931856e-04,1.582669e-03,2.002583e-04,2.983880e-14,2.668084,7.903138,8.441680e+09,0.3366,0.6534
pmos,0.26u,mos_ff,1.0100,0.6000,6.250052e-04,1.597813e-03,2.231578e-04,2.999180e-14,2.556480,7.160014,8.478979e+09,0.3366,0.6734
pmos,0.26u,mos_ff,1.0300,0.6000,6.570981e-04,1.610034e-03,2.479453e-04,3.014340e-14,2.450219,6.493505,8.500862e+09,0.3366,0.6934
pmos,0.26u,mos_ff,1.0500,0.6000,6.894065e-04,1.619413e-03,2.746304e-04,3.029340e-14,2.348996,5.896700,8.508044e+09,0.3366,0.7134
pmos,0.26u,mos_ff,1.0700,0.6000,7.218746e-04,1.626044e-03,3.032067e-04,3.044130e-14,2.252530,5.362823,8.501376e+09,0.3366,0.7334
pmos,0.26u,mos_ff,1.0900,0.6000,7.544483e-04,1.630036e-03,3.336517e-04,3.058670e-14,2.160567,4.885442,8.481735e+09,0.3366,0.7534
pmos,0.26u,mos_ff,1.1100,0.6000,7.870760e-04,1.631510e-03,3.659285e-04,3.072930e-14,2.072875,4.458549,8.450010e+09,0.3366,0.7734
pmos,0.26u,mos_ff,1.1300,0.6000,8.197087e-04,1.630595e-03,3.999866e-04,3.086870e-14,1.989237,4.076624,8.407133e+09,0.3366,0.7934
pmos,0.26u,mos_ff,1.1500,0.6000,8.522998e-04,1.628519e-03,4.357630e-04,3.100470e-14,1.910735,3.737167,8.359599e+09,0.3366,0.8134
pmos,0.26u,mos_fs,0.0500,0.6000,1.075254e-10,2.543628e-09,2.091113e-11,1.361710e-14,23.656066,121.639911,2.972960e+04,0.4108,-0.3608
pmos,0.26u,mos_fs,0.0700,0.6000,1.932014e-10,6.023971e-09,3.519214e-11,1.361050e-14,31.179748,171.173762,7.044155e+04,0.4108,-0.3408
pmos,0.26u,mos_fs,0.0900,0.6000,3.484842e-10,1.092611e-08,6.123754e-11,1.360530e-14,31.353244,178.421765,1.278138e+05,0.4108,-0.3208
pmos,0.26u,mos_fs,0.1100,0.6000,6.302458e-10,1.984025e-08,1.087079e-10,1.360130e-14,31.480178,182.509735,2.321597e+05,0.4108,-0.3008
pmos,0.26u,mos_fs,0.1300,0.6000,1.142094e-09,3.606813e-08,1.952504e-10,1.359890e-14,31.580702,184.727560,4.221239e+05,0.4108,-0.2808
pmos,0.26u,mos_fs,0.1500,0.6000,2.072971e-09,6.564090e-08,3.531508e-10,1.359840e-14,31.665132,185.872154,7.682576e+05,0.4108,-0.2608
pmos,0.26u,mos_fs,0.1700,0.6000,3.767730e-09,1.195809e-07,6.415878e-10,1.360110e-14,31.738182,186.382752,1.399291e+06,0.4108,-0.2408
pmos,0.26u,mos_fs,0.1900,0.6000,6.856205e-09,2.180318e-07,1.169306e-09,1.360880e-14,31.800654,186.462568,2.549882e+06,0.4108,-0.2208
pmos,0.26u,mos_fs,0.2100,0.6000,1.248900e-08,3.977747e-07,2.136864e-09,1.362530e-14,31.850004,186.148814,4.646342e+06,0.4108,-0.2008
pmos,0.26u,mos_fs,0.2300,0.6000,2.276719e-08,7.258004e-07,3.916228e-09,1.365740e-14,31.879226,185.331498,8.458032e+06,0.4108,-0.1808
pmos,0.26u,mos_fs,0.2500,0.6000,4.152102e-08,1.323445e-06,7.203236e-09,1.371700e-14,31.874097,183.729229,1.535560e+07,0.4108,-0.1608
pmos,0.26u,mos_fs,0.2700,0.6000,7.570501e-08,2.408004e-06,1.331605e-08,1.382500e-14,31.807723,180.834707,2.772121e+07,0.4108,-0.1408
pmos,0.26u,mos_fs,0.2900,0.6000,1.378412e-07,4.360008e-06,2.479090e-08,1.401520e-14,31.630659,175.871308,4.951173e+07,0.4108,-0.1208
pmos,0.26u,mos_fs,0.3100,0.6000,2.501053e-07,7.817679e-06,4.656594e-08,1.433790e-14,31.257550,167.884059,8.677856e+07,0.4108,-0.1008
pmos,0.26u,mos_fs,0.3300,0.6000,4.505483e-07,1.376852e-05,8.816873e-08,1.485400e-14,30.559476,156.161034,1.475244e+08,0.4108,-0.0808
pmos,0.26u,mos_fs,0.3500,0.6000,8.008461e-07,2.353821e-05,1.669528e-07,1.561170e-14,29.391677,140.987213,2.399625e+08,0.4108,-0.0608
pmos,0.26u,mos_fs,0.3700,0.6000,1.392077e-06,3.853208e-05,3.106264e-07,1.660710e-14,27.679561,124.046379,3.692740e+08,0.4108,-0.0408
pmos,0.26u,mos_fs,0.3900,0.6000,2.342129e-06,5.973874e-05,5.549205e-07,1.776260e-14,25.506170,107.652790,5.352660e+08,0.4108,-0.0208
pmos,0.26u,mos_fs,0.4100,0.6000,3.781626e-06,8.732868e-05,9.344538e-07,1.895700e-14,23.092892,93.454251,7.331746e+08,0.4108,-0.0008
pmos,0.26u,mos_fs,0.4300,0.6000,5.835276e-06,1.206984e-04,1.472561e-06,2.008300e-14,20.684266,81.964958,9.565178e+08,0.4108,0.0192
pmos,0.26u,mos_fs,0.4500,0.6000,8.609561e-06,1.588704e-04,2.177785e-06,2.108030e-14,18.452788,72.950452,1.199462e+09,0.4108,0.0392
pmos,0.26u,mos_fs,0.4700,0.6000,1.219009e-05,2.008766e-04,3.047421e-06,2.193180e-14,16.478681,65.916918,1.457724e+09,0.4108,0.0592
pmos,0.26u,mos_fs,0.4900,0.6000,1.664462e-05,2.459274e-04,4.073308e-06,2.264630e-14,14.775189,60.375351,1.728342e+09,0.4108,0.0792
pmos,0.26u,mos_fs,0.5100,0.6000,2.202719e-05,2.934182e-04,5.246348e-06,2.324270e-14,13.320728,55.928086,2.009188e+09,0.4108,0.0992
pmos,0.26u,mos_fs,0.5300,0.6000,2.838135e-05,3.428782e-04,6.559002e-06,2.374190e-14,12.081110,52.275971,2.298500e+09,0.4108,0.1192
pmos,0.26u,mos_fs,0.5500,0.6000,3.574232e-05,3.939211e-04,8.006405e-06,2.416260e-14,11.021140,49.200746,2.594691e+09,0.4108,0.1392
pmos,0.26u,mos_fs,0.5700,0.6000,4.413820e-05,4.462117e-04,9.586796e-06,2.452080e-14,10.109422,46.544403,2.896186e+09,0.4108,0.1592
pmos,0.26u,mos_fs,0.5900,0.6000,5.359079e-05,4.994471e-04,1.130176e-05,2.482940e-14,9.319644,44.191975,3.201426e+09,0.4108,0.1792
pmos,0.26u,mos_fs,0.6100,0.6000,6.411608e-05,5.533459e-04,1.315656e-05,2.509850e-14,8.630376,42.058555,3.508884e+09,0.4108,0.1992
pmos,0.26u,mos_fs,0.6300,0.6000,7.572462e-05,6.076429e-04,1.516058e-05,2.533650e-14,8.024377,40.080452,3.816998e+09,0.4108,0.2192
pmos,0.26u,mos_fs,0.6500,0.6000,8.842179e-05,6.620855e-04,1.732803e-05,2.554970e-14,7.487809,38.208931,4.124282e+09,0.4108,0.2392
pmos,0.26u,mos_fs,0.6700,0.6000,1.022080e-04,7.164318e-04,1.967878e-05,2.574340e-14,7.009547,36.406312,4.429239e+09,0.4108,0.2592
pmos,0.26u,mos_fs,0.6900,0.6000,1.170791e-04,7.704487e-04,2.223929e-05,2.592180e-14,6.580583,34.643583,4.730409e+09,0.4108,0.2792
pmos,0.26u,mos_fs,0.7100,0.6000,1.330260e-04,8.239105e-04,2.504362e-05,2.608830e-14,6.193605,32.899018,5.026369e+09,0.4108,0.2992
pmos,0.26u,mos_fs,0.7300,0.6000,1.500355e-04,8.765981e-04,2.813437e-05,2.624580e-14,5.842605,31.157552,5.315705e+09,0.4108,0.3192
pmos,0.26u,mos_fs,0.7500,0.6000,1.680899e-04,9.282984e-04,3.156337e-05,2.639650e-14,5.522630,29.410624,5.597078e+09,0.4108,0.3392
pmos,0.26u,mos_fs,0.7700,0.6000,1.871674e-04,9.788046e-04,3.539229e-05,2.654240e-14,5.229568,27.655871,5.869160e+09,0.4108,0.3592
pmos,0.26u,mos_fs,0.7900,0.6000,2.072421e-04,1.027916e-03,3.969271e-05,2.668490e-14,4.959977,25.896846,6.130730e+09,0.4108,0.3792
pmos,0.26u,mos_fs,0.8100,0.6000,2.282841e-04,1.075439e-03,4.454587e-05,2.682540e-14,4.710968,24.142283,6.380573e+09,0.4108,0.3992
pmos,0.26u,mos_fs,0.8300,0.6000,2.502597e-04,1.121190e-03,5.004198e-05,2.696490e-14,4.480106,22.404989,6.617600e+09,0.4108,0.4192
pmos,0.26u,mos_fs,0.8500,0.6000,2.731316e-04,1.164994e-03,5.627897e-05,2.710410e-14,4.265321,20.700343,6.840830e+09,0.4108,0.4392
pmos,0.26u,mos_fs,0.8700,0.6000,2.968594e-04,1.206691e-03,6.336092e-05,2.724360e-14,4.064857,19.044720,7.049393e+09,0.4108,0.4592
pmos,0.26u,mos_fs,0.8900,0.6000,3.213993e-04,1.246133e-03,7.139599e-05,2.738400e-14,3.877211,17.453823,7.242486e+09,0.4108,0.4792
pmos,0.26u,mos_fs,0.9100,0.6000,3.467047e-04,1.283190e-03,8.049418e-05,2.752530e-14,3.701104,15.941401,7.419575e+09,0.4108,0.4992
pmos,0.26u,mos_fs,0.9300,0.6000,3.727269e-04,1.317751e-03,9.076484e-05,2.766770e-14,3.535433,14.518298,7.580196e+09,0.4108,0.5192
pmos,0.26u,mos_fs,0.9500,0.6000,3.994148e-04,1.349723e-03,1.023141e-04,2.781130e-14,3.379251,13.191955,7.724022e+09,0.4108,0.5392
pmos,0.26u,mos_fs,0.9700,0.6000,4.267158e-04,1.379035e-03,1.152425e-04,2.795580e-14,3.231741,11.966375,7.850973e+09,0.4108,0.5592
pmos,0.26u,mos_fs,0.9900,0.6000,4.545762e-04,1.405639e-03,1.296424e-04,2.810120e-14,3.092197,10.842433,7.961026e+09,0.4108,0.5792
pmos,0.26u,mos_fs,1.0100,0.6000,4.829413e-04,1.429505e-03,1.455962e-04,2.824710e-14,2.959997,9.818285,8.054377e+09,0.4108,0.5992
pmos,0.26u,mos_fs,1.0300,0.6000,5.117564e-04,1.450630e-03,1.631743e-04,2.839330e-14,2.834610,8.890064,8.131317e+09,0.4108,0.6192
pmos,0.26u,mos_fs,1.0500,0.6000,5.409665e-04,1.469027e-03,1.824338e-04,2.853930e-14,2.715560,8.052384,8.192314e+09,0.4108,0.6392
pmos,0.26u,mos_fs,1.0700,0.6000,5.705175e-04,1.484732e-03,2.034177e-04,2.868470e-14,2.602430,7.298932,8.237926e+09,0.4108,0.6592
pmos,0.26u,mos_fs,1.0900,0.6000,6.003558e-04,1.497797e-03,2.261539e-04,2.882930e-14,2.494849,6.622910,8.268733e+09,0.4108,0.6792
pmos,0.26u,mos_fs,1.1100,0.6000,6.304294e-04,1.508294e-03,2.506552e-04,2.897250e-14,2.392487,6.017406,8.285528e+09,0.4108,0.6992
pmos,0.26u,mos_fs,1.1300,0.6000,6.606876e-04,1.516307e-03,2.769197e-04,2.911410e-14,2.295044,5.475620,8.289034e+09,0.4108,0.7192
pmos,0.26u,mos_fs,1.1500,0.6000,6.910816e-04,1.523100e-03,3.049308e-04,2.925350e-14,2.203937,4.994904,8.286492e+09,0.4108,0.7392
pmos,0.26u,mos_sf,0.0500,0.6000,5.651460e-10,1.330941e-08,1.031184e-10,1.392240e-14,23.550392,129.069206,1.521475e+05,0.3616,-0.3116
pmos,0.26u,mos_sf,0.0700,0.6000,1.005692e-09,3.074519e-08,1.756033e-10,1.391920e-14,30.571179,175.083213,3.515467e+05,0.3616,-0.2916
pmos,0.26u,mos_sf,0.0900,0.6000,1.794954e-09,5.512012e-08,3.061413e-10,1.391820e-14,30.708375,180.047971,6.302999e+05,0.3616,-0.2716
pmos,0.26u,mos_sf,0.1100,0.6000,3.210497e-09,9.892386e-08,5.412769e-10,1.392000e-14,30.812631,182.760173,1.131050e+06,0.3616,-0.2516
pmos,0.26u,mos_sf,0.1300,0.6000,5.751908e-09,1.777085e-07,9.652256e-10,1.392610e-14,30.895574,184.110844,2.030948e+06,0.3616,-0.2316
pmos,0.26u,mos_sf,0.1500,0.6000,1.031884e-08,3.194856e-07,1.730825e-09,1.393910e-14,30.961387,184.585732,3.647848e+06,0.3616,-0.2116
pmos,0.26u,mos_sf,0.1700,0.6000,1.853133e-08,5.746296e-07,3.116685e-09,1.396390e-14,31.008546,184.372049,6.549398e+06,0.3616,-0.1916
pmos,0.26u,mos_sf,0.1900,0.6000,3.330402e-08,1.033393e-06,5.634140e-09,1.400950e-14,31.029077,183.416280,1.173986e+07,0.3616,-0.1716
pmos,0.26u,mos_sf,0.2100,0.6000,5.986705e-08,1.856227e-06,1.023114e-08,1.409100e-14,31.005820,181.429147,2.096570e+07,0.3616,-0.1516
pmos,0.26u,mos_sf,0.2300,0.6000,1.075531e-07,3.324069e-06,1.868929e-08,1.423410e-14,30.906306,177.859566,3.716723e+07,0.3616,-0.1316
pmos,0.26u,mos_sf,0.2500,0.6000,1.928298e-07,5.914608e-06,3.440562e-08,1.447850e-14,30.672686,171.908194,6.501634e+07,0.3616,-0.1116
pmos,0.26u,mos_sf,0.2700,0.6000,3.441374e-07,1.039668e-05,6.389036e-08,1.487860e-14,30.210840,162.726897,1.112123e+08,0.3616,-0.0916
pmos,0.26u,mos_sf,0.2900,0.6000,6.086971e-07,1.789149e-05,1.193136e-07,1.549200e-14,29.393092,149.953484,1.838058e+08,0.3616,-0.0716
pmos,0.26u,mos_sf,0.3100,0.6000,1.059797e-06,2.978275e-05,2.216526e-07,1.635030e-14,28.102316,134.366797,2.899073e+08,0.3616,-0.0516
pmos,0.26u,mos_sf,0.3300,0.6000,1.800007e-06,4.737101e-05,4.018527e-07,1.742340e-14,26.317125,117.881527,4.327129e+08,0.3616,-0.0316
pmos,0.26u,mos_sf,0.3500,0.6000,2.954637e-06,7.139158e-05,6.962017e-07,1.861580e-14,24.162555,102.544392,6.103591e+08,0.3616,-0.0116
pmos,0.26u,mos_sf,0.3700,0.6000,4.655670e-06,1.017597e-04,1.136473e-06,1.980920e-14,21.857155,89.539919,8.175777e+08,0.3616,0.0084
pmos,0.26u,mos_sf,0.3900,0.6000,7.025026e-06,1.377490e-04,1.741806e-06,2.091260e-14,19.608326,79.084008,1.048336e+09,0.3616,0.0284
pmos,0.26u,mos_sf,0.4100,0.6000,1.016563e-05,1.783922e-04,2.517662e-06,2.188120e-14,17.548563,70.856294,1.297552e+09,0.3616,0.0484
pmos,0.26u,mos_sf,0.4300,0.6000,1.416071e-05,2.227855e-04,3.460160e-06,2.270700e-14,15.732650,64.385895,1.561519e+09,0.3616,0.0684
pmos,0.26u,mos_sf,0.4500,0.6000,1.907705e-05,2.701974e-04,4.561340e-06,2.340170e-14,14.163479,59.236409,1.837612e+09,0.3616,0.0884
pmos,0.26u,mos_sf,0.4700,0.6000,2.496861e-05,3.200557e-04,5.812924e-06,2.398440e-14,12.818323,55.059330,2.123816e+09,0.3616,0.1084
pmos,0.26u,mos_sf,0.4900,0.6000,3.187928e-05,3.719011e-04,7.208338e-06,2.447510e-14,11.665919,51.593183,2.418372e+09,0.3616,0.1284
pmos,0.26u,mos_sf,0.5100,0.6000,3.984465e-05,4.253459e-04,8.743621e-06,2.489140e-14,10.675107,48.646425,2.719650e+09,0.3616,0.1484
pmos,0.26u,mos_sf,0.5300,0.6000,4.889311e-05,4.800471e-04,1.041784e-05,2.524810e-14,9.818298,46.079331,3.026044e+09,0.3616,0.1684
pmos,0.26u,mos_sf,0.5500,0.6000,5.904654e-05,5.356908e-04,1.223336e-05,2.555730e-14,9.072349,43.789343,3.335949e+09,0.3616,0.1884
pmos,0.26u,mos_sf,0.5700,0.6000,7.032075e-05,5.919838e-04,1.419631e-05,2.582860e-14,8.418337,41.699836,3.647784e+09,0.3616,0.2084
pmos,0.26u,mos_sf,0.5900,0.6000,8.272589e-05,6.486486e-04,1.631709e-05,2.606970e-14,7.840938,39.752713,3.959985e+09,0.3616,0.2284
pmos,0.26u,mos_sf,0.6100,0.6000,9.626669e-05,7.054204e-04,1.861116e-05,2.628690e-14,7.327772,37.903086,4.270992e+09,0.3616,0.2484
pmos,0.26u,mos_sf,0.6300,0.6000,1.109427e-04,7.620450e-04,2.110000e-05,2.648520e-14,6.868816,36.115877,4.579283e+09,0.3616,0.2684
pmos,0.26u,mos_sf,0.6500,0.6000,1.267485e-04,8.182773e-04,2.381210e-05,2.666860e-14,6.455913,34.363928,4.883379e+09,0.3616,0.2884
pmos,0.26u,mos_sf,0.6700,0.6000,1.436738e-04,8.738793e-04,2.678405e-05,2.684050e-14,6.082385,32.626854,5.181804e+09,0.3616,0.3084
pmos,0.26u,mos_sf,0.6900,0.6000,1.617037e-04,9.286201e-04,3.006149e-05,2.700350e-14,5.742726,30.890688,5.473160e+09,0.3616,0.3284
pmos,0.26u,mos_sf,0.7100,0.6000,1.808186e-04,9.822747e-04,3.369994e-05,2.716000e-14,5.432376,29.147669,5.756034e+09,0.3616,0.3484
pmos,0.26u,mos_sf,0.7300,0.6000,2.009947e-04,1.034624e-03,3.776524e-05,2.731180e-14,5.147519,27.396198,6.029098e+09,0.3616,0.3684
pmos,0.26u,mos_sf,0.7500,0.6000,2.222036e-04,1.085457e-03,4.233372e-05,2.746030e-14,4.884966,25.640482,6.291113e+09,0.3616,0.3884
pmos,0.26u,mos_sf,0.7700,0.6000,2.444129e-04,1.134569e-03,4.749180e-05,2.760690e-14,4.642018,23.889787,6.540838e+09,0.3616,0.4084
pmos,0.26u,mos_sf,0.7900,0.6000,2.675863e-04,1.181765e-03,5.333522e-05,2.775250e-14,4.416388,22.157310,6.777182e+09,0.3616,0.4284
pmos,0.26u,mos_sf,0.8100,0.6000,2.916835e-04,1.226862e-03,5.996766e-05,2.789800e-14,4.206141,20.458727,6.999109e+09,0.3616,0.4484
pmos,0.26u,mos_sf,0.8300,0.6000,3.166608e-04,1.269689e-03,6.749898e-05,2.804370e-14,4.009618,18.810492,7.205800e+09,0.3616,0.4684
pmos,0.26u,mos_sf,0.8500,0.6000,3.424711e-04,1.310094e-03,7.604303e-05,2.819030e-14,3.825415,17.228325,7.396443e+09,0.3616,0.4884
pmos,0.26u,mos_sf,0.8700,0.6000,3.690646e-04,1.347938e-03,8.571520e-05,2.833780e-14,3.652309,15.725776,7.570489e+09,0.3616,0.5084
pmos,0.26u,mos_sf,0.8900,0.6000,3.963886e-04,1.383106e-03,9.662978e-05,2.848630e-14,3.489268,14.313455,7.727510e+09,0.3616,0.5284
pmos,0.26u,mos_sf,0.9100,0.6000,4.243888e-04,1.415501e-03,1.088972e-04,2.863590e-14,3.335387,12.998507,7.867187e+09,0.3616,0.5484
pmos,0.26u,mos_sf,0.9300,0.6000,4.530087e-04,1.445052e-03,1.226217e-04,2.878630e-14,3.189899,11.784635,7.989466e+09,0.3616,0.5684
pmos,0.26u,mos_sf,0.9500,0.6000,4.821909e-04,1.471707e-03,1.378982e-04,2.893740e-14,3.052125,10.672416,8.094350e+09,0.3616,0.5884
pmos,0.26u,mos_sf,0.9700,0.6000,5.118770e-04,1.495442e-03,1.548110e-04,2.908890e-14,2.921487,9.659792,8.182055e+09,0.3616,0.6084
pmos,0.26u,mos_sf,0.9900,0.6000,5.420085e-04,1.516251e-03,1.734315e-04,2.924050e-14,2.797467,8.742651,8.252897e+09,0.3616,0.6284
pmos,0.26u,mos_sf,1.0100,0.6000,5.725270e-04,1.534155e-03,1.938164e-04,2.939160e-14,2.679620,7.915507,8.307420e+09,0.3616,0.6484
pmos,0.26u,mos_sf,1.0300,0.6000,6.033747e-04,1.549193e-03,2.160076e-04,2.954210e-14,2.567547,7.171937,8.346114e+09,0.3616,0.6684
pmos,0.26u,mos_sf,1.0500,0.6000,6.344948e-04,1.561423e-03,2.400310e-04,2.969140e-14,2.460892,6.505089,8.369703e+09,0.3616,0.6884
pmos,0.26u,mos_sf,1.0700,0.6000,6.658317e-04,1.570924e-03,2.658965e-04,2.983910e-14,2.359341,5.908028,8.378950e+09,0.3616,0.7084
pmos,0.26u,mos_sf,1.0900,0.6000,6.973317e-04,1.577787e-03,2.935981e-04,2.998490e-14,2.262606,5.373969,8.374635e+09,0.3616,0.7284
pmos,0.26u,mos_sf,1.1100,0.6000,7.289432e-04,1.582119e-03,3.231149e-04,3.012840e-14,2.170428,4.896459,8.357631e+09,0.3616,0.7484
pmos,0.26u,mos_sf,1.1300,0.6000,7.606165e-04,1.584035e-03,3.544116e-04,3.026910e-14,2.082567,4.469478,8.328857e+09,0.3616,0.7684
pmos,0.26u,mos_sf,1.1500,0.6000,7.923046e-04,1.584774e-03,3.874400e-04,3.040690e-14,2.000208,4.090373,8.294980e+09,0.3616,0.7884
pmos,0.26u,mos_ss,0.0500,0.6000,4.560349e-11,1.079510e-09,9.312847e-12,1.346890e-14,23.671653,115.916218,1.275600e+04,0.4354,-0.3854
pmos,0.26u,mos_ss,0.0700,0.6000,8.233290e-11,2.593431e-09,1.547719e-11,1.346120e-14,31.499328,167.564719,3.066275e+04,0.4354,-0.3654
pmos,0.26u,mos_ss,0.0900,0.6000,1.493407e-10,4.734815e-09,2.680488e-11,1.345460e-14,31.704786,176.640037,5.600830e+04,0.4354,-0.3454
pmos,0.26u,mos_ss,0.1100,0.6000,2.717255e-10,8.654331e-09,4.759581e-11,1.344910e-14,31.849536,181.829682,1.024143e+05,0.4354,-0.3254
pmos,0.26u,mos_ss,0.1300,0.6000,4.955140e-10,1.583697e-08,8.575365e-11,1.344470e-14,31.960691,184.679836,1.874740e+05,0.4354,-0.3054
pmos,0.26u,mos_ss,0.1500,0.6000,9.052042e-10,2.901413e-08,1.558253e-10,1.344160e-14,32.052580,186.196529,3.435411e+05,0.4354,-0.2854
pmos,0.26u,mos_ss,0.1700,0.6000,1.656079e-09,5.321382e-08,2.846236e-10,1.344020e-14,32.132416,186.962079,6.301426e+05,0.4354,-0.2654
pmos,0.26u,mos_ss,0.1900,0.6000,3.033757e-09,9.769701e-08,5.216563e-10,1.344140e-14,32.203308,187.282335,1.156796e+06,0.4354,-0.2454
pmos,0.26u,mos_ss,0.2100,0.6000,5.563959e-09,1.795236e-07,9.585465e-10,1.344710e-14,32.265443,187.287315,2.124775e+06,0.4354,-0.2254
pmos,0.26u,mos_ss,0.2300,0.6000,1.021470e-08,3.301011e-07,1.765424e-09,1.346020e-14,32.316279,186.981201,3.903153e+06,0.4354,-0.2054
pmos,0.26u,mos_ss,0.2500,0.6000,1.876800e-08,6.071333e-07,3.259805e-09,1.348690e-14,32.349387,186.248349,7.164602e+06,0.4354,-0.1854
pmos,0.26u,mos_ss,0.2700,0.6000,3.450004e-08,1.116145e-06,6.038987e-09,1.353760e-14,32.351991,184.823216,1.312197e+07,0.4354,-0.1654
pmos,0.26u,mos_ss,0.2900,0.6000,6.341379e-08,2.048243e-06,1.124003e-08,1.363120e-14,32.299646,182.227539,2.391484e+07,0.4354,-0.1454
pmos,0.26u,mos_ss,0.3100,0.6000,1.164298e-07,3.742853e-06,2.106159e-08,1.379880e-14,32.146864,177.709897,4.316995e+07,0.4354,-0.1254
pmos,0.26u,mos_ss,0.3300,0.6000,2.131279e-07,6.780219e-06,3.981588e-08,1.408800e-14,31.812911,170.289317,7.659749e+07,0.4354,-0.1054
pmos,0.26u,mos_ss,0.3500,0.6000,3.876385e-07,1.208272e-05,7.593788e-08,1.456030e-14,31.170072,159.113212,1.320731e+08,0.4354,-0.0854
pmos,0.26u,mos_ss,0.3700,0.6000,6.964366e-07,2.093686e-05,1.451734e-07,1.527010e-14,30.062837,144.219671,2.182176e+08,0.4354,-0.0654
pmos,0.26u,mos_ss,0.3900,0.6000,1.225113e-06,3.478164e-05,2.736037e-07,1.622590e-14,28.390557,127.124158,3.411626e+08,0.4354,-0.0454
pmos,0.26u,mos_ss,0.4100,0.6000,2.087702e-06,5.472120e-05,4.964271e-07,1.736050e-14,26.211212,110.230082,5.016647e+08,0.4354,-0.0254
pmos,0.26u,mos_ss,0.4300,0.6000,3.413961e-06,8.105993e-05,8.494584e-07,1.855330e-14,23.743660,95.425426,6.953528e+08,0.4354,-0.0054
pmos,0.26u,mos_ss,0.4500,0.6000,5.330099e-06,1.132693e-04,1.358137e-06,1.968950e-14,21.250881,83.400496,9.155829e+08,0.4354,0.0146
pmos,0.26u,mos_ss,0.4700,0.6000,7.944732e-06,1.503746e-04,2.032681e-06,2.070060e-14,18.927586,73.978455,1.156143e+09,0.4354,0.0346
pmos,0.26u,mos_ss,0.4900,0.6000,1.134508e-05,1.913767e-04,2.871092e-06,2.156470e-14,16.868696,66.656415,1.412426e+09,0.4354,0.0546
pmos,0.26u,mos_ss,0.5100,0.6000,1.559980e-05,2.354562e-04,3.865168e-06,2.228880e-14,15.093540,60.917456,1.681294e+09,0.4354,0.0746
pmos,0.26u,mos_ss,0.5300,0.6000,2.076333e-05,2.819916e-04,5.005420e-06,2.289160e-14,13.581232,56.337250,1.960560e+09,0.4354,0.0946
pmos,0.26u,mos_ss,0.5500,0.6000,2.687946e-05,3.305067e-04,6.283845e-06,2.339460e-14,12.295883,52.596253,2.248458e+09,0.4354,0.1146
pmos,0.26u,mos_ss,0.5700,0.6000,3.398360e-05,3.806162e-04,7.695138e-06,2.381720e-14,11.199996,49.461907,2.543412e+09,0.4354,0.1346
pmos,0.26u,mos_ss,0.5900,0.6000,4.210411e-05,4.319894e-04,9.237136e-06,2.417580e-14,10.260029,46.766595,2.843887e+09,0.4354,0.1546
pmos,0.26u,mos_ss,0.6100,0.6000,5.126317e-05,4.843287e-04,1.091103e-05,2.448380e-14,9.447888,44.388907,3.148339e+09,0.4354,0.1746
pmos,0.26u,mos_ss,0.6300,0.6000,6.147726e-05,5.373586e-04,1.272165e-05,2.475170e-14,8.740770,42.239694,3.455249e+09,0.4354,0.1946
pmos,0.26u,mos_ss,0.6500,0.6000,7.275752e-05,5.908194e-04,1.467785e-05,2.498780e-14,8.120389,40.252448,3.763110e+09,0.4354,0.2146
pmos,0.26u,mos_ss,0.6700,0.6000,8.511003e-05,6.444640e-04,1.679320e-05,2.519900e-14,7.572128,38.376486,4.070385e+09,0.4354,0.2346
pmos,0.26u,mos_ss,0.6900,0.6000,9.853608e-05,6.980555e-04,1.908670e-05,2.539040e-14,7.084263,36.572875,4.375630e+09,0.4354,0.2546
pmos,0.26u,mos_ss,0.7100,0.6000,1.130323e-04,7.513657e-04,2.158379e-05,2.556630e-14,6.647354,34.811574,4.677390e+09,0.4354,0.2746
pmos,0.26u,mos_ss,0.7300,0.6000,1.285907e-04,8.041737e-04,2.431723e-05,2.573030e-14,6.253747,33.070119,4.974222e+09,0.4354,0.2946
pmos,0.26u,mos_ss,0.7500,0.6000,1.451992e-04,8.562647e-04,2.732806e-05,2.588510e-14,5.897172,31.332802,5.264757e+09,0.4354,0.3146
pmos,0.26u,mos_ss,0.7700,0.6000,1.628413e-04,9.074301e-04,3.066632e-05,2.603310e-14,5.572481,29.590446,5.547629e+09,0.4354,0.3346
pmos,0.26u,mos_ss,0.7900,0.6000,1.814964e-04,9.574668e-04,3.439162e-05,2.617620e-14,5.275404,27.840119,5.821532e+09,0.4354,0.3546
pmos,0.26u,mos_ss,0.8100,0.6000,2.011400e-04,1.006178e-03,3.857327e-05,2.631590e-14,5.002376,26.084851,6.085226e+09,0.4354,0.3746
pmos,0.26u,mos_ss,0.8300,0.6000,2.217435e-04,1.053374e-03,4.329012e-05,2.645350e-14,4.750417,24.332896,6.337524e+09,0.4354,0.3946
pmos,0.26u,mos_ss,0.8500,0.6000,2.432749e-04,1.098874e-03,4.862985e-05,2.659010e-14,4.517005,22.596697,6.577306e+09,0.4354,0.4146
pmos,0.26u,mos_ss,0.8700,0.6000,2.656985e-04,1.142506e-03,5.468788e-05,2.672640e-14,4.300009,20.891393,6.803590e+09,0.4354,0.4346
pmos,0.26u,mos_ss,0.8900,0.6000,2.889752e-04,1.184110e-03,6.156579e-05,2.686300e-14,4.097618,19.233246,7.015484e+09,0.4354,0.4546
pmos,0.26u,mos_ss,0.9100,0.6000,3.130629e-04,1.223542e-03,6.936948e-05,2.700040e-14,3.908294,17.638045,7.212217e+09,0.4354,0.4746
pmos,0.26u,mos_ss,0.9300,0.6000,3.379168e-04,1.260672e-03,7.820687e-05,2.713880e-14,3.730717,16.119709,7.393185e+09,0.4354,0.4946
pmos,0.26u,mos_ss,0.9500,0.6000,3.634898e-04,1.295388e-03,8.818559e-05,2.727830e-14,3.563753,14.689339,7.557927e+09,0.4354,0.5146
pmos,0.26u,mos_ss,0.9700,0.6000,3.897324e-04,1.327597e-03,9.941045e-05,2.741900e-14,3.406432,13.354703,7.706103e+09,0.4354,0.5346
pmos,0.26u,mos_ss,0.9900,0.6000,4.165936e-04,1.357227e-03,1.119810e-04,2.756080e-14,3.257916,12.120154,7.837559e+09,0.4354,0.5546
pmos,0.26u,mos_ss,1.0100,0.6000,4.440215e-04,1.384228e-03,1.259894e-04,2.770340e-14,3.117480,10.986861,7.952335e+09,0.4354,0.5746
pmos,0.26u,mos_ss,1.0300,0.6000,4.719628e-04,1.408568e-03,1.415180e-04,2.784660e-14,2.984489,9.953278,8.050554e+09,0.4354,0.5946
pmos,0.26u,mos_ss,1.0500,0.6000,5.003642e-04,1.430239e-03,1.586379e-04,2.799010e-14,2.858396,9.015746,8.132504e+09,0.4354,0.6146
pmos,0.26u,mos_ss,1.0700,0.6000,5.291723e-04,1.449252e-03,1.774074e-04,2.813350e-14,2.738715,8.169062,8.198611e+09,0.4354,0.6346
pmos,0.26u,mos_ss,1.0900,0.6000,5.583342e-04,1.465638e-03,1.978709e-04,2.827650e-14,2.625019,7.407042,8.249378e+09,0.4354,0.6546
pmos,0.26u,mos_ss,1.1100,0.6000,5.877978e-04,1.479447e-03,2.200585e-04,2.841870e-14,2.516932,6.722971,8.285435e+09,0.4354,0.6746
pmos,0.26u,mos_ss,1.1300,0.6000,6.175121e-04,1.490744e-03,2.439855e-04,2.855960e-14,2.414113,6.109970,8.307514e+09,0.4354,0.6946
pmos,0.26u,mos_ss,1.1500,0.6000,6.474276e-04,1.500802e-03,2.696527e-04,2.869900e-14,2.318100,5.565685,8.322940e+09,0.4354,0.7146
pmos,0.26u,mos_tt,0.0500,0.6000,2.492226e-10,5.882714e-09,4.672340e-11,1.376930e-14,23.604256,125.905093,6.799641e+04,0.3864,-0.3364
pmos,0.26u,mos_tt,0.0700,0.6000,4.454600e-10,1.374102e-08,7.919970e-11,1.376420e-14,30.846810,173.498384,1.588869e+05,0.3864,-0.3164
pmos,0.26u,mos_tt,0.0900,0.6000,7.988636e-10,2.476411e-08,1.380124e-10,1.376070e-14,30.999172,179.433949,2.864193e+05,0.3864,-0.2964
pmos,0.26u,mos_tt,0.1100,0.6000,1.436025e-09,4.467995e-08,2.444974e-10,1.375890e-14,31.113630,182.742025,5.168316e+05,0.3864,-0.2764
pmos,0.26u,mos_tt,0.1300,0.6000,2.586062e-09,8.069953e-08,4.374070e-10,1.375950e-14,31.205567,184.495287,9.334445e+05,0.3864,-0.2564
pmos,0.26u,mos_tt,0.1500,0.6000,4.664006e-09,1.459006e-07,7.872694e-10,1.376370e-14,31.282250,185.324871,1.687105e+06,0.3864,-0.2364
pmos,0.26u,mos_tt,0.1700,0.6000,8.422086e-09,2.639968e-07,1.422797e-09,1.377390e-14,31.345773,185.547763,3.050436e+06,0.3864,-0.2164
pmos,0.26u,mos_tt,0.1900,0.6000,1.522388e-08,4.779356e-07,2.579832e-09,1.379420e-14,31.393810,185.258420,5.514333e+06,0.3864,-0.1964
pmos,0.26u,mos_tt,0.2100,0.6000,2.753951e-08,8.652602e-07,4.693179e-09,1.383250e-14,31.418867,184.365480,9.955571e+06,0.3864,-0.1764
pmos,0.26u,mos_tt,0.2300,0.6000,4.983429e-08,1.565061e-06,8.571945e-09,1.390210e-14,31.405303,182.579450,1.791724e+07,0.3864,-0.1564
pmos,0.26u,mos_tt,0.2500,0.6000,9.014194e-08,2.823570e-06,1.574167e-08,1.402610e-14,31.323599,179.369152,3.203921e+07,0.3864,-0.1364
pmos,0.26u,mos_tt,0.2700,0.6000,1.627771e-07,5.065699e-06,2.912266e-08,1.424120e-14,31.120465,173.943555,5.661258e+07,0.3864,-0.1164
pmos,0.26u,mos_tt,0.2900,0.6000,2.927699e-07,8.989909e-06,5.435511e-08,1.459970e-14,30.706398,165.392159,9.800122e+07,0.3864,-0.0964
pmos,0.26u,mos_tt,0.3100,0.6000,5.223735e-07,1.564658e-05,1.021559e-07,1.516130e-14,29.952859,153.163743,1.642491e+08,0.3864,-0.0764
pmos,0.26u,mos_tt,0.3300,0.6000,9.186332e-07,2.639055e-05,1.915368e-07,1.596660e-14,28.728060,137.783183,2.630608e+08,0.3864,-0.0564
pmos,0.26u,mos_tt,0.3500,0.6000,1.577996e-06,4.257948e-05,3.517249e-07,1.699930e-14,26.983262,121.059044,3.986479e+08,0.3864,-0.0364
pmos,0.26u,mos_tt,0.3700,0.6000,2.621812e-06,6.508036e-05,6.187333e-07,1.817290e-14,24.822665,105.183219,5.699619e+08,0.3864,-0.0164
pmos,0.26u,mos_tt,0.3900,0.6000,4.181210e-06,9.393726e-05,1.025814e-06,1.936720e-14,22.466525,91.573385,7.719536e+08,0.3864,0.0036
pmos,0.26u,mos_tt,0.4100,0.6000,6.379303e-06,1.284832e-04,1.594240e-06,2.048260e-14,20.140633,80.592132,9.983467e+08,0.3864,0.0236
pmos,0.26u,mos_tt,0.4300,0.6000,9.320538e-06,1.677433e-04,2.331021e-06,2.146640e-14,17.997169,71.961299,1.243673e+09,0.3864,0.0436
pmos,0.26u,mos_tt,0.4500,0.6000,1.308903e-05,2.107792e-04,3.232852e-06,2.230610e-14,16.103500,65.199149,1.503918e+09,0.3864,0.0636
pmos,0.26u,mos_tt,0.4700,0.6000,1.775171e-05,2.568281e-04,4.291649e-06,2.301160e-14,14.467795,59.843687,1.776298e+09,0.3864,0.0836
pmos,0.26u,mos_tt,0.4900,0.6000,2.336216e-05,3.052994e-04,5.498688e-06,2.360210e-14,13.068115,55.522226,2.058711e+09,0.3864,0.1036
pmos,0.26u,mos_tt,0.5100,0.6000,2.996368e-05,3.557261e-04,6.846873e-06,2.409780e-14,11.871910,51.954535,2.349408e+09,0.3864,0.1236
pmos,0.26u,mos_tt,0.5300,0.6000,3.759120e-05,4.077197e-04,8.331755e-06,2.451700e-14,10.846148,48.935632,2.646760e+09,0.3864,0.1436
pmos,0.26u,mos_tt,0.5500,0.6000,4.627247e-05,4.609399e-04,9.951958e-06,2.487510e-14,9.961428,46.316504,2.949169e+09,0.3864,0.1636
pmos,0.26u,mos_tt,0.5700,0.6000,5.602880e-05,5.150778e-04,1.170946e-05,2.518440e-14,9.193090,43.988177,3.255078e+09,0.3864,0.1836
pmos,0.26u,mos_tt,0.5900,0.6000,6.687558e-05,5.698457e-04,1.360994e-05,2.545500e-14,8.520983,41.869817,3.562906e+09,0.3864,0.2036
pmos,0.26u,mos_tt,0.6100,0.6000,7.882263e-05,6.249723e-04,1.566335e-05,2.569490e-14,7.928844,39.900296,3.871096e+09,0.3864,0.2236
pmos,0.26u,mos_tt,0.6300,0.6000,9.187447e-05,6.801993e-04,1.788455e-05,2.591030e-14,7.403573,38.032788,4.178148e+09,0.3864,0.2436
pmos,0.26u,mos_tt,0.6500,0.6000,1.060306e-04,7.352793e-04,2.029430e-05,2.610650e-14,6.934595,36.230828,4.482536e+09,0.3864,0.2636
pmos,0.26u,mos_tt,0.6700,0.6000,1.212856e-04,7.899738e-04,2.292014e-05,2.628750e-14,6.513335,34.466360,4.782814e+09,0.3864,0.2836
pmos,0.26u,mos_tt,0.6900,0.6000,1.376296e-04,8.440523e-04,2.579749e-05,2.645680e-14,6.132782,32.718388,5.077526e+09,0.3864,0.3036
pmos,0.26u,mos_tt,0.7100,0.6000,1.550477e-04,8.972910e-04,2.897053e-05,2.661710e-14,5.787193,30.972543,5.365284e+09,0.3864,0.3236
pmos,0.26u,mos_tt,0.7300,0.6000,1.735212e-04,9.494723e-04,3.249297e-05,2.677070e-14,5.471794,29.220853,5.644724e+09,0.3864,0.3436
pmos,0.26u,mos_tt,0.7500,0.6000,1.930266e-04,1.000385e-03,3.642857e-05,2.691950e-14,5.182628,27.461550,5.914531e+09,0.3864,0.3636
pmos,0.26u,mos_tt,0.7700,0.6000,2.135366e-04,1.049825e-03,4.085122e-05,2.706510e-14,4.916370,25.698743,6.173442e+09,0.3864,0.3836
pmos,0.26u,mos_tt,0.7900,0.6000,2.350196e-04,1.097595e-03,4.584462e-05,2.720860e-14,4.670228,23.941632,6.420311e+09,0.3864,0.4036
pmos,0.26u,mos_tt,0.8100,0.6000,2.574404e-04,1.143508e-03,5.150148e-05,2.735110e-14,4.441836,22.203401,6.654027e+09,0.3864,0.4236
pmos,0.26u,mos_tt,0.8300,0.6000,2.807600e-04,1.187389e-03,5.792227e-05,2.749330e-14,4.229196,20.499697,6.873632e+09,0.3864,0.4436
pmos,0.26u,mos_tt,0.8500,0.6000,3.049359e-04,1.229073e-03,6.521344e-05,2.763590e-14,4.030595,18.846928,7.078222e+09,0.3864,0.4636
pmos,0.26u,mos_tt,0.8700,0.6000,3.299229e-04,1.268413e-03,7.348539e-05,2.777930e-14,3.844574,17.260751,7.267073e+09,0.3864,0.4836
pmos,0.26u,mos_tt,0.8900,0.6000,3.556724e-04,1.305278e-03,8.285004e-05,2.792360e-14,3.669888,15.754706,7.439637e+09,0.3864,0.5036
pmos,0.26u,mos_tt,0.9100,0.6000,3.821340e-04,1.339558e-03,9.341830e-05,2.806910e-14,3.505467,14.339353,7.595444e+09,0.3864,0.5236
pmos,0.26u,mos_tt,0.9300,0.6000,4.092548e-04,1.371161e-03,1.052975e-04,2.821560e-14,3.350385,13.021781,7.734269e+09,0.3864,0.5436
pmos,0.26u,mos_tt,0.9500,0.6000,4.369804e-04,1.400018e-03,1.185886e-04,2.836310e-14,3.203846,11.805671,7.855974e+09,0.3864,0.5636
pmos,0.26u,mos_tt,0.9700,0.6000,4.652555e-04,1.426082e-03,1.333843e-04,2.851130e-14,3.065159,10.691528,7.960633e+09,0.3864,0.5836
pmos,0.26u,mos_tt,0.9900,0.6000,4.940237e-04,1.449330e-03,1.497665e-04,2.866000e-14,2.933726,9.677264,8.048431e+09,0.3864,0.6036
pmos,0.26u,mos_tt,1.0100,0.6000,5.232287e-04,1.469759e-03,1.678046e-04,2.880890e-14,2.809018,8.758753,8.119693e+09,0.3864,0.6236
pmos,0.26u,mos_tt,1.0300,0.6000,5.528140e-04,1.487388e-03,1.875543e-04,2.895750e-14,2.690576,7.930439,8.174917e+09,0.3864,0.6436
pmos,0.26u,mos_tt,1.0500,0.6000,5.827242e-04,1.502258e-03,2.090565e-04,2.910550e-14,2.577991,7.185895,8.214660e+09,0.3864,0.6636
pmos,0.26u,mos_tt,1.0700,0.6000,6.129044e-04,1.514426e-03,2.323368e-04,2.925250e-14,2.470901,6.518236,8.239582e+09,0.3864,0.6836
pmos,0.26u,mos_tt,1.0900,0.6000,6.433012e-04,1.523969e-03,2.574053e-04,2.939810e-14,2.368982,5.920504,8.250438e+09,0.3864,0.7036
pmos,0.26u,mos_tt,1.1100,0.6000,6.738631e-04,1.530975e-03,2.842567e-04,2.954180e-14,2.271938,5.385889,8.248050e+09,0.3864,0.7236
pmos,0.26u,mos_tt,1.1300,0.6000,7.045403e-04,1.535549e-03,3.128713e-04,2.968340e-14,2.179505,4.907925,8.233228e+09,0.3864,0.7436
pmos,0.26u,mos_tt,1.1500,0.6000,7.352851e-04,1.538933e-03,3.432154e-04,2.982230e-14,2.092975,4.483869,8.212941e+09,0.3864,0.7636
pmos,0.52u,mos_ff,0.0500,0.6000,6.704626e-10,1.604574e-08,4.493182e-11,2.015520e-14,23.932342,357.113066,1.267047e+05,0.3199,-0.2699
pmos,0.52u,mos_ff,0.0700,0.6000,1.226708e-09,3.957884e-08,6.486440e-11,2.011050e-14,32.264272,610.178156,3.132278e+05,0.3199,-0.2499
pmos,0.52u,mos_ff,0.0900,0.6000,2.253616e-09,7.310942e-08,1.025555e-10,2.007490e-14,32.440939,712.876638,5.796156e+05,0.3199,-0.2299
pmos,0.52u,mos_ff,0.1100,0.6000,4.151085e-09,1.351491e-07,1.734721e-10,2.005360e-14,32.557536,779.082631,1.072608e+06,0.3199,-0.2099
pmos,0.52u,mos_ff,0.1300,0.6000,7.659579e-09,2.499450e-07,3.070934e-10,2.005670e-14,32.631689,813.905476,1.983376e+06,0.3199,-0.1899
pmos,0.52u,mos_ff,0.1500,0.6000,1.414889e-08,4.621627e-07,5.607226e-10,2.010270e-14,32.664237,824.226989,3.658985e+06,0.3199,-0.1699
pmos,0.52u,mos_ff,0.1700,0.6000,2.614609e-08,8.534089e-07,1.049224e-09,2.022550e-14,32.640020,813.371501,6.715495e+06,0.3199,-0.1499
pmos,0.52u,mos_ff,0.1900,0.6000,4.828524e-08,1.570392e-06,2.012943e-09,2.048410e-14,32.523231,780.147277,1.220145e+07,0.3199,-0.1299
pmos,0.52u,mos_ff,0.2100,0.6000,8.896177e-08,2.868843e-06,3.979726e-09,2.097570e-14,32.248043,720.864451,2.176760e+07,0.3199,-0.1099
pmos,0.52u,mos_ff,0.2300,0.6000,1.630390e-07,5.169804e-06,8.148543e-09,2.184180e-14,31.709002,634.445201,3.767088e+07,0.3199,-0.0899
pmos,0.52u,mos_ff,0.2500,0.6000,2.957540e-07,9.099770e-06,1.720866e-08,2.324670e-14,30.768037,528.790156,6.230017e+07,0.3199,-0.0699
pmos,0.52u,mos_ff,0.2700,0.6000,5.270298e-07,1.544529e-05,3.668009e-08,2.530000e-14,29.306293,421.081028,9.716183e+07,0.3199,-0.0499
pmos,0.52u,mos_ff,0.2900,0.6000,9.135657e-07,2.495578e-05,7.604471e-08,2.794680e-14,27.316897,328.172466,1.421213e+08,0.3199,-0.0299
pmos,0.52u,mos_ff,0.3100,0.6000,1.525261e-06,3.805976e-05,1.478734e-07,3.093610e-14,24.952949,257.380705,1.958036e+08,0.3199,-0.0099
pmos,0.52u,mos_ff,0.3300,0.6000,2.435956e-06,5.471083e-05,2.642731e-07,3.393760e-14,22.459695,207.023833,2.565738e+08,0.3199,0.0101
pmos,0.52u,mos_ff,0.3500,0.6000,3.713694e-06,7.448828e-05,4.332063e-07,3.669620e-14,20.057732,171.946438,3.230628e+08,0.3199,0.0301
pmos,0.52u,mos_ff,0.3700,0.6000,5.415487e-06,9.682713e-05,6.575225e-07,3.909050e-14,17.879672,147.260558,3.942266e+08,0.3199,0.0501
pmos,0.52u,mos_ff,0.3900,0.6000,7.586779e-06,1.211915e-04,9.364491e-07,4.110320e-14,15.974039,129.416003,4.692634e+08,0.3199,0.0701
pmos,0.52u,mos_ff,0.4100,0.6000,1.026315e-05,1.471378e-04,1.267653e-06,4.277110e-14,14.336515,116.071038,5.475124e+08,0.3199,0.0901
pmos,0.52u,mos_ff,0.4300,0.6000,1.347229e-05,1.743122e-04,1.648724e-06,4.414820e-14,12.938572,105.725519,6.283982e+08,0.3199,0.1101
pmos,0.52u,mos_ff,0.4500,0.6000,1.723564e-05,2.024289e-04,2.077944e-06,4.528870e-14,11.744786,97.417880,7.113819e+08,0.3199,0.1301
pmos,0.52u,mos_ff,0.4700,0.6000,2.156945e-05,2.312502e-04,2.554590e-06,4.623960e-14,10.721191,90.523411,7.959544e+08,0.3199,0.1501
pmos,0.52u,mos_ff,0.4900,0.6000,2.648564e-05,2.605727e-04,3.079031e-06,4.703930e-14,9.838263,84.628151,8.816337e+08,0.3199,0.1701
pmos,0.52u,mos_ff,0.5100,0.6000,3.199236e-05,2.902191e-04,3.652752e-06,4.771860e-14,9.071513,79.452177,9.679623e+08,0.3199,0.1901
pmos,0.52u,mos_ff,0.5300,0.6000,3.809441e-05,3.200325e-04,4.278411e-06,4.830180e-14,8.401036,74.801720,1.054510e+09,0.3199,0.2101
pmos,0.52u,mos_ff,0.5500,0.6000,4.479366e-05,3.498731e-04,4.959954e-06,4.880800e-14,7.810773,70.539586,1.140879e+09,0.3199,0.2301
pmos,0.52u,mos_ff,0.5700,0.6000,5.208933e-05,3.796154e-04,5.702805e-06,4.925250e-14,7.287777,66.566435,1.226692e+09,0.3199,0.2501
pmos,0.52u,mos_ff,0.5900,0.6000,5.997828e-05,4.091459e-04,6.514163e-06,4.964750e-14,6.821568,62.808668,1.311599e+09,0.3199,0.2701
pmos,0.52u,mos_ff,0.6100,0.6000,6.845517e-05,4.383611e-04,7.403378e-06,5.000290e-14,6.403623,59.210957,1.395266e+09,0.3199,0.2901
pmos,0.52u,mos_ff,0.6300,0.6000,7.751272e-05,4.671661e-04,8.382444e-06,5.032680e-14,6.026960,55.731491,1.477380e+09,0.3199,0.3101
pmos,0.52u,mos_ff,0.6500,0.6000,8.714181e-05,4.954720e-04,9.466597e-06,5.062610e-14,5.685813,52.338977,1.557632e+09,0.3199,0.3301
pmos,0.52u,mos_ff,0.6700,0.6000,9.733160e-05,5.231948e-04,1.067501e-05,5.090670e-14,5.375385,49.011177,1.635719e+09,0.3199,0.3501
pmos,0.52u,mos_ff,0.6900,0.6000,1.080696e-04,5.502534e-04,1.203160e-05,5.117330e-14,5.091658,45.734017,1.711352e+09,0.3199,0.3701
pmos,0.52u,mos_ff,0.7100,0.6000,1.193417e-04,5.765684e-04,1.356582e-05,5.143060e-14,4.831240,42.501552,1.784224e+09,0.3199,0.3901
pmos,0.52u,mos_ff,0.7300,0.6000,1.311323e-04,6.020607e-04,1.531355e-05,5.168220e-14,4.591246,39.315554,1.854041e+09,0.3199,0.4101
pmos,0.52u,mos_ff,0.7500,0.6000,1.434242e-04,6.266504e-04,1.731783e-05,5.193180e-14,4.369210,36.185273,1.920490e+09,0.3199,0.4301
pmos,0.52u,mos_ff,0.7700,0.6000,1.561984e-04,6.502566e-04,1.962956e-05,5.218240e-14,4.163017,33.126397,1.983265e+09,0.3199,0.4501
pmos,0.52u,mos_ff,0.7900,0.6000,1.694344e-04,6.727965e-04,2.230784e-05,5.243680e-14,3.970838,30.159643,2.042056e+09,0.3199,0.4701
pmos,0.52u,mos_ff,0.8100,0.6000,1.831102e-04,6.941864e-04,2.542005e-05,5.269750e-14,3.791085,27.308617,2.096555e+09,0.3199,0.4901
pmos,0.52u,mos_ff,0.8300,0.6000,1.972019e-04,7.143419e-04,2.904150e-05,5.296650e-14,3.622389,24.597280,2.146471e+09,0.3199,0.5101
pmos,0.52u,mos_ff,0.8500,0.6000,2.116839e-04,7.331795e-04,3.325451e-05,5.324590e-14,3.463558,22.047521,2.191514e+09,0.3199,0.5301
pmos,0.52u,mos_ff,0.8700,0.6000,2.265291e-04,7.506182e-04,3.814695e-05,5.353680e-14,3.313562,19.677017,2.231448e+09,0.3199,0.5501
pmos,0.52u,mos_ff,0.8900,0.6000,2.417086e-04,7.665818e-04,4.381033e-05,5.384040e-14,3.171512,17.497741,2.266055e+09,0.3199,0.5701
pmos,0.52u,mos_ff,0.9100,0.6000,2.571923e-04,7.810008e-04,5.033730e-05,5.415730e-14,3.036641,15.515349,2.295169e+09,0.3199,0.5901
pmos,0.52u,mos_ff,0.9300,0.6000,2.729487e-04,7.938153e-04,5.781884e-05,5.448770e-14,2.908295,13.729354,2.318682e+09,0.3199,0.6101
pmos,0.52u,mos_ff,0.9500,0.6000,2.889449e-04,8.049770e-04,6.634123e-05,5.483130e-14,2.785919,12.133887,2.336550e+09,0.3199,0.6301
pmos,0.52u,mos_ff,0.9700,0.6000,3.051477e-04,8.144513e-04,7.598299e-05,5.518730e-14,2.669040,10.718864,2.348800e+09,0.3199,0.6501
pmos,0.52u,mos_ff,0.9900,0.6000,3.215230e-04,8.222189e-04,8.681202e-05,5.555480e-14,2.557263,9.471256,2.355516e+09,0.3199,0.6701
pmos,0.52u,mos_ff,1.0100,0.6000,3.380365e-04,8.282768e-04,9.888302e-05,5.593220e-14,2.450258,8.376330,2.356860e+09,0.3199,0.6901
pmos,0.52u,mos_ff,1.0300,0.6000,3.546541e-04,8.326390e-04,1.122355e-04,5.631790e-14,2.347750,7.418678,2.353046e+09,0.3199,0.7101
pmos,0.52u,mos_ff,1.0500,0.6000,3.713421e-04,8.353359e-04,1.268925e-04,5.671000e-14,2.249505,6.583020,2.344346e+09,0.3199,0.7301
pmos,0.52u,mos_ff,1.0700,0.6000,3.880675e-04,8.364139e-04,1.428596e-04,5.710620e-14,2.155331,5.854797,2.331085e+09,0.3199,0.7501
pmos,0.52u,mos_ff,1.0900,0.6000,4.047986e-04,8.359340e-04,1.601251e-04,5.750450e-14,2.065061,5.220506,2.313611e+09,0.3199,0.7701
pmos,0.52u,mos_ff,1.1100,0.6000,4.215049e-04,8.339700e-04,1.786605e-04,5.790260e-14,1.978554,4.667904,2.292305e+09,0.3199,0.7901
pmos,0.52u,mos_ff,1.1300,0.6000,4.381574e-04,8.306063e-04,1.984219e-04,5.829830e-14,1.895680,4.186062,2.267564e+09,0.3199,0.8101
pmos,0.52u,mos_ff,1.1500,0.6000,4.547291e-04,8.265652e-04,2.193512e-04,5.868970e-14,1.817709,3.768227,2.241483e+09,0.3199,0.8301
pmos,0.52u,mos_fs,0.0500,0.6000,6.730601e-11,1.604496e-09,5.594968e-12,1.963500e-14,23.838822,286.774831,1.300552e+04,0.3914,-0.3414
pmos,0.52u,mos_fs,0.0700,0.6000,1.233909e-10,4.003988e-09,7.564079e-12,1.958040e-14,32.449621,529.342435,3.254553e+04,0.3914,-0.3214
pmos,0.52u,mos_fs,0.0900,0.6000,2.274655e-10,7.435202e-09,1.133969e-11,1.952890e-14,32.687164,655.679476,6.059477e+04,0.3914,-0.3014
pmos,0.52u,mos_fs,0.1100,0.6000,4.207989e-10,1.382197e-08,1.848339e-11,1.948090e-14,32.846973,747.804921,1.129226e+05,0.3914,-0.2814
pmos,0.52u,mos_fs,0.1300,0.6000,7.803444e-10,2.572329e-08,3.192233e-11,1.943730e-14,32.964022,805.808661,2.106254e+05,0.3914,-0.2614
pmos,0.52u,mos_fs,0.1500,0.6000,1.449730e-09,4.792192e-08,5.716289e-11,1.939990e-14,33.055755,838.339699,3.931469e+05,0.3914,-0.2414
pmos,0.52u,mos_fs,0.1700,0.6000,2.697221e-09,8.935750e-08,1.046206e-10,1.937250e-14,33.129469,854.109994,7.341173e+05,0.3914,-0.2214
pmos,0.52u,mos_fs,0.1900,0.6000,5.024031e-09,1.667250e-07,1.941770e-10,1.936200e-14,33.185504,858.623833,1.370473e+06,0.3914,-0.2014
pmos,0.52u,mos_fs,0.2100,0.6000,9.366223e-09,3.111233e-07,3.643657e-10,1.938200e-14,33.217584,853.876476,2.554783e+06,0.3914,-0.1814
pmos,0.52u,mos_fs,0.2300,0.6000,1.746896e-08,5.801502e-07,6.917471e-10,1.945690e-14,33.210346,838.673845,4.745554e+06,0.3914,-0.1614
pmos,0.52u,mos_fs,0.2500,0.6000,3.257223e-08,1.079242e-06,1.334226e-09,1.963090e-14,33.133808,808.889948,8.749813e+06,0.3914,-0.1414
pmos,0.52u,mos_fs,0.2700,0.6000,6.063863e-08,1.997048e-06,2.633539e-09,1.997950e-14,32.933594,758.313433,1.590831e+07,0.3914,-0.1214
pmos,0.52u,mos_fs,0.2900,0.6000,1.124541e-07,3.656831e-06,5.363670e-09,2.062130e-14,32.518432,681.777775,2.822338e+07,0.3914,-0.1014
pmos,0.52u,mos_fs,0.3100,0.6000,2.069119e-07,6.570466e-06,1.130334e-08,2.171370e-14,31.754897,581.285355,4.815956e+07,0.3914,-0.0814
pmos,0.52u,mos_fs,0.3300,0.6000,3.752728e-07,1.144466e-05,2.433857e-08,2.340430e-14,30.496908,470.227298,7.782648e+07,0.3914,-0.0614
pmos,0.52u,mos_fs,0.3500,0.6000,6.646981e-07,1.905796e-05,5.185332e-08,2.572530e-14,28.671603,367.535965,1.179061e+08,0.3914,-0.0414
pmos,0.52u,mos_fs,0.3700,0.6000,1.137591e-06,2.999645e-05,1.049933e-07,2.850920e-14,26.368396,285.698706,1.674576e+08,0.3914,-0.0214
pmos,0.52u,mos_fs,0.3900,0.6000,1.864556e-06,4.441491e-05,1.961849e-07,3.144260e-14,23.820636,226.393112,2.248177e+08,0.3914,-0.0014
pmos,0.52u,mos_fs,0.4100,0.6000,2.914187e-06,6.202946e-05,3.350782e-07,3.422720e-14,21.285340,185.119354,2.884342e+08,0.3914,0.0186
pmos,0.52u,mos_fs,0.4300,0.6000,4.345735e-06,8.232002e-05,5.262917e-07,3.668800e-14,18.942715,156.415197,3.571096e+08,0.3914,0.0386
pmos,0.52u,mos_fs,0.4500,0.6000,6.206988e-06,1.047432e-04,7.701176e-07,3.877270e-14,16.875045,136.009358,4.299520e+08,0.3914,0.0586
pmos,0.52u,mos_fs,0.4700,0.6000,8.535463e-06,1.288372e-04,1.064572e-06,4.050220e-14,15.094342,121.022533,5.062707e+08,0.3914,0.0786
pmos,0.52u,mos_fs,0.4900,0.6000,1.136048e-05,1.542367e-04,1.407160e-06,4.192680e-14,13.576601,109.608502,5.854855e+08,0.3914,0.0986
pmos,0.52u,mos_fs,0.5100,0.6000,1.470493e-05,1.806534e-04,1.795884e-06,4.310150e-14,12.285227,100.593023,6.670738e+08,0.3914,0.1186
pmos,0.52u,mos_fs,0.5300,0.6000,1.858661e-05,2.078530e-04,2.229672e-06,4.407560e-14,11.182943,93.221335,7.505475e+08,0.3914,0.1386
pmos,0.52u,mos_fs,0.5500,0.6000,2.301905e-05,2.356387e-04,2.708512e-06,4.489030e-14,10.236682,86.999319,8.354380e+08,0.3914,0.1586
pmos,0.52u,mos_fs,0.5700,0.6000,2.801216e-05,2.638410e-04,3.233476e-06,4.557830e-14,9.418802,81.596709,9.213068e+08,0.3914,0.1786
pmos,0.52u,mos_fs,0.5900,0.6000,3.357269e-05,2.923109e-04,3.806749e-06,4.616560e-14,8.706806,76.787542,1.007736e+09,0.3914,0.1986
pmos,0.52u,mos_fs,0.6100,0.6000,3.970460e-05,3.209160e-04,4.431704e-06,4.667250e-14,8.082590,72.413681,1.094335e+09,0.3914,0.2186
pmos,0.52u,mos_fs,0.6300,0.6000,4.640933e-05,3.495375e-04,5.113043e-06,4.711520e-14,7.531621,68.361932,1.180736e+09,0.3914,0.2386
pmos,0.52u,mos_fs,0.6500,0.6000,5.368610e-05,3.780680e-04,5.857033e-06,4.750650e-14,7.042195,64.549406,1.266593e+09,0.3914,0.2586
pmos,0.52u,mos_fs,0.6700,0.6000,6.153205e-05,4.064096e-04,6.671824e-06,4.785660e-14,6.604844,60.914317,1.351582e+09,0.3914,0.2786
pmos,0.52u,mos_fs,0.6900,0.6000,6.994248e-05,4.344723e-04,7.567868e-06,4.817400e-14,6.211852,57.410132,1.435389e+09,0.3914,0.2986
pmos,0.52u,mos_fs,0.7100,0.6000,7.891094e-05,4.621718e-04,8.558440e-06,4.846570e-14,5.856879,54.001874,1.517711e+09,0.3914,0.3186
pmos,0.52u,mos_fs,0.7300,0.6000,8.842936e-05,4.894287e-04,9.660254e-06,4.873760e-14,5.534686,50.664165,1.598253e+09,0.3914,0.3386
pmos,0.52u,mos_fs,0.7500,0.6000,9.848809e-05,5.161662e-04,1.089417e-05,4.899470e-14,5.240900,47.380039,1.676720e+09,0.3914,0.3586
pmos,0.52u,mos_fs,0.7700,0.6000,1.090760e-04,5.423090e-04,1.228597e-05,4.924130e-14,4.971845,44.140511,1.752820e+09,0.3914,0.3786
pmos,0.52u,mos_fs,0.7900,0.6000,1.201805e-04,5.677824e-04,1.386716e-05,4.948140e-14,4.724414,40.944389,1.826249e+09,0.3914,0.3986
pmos,0.52u,mos_fs,0.8100,0.6000,1.317873e-04,5.925107e-04,1.567576e-05,4.971840e-14,4.495962,37.797893,1.896702e+09,0.3914,0.4186
pmos,0.52u,mos_fs,0.8300,0.6000,1.438809e-04,6.164169e-04,1.775695e-05,4.995540e-14,4.284216,34.714120,1.963868e+09,0.3914,0.4386
pmos,0.52u,mos_fs,0.8500,0.6000,1.564440e-04,6.394221e-04,2.016365e-05,5.019520e-14,4.087227,31.711625,2.027429e+09,0.3914,0.4586
pmos,0.52u,mos_fs,0.8700,0.6000,1.694578e-04,6.614457e-04,2.295669e-05,5.044020e-14,3.903306,28.812764,2.087072e+09,0.3914,0.4786
pmos,0.52u,mos_fs,0.8900,0.6000,1.829018e-04,6.824059e-04,2.620473e-05,5.069260e-14,3.730996,26.041325,2.142488e+09,0.3914,0.4986
pmos,0.52u,mos_fs,0.9100,0.6000,1.967540e-04,7.022206e-04,2.998364e-05,5.095420e-14,3.569028,23.420125,2.193379e+09,0.3914,0.5186
pmos,0.52u,mos_fs,0.9300,0.6000,2.109906e-04,7.208089e-04,3.437545e-05,5.122670e-14,3.416308,20.968712,2.239463e+09,0.3914,0.5386
pmos,0.52u,mos_fs,0.9500,0.6000,2.255864e-04,7.380928e-04,3.946674e-05,5.151110e-14,3.271885,18.701641,2.280501e+09,0.3914,0.5586
pmos,0.52u,mos_fs,0.9700,0.6000,2.405143e-04,7.539996e-04,4.534660e-05,5.180820e-14,3.134947,16.627478,2.316289e+09,0.3914,0.5786
pmos,0.52u,mos_fs,0.9900,0.6000,2.557463e-04,7.684637e-04,5.210406e-05,5.211830e-14,3.004789,14.748634,2.346677e+09,0.3914,0.5986
pmos,0.52u,mos_fs,1.0100,0.6000,2.712529e-04,7.814294e-04,5.982542e-05,5.244140e-14,2.880815,13.061829,2.371568e+09,0.3914,0.6186
pmos,0.52u,mos_fs,1.0300,0.6000,2.870035e-04,7.928525e-04,6.859130e-05,5.277700e-14,2.762519,11.559083,2.390935e+09,0.3914,0.6386
pmos,0.52u,mos_fs,1.0500,0.6000,3.029670e-04,8.027022e-04,7.847383e-05,5.312430e-14,2.649471,10.228916,2.404813e+09,0.3914,0.6586
pmos,0.52u,mos_fs,1.0700,0.6000,3.191116e-04,8.109627e-04,8.953408e-05,5.348200e-14,2.541314,9.057587,2.413311e+09,0.3914,0.6786
pmos,0.52u,mos_fs,1.0900,0.6000,3.354055e-04,8.176335e-04,1.018199e-04,5.384860e-14,2.437746,8.030194,2.416598e+09,0.3914,0.6986
pmos,0.52u,mos_fs,1.1100,0.6000,3.518169e-04,8.227298e-04,1.153641e-04,5.422240e-14,2.338517,7.131593,2.414897e+09,0.3914,0.7186
pmos,0.52u,mos_fs,1.1300,0.6000,3.683147e-04,8.262823e-04,1.301837e-04,5.460130e-14,2.243414,6.347049,2.408494e+09,0.3914,0.7386
pmos,0.52u,mos_fs,1.1500,0.6000,3.848682e-04,8.290724e-04,1.462791e-04,5.498340e-14,2.154172,5.667743,2.399833e+09,0.3914,0.7586
pmos,0.52u,mos_sf,0.0500,0.6000,3.111781e-10,7.439814e-09,2.222000e-11,1.997590e-14,23.908540,334.825113,5.927559e+04,0.3440,-0.2940
pmos,0.52u,mos_sf,0.0700,0.6000,5.697503e-10,1.841741e-08,3.142278e-11,1.992600e-14,32.325406,586.116505,1.471054e+05,0.3440,-0.2740
pmos,0.52u,mos_sf,0.0900,0.6000,1.047874e-09,3.407750e-08,4.887988e-11,1.988180e-14,32.520608,697.168242,2.727923e+05,0.3440,-0.2540
pmos,0.52u,mos_sf,0.1100,0.6000,1.932850e-09,6.311381e-08,8.172976e-11,1.984550e-14,32.653237,772.225564,5.061538e+05,0.3440,-0.2340
pmos,0.52u,mos_sf,0.1300,0.6000,3.572427e-09,1.169875e-07,1.434303e-10,1.982170e-14,32.747345,815.640070,9.393311e+05,0.3440,-0.2140
pmos,0.52u,mos_sf,0.1500,0.6000,6.612351e-09,2.169609e-07,2.596307e-10,1.981940e-14,32.811461,835.651947,1.742253e+06,0.3440,-0.1940
pmos,0.52u,mos_sf,0.1700,0.6000,1.225086e-08,4.023468e-07,4.801036e-10,1.985510e-14,32.842331,838.041623,3.225140e+06,0.3440,-0.1740
pmos,0.52u,mos_sf,0.1900,0.6000,2.270622e-08,7.453084e-07,9.042323e-10,1.995900e-14,32.823975,824.244389,5.943159e+06,0.3440,-0.1540
pmos,0.52u,mos_sf,0.2100,0.6000,4.206320e-08,1.376412e-06,1.738778e-09,2.018450e-14,32.722475,791.597317,1.085302e+07,0.3440,-0.1340
pmos,0.52u,mos_sf,0.2300,0.6000,7.776270e-08,2.525431e-06,3.435399e-09,2.062050e-14,32.476123,735.120142,1.949200e+07,0.3440,-0.1140
pmos,0.52u,mos_sf,0.2500,0.6000,1.430804e-07,4.576342e-06,7.019625e-09,2.140060e-14,31.984409,651.935395,3.403397e+07,0.3440,-0.0940
pmos,0.52u,mos_sf,0.2700,0.6000,2.608164e-07,8.113999e-06,1.481500e-08,2.268830e-14,31.110003,547.688086,5.691846e+07,0.3440,-0.0740
pmos,0.52u,mos_sf,0.2900,0.6000,4.676404e-07,1.389944e-05,3.170685e-08,2.460980e-14,29.722496,438.373411,8.988958e+07,0.3440,-0.0540
pmos,0.52u,mos_sf,0.3100,0.6000,8.167941e-07,2.269907e-05,6.640885e-08,2.714330e-14,27.790443,341.807907,1.330962e+08,0.3440,-0.0340
pmos,0.52u,mos_sf,0.3300,0.6000,1.375603e-06,3.500309e-05,1.310356e-07,3.006600e-14,25.445634,267.126567,1.852895e+08,0.3440,-0.0140
pmos,0.52u,mos_sf,0.3500,0.6000,2.216918e-06,5.083689e-05,2.378929e-07,3.305010e-14,22.931335,213.696542,2.448084e+08,0.3440,0.0060
pmos,0.52u,mos_sf,0.3700,0.6000,3.409079e-06,6.982475e-05,3.955890e-07,3.582320e-14,20.481998,176.508321,3.102167e+08,0.3440,0.0260
pmos,0.52u,mos_sf,0.3900,0.6000,5.009908e-06,9.141413e-05,6.075962e-07,3.824470e-14,18.246668,150.452109,3.804190e+08,0.3440,0.0460
pmos,0.52u,mos_sf,0.4100,0.6000,7.065644e-06,1.150647e-04,8.734943e-07,4.028570e-14,16.285097,131.729194,4.545810e+08,0.3440,0.0660
pmos,0.52u,mos_sf,0.4300,0.6000,9.612495e-06,1.403257e-04,1.191050e-06,4.197750e-14,14.598260,117.816800,5.320357e+08,0.3440,0.0860
pmos,0.52u,mos_sf,0.4500,0.6000,1.267867e-05,1.668389e-04,1.557804e-06,4.337320e-14,13.159022,107.098775,6.122037e+08,0.3440,0.1060
pmos,0.52u,mos_sf,0.4700,0.6000,1.628605e-05,1.943173e-04,1.971925e-06,4.452730e-14,11.931518,98.541932,6.945528e+08,0.3440,0.1260
pmos,0.52u,mos_sf,0.4900,0.6000,2.045136e-05,2.225240e-04,2.432554e-06,4.548780e-14,10.880646,91.477517,7.785779e+08,0.3440,0.1460
pmos,0.52u,mos_sf,0.5100,0.6000,2.518701e-05,2.512580e-04,2.939911e-06,4.629400e-14,9.975698,85.464492,8.638042e+08,0.3440,0.1660
pmos,0.52u,mos_sf,0.5300,0.6000,3.050168e-05,2.803444e-04,3.495323e-06,4.697740e-14,9.191113,80.205578,9.497800e+08,0.3440,0.1860
pmos,0.52u,mos_sf,0.5500,0.6000,3.640079e-05,3.096291e-04,4.101270e-06,4.756290e-14,8.506109,75.495907,1.036081e+09,0.3440,0.2060
pmos,0.52u,mos_sf,0.5700,0.6000,4.288685e-05,3.389746e-04,4.761481e-06,4.807010e-14,7.903929,71.191001,1.122309e+09,0.3440,0.2260
pmos,0.52u,mos_sf,0.5900,0.6000,4.995977e-05,3.682580e-04,5.481120e-06,4.851460e-14,7.371091,67.186633,1.208092e+09,0.3440,0.2460
pmos,0.52u,mos_sf,0.6100,0.6000,5.761717e-05,3.973679e-04,6.267043e-06,4.890890e-14,6.896692,63.405964,1.293079e+09,0.3440,0.2660
pmos,0.52u,mos_sf,0.6300,0.6000,6.585449e-05,4.262031e-04,7.128166e-06,4.926290e-14,6.471891,59.791411,1.376946e+09,0.3440,0.2860
pmos,0.52u,mos_sf,0.6500,0.6000,7.466529e-05,4.546702e-04,8.075925e-06,4.958490e-14,6.089445,56.299458,1.459376e+09,0.3440,0.3060
pmos,0.52u,mos_sf,0.6700,0.6000,8.404130e-05,4.826823e-04,9.124854e-06,4.988190e-14,5.743394,52.897537,1.540063e+09,0.3440,0.3260
pmos,0.52u,mos_sf,0.6900,0.6000,9.397258e-05,5.101571e-04,1.029325e-05,5.015960e-14,5.428787,49.562296,1.618714e+09,0.3440,0.3460
pmos,0.52u,mos_sf,0.7100,0.6000,1.044476e-04,5.370154e-04,1.160392e-05,5.042320e-14,5.141481,46.278792,1.695026e+09,0.3440,0.3660
pmos,0.52u,mos_sf,0.7300,0.6000,1.154532e-04,5.631794e-04,1.308501e-05,5.067690e-14,4.877989,43.040044,1.768711e+09,0.3440,0.3860
pmos,0.52u,mos_sf,0.7500,0.6000,1.269748e-04,5.885717e-04,1.477082e-05,5.092460e-14,4.635343,39.846921,1.839466e+09,0.3440,0.4060
pmos,0.52u,mos_sf,0.7700,0.6000,1.389961e-04,6.131143e-04,1.670259e-05,5.116990e-14,4.411018,36.707738,1.906984e+09,0.3440,0.4260
pmos,0.52u,mos_sf,0.7900,0.6000,1.514993e-04,6.367278e-04,1.892916e-05,5.141580e-14,4.202843,33.637404,1.970958e+09,0.3440,0.4460
pmos,0.52u,mos_sf,0.8100,0.6000,1.644652e-04,6.593312e-04,2.150738e-05,5.166510e-14,4.008940,30.656045,2.031077e+09,0.3440,0.4660
pmos,0.52u,mos_sf,0.8300,0.6000,1.778726e-04,6.808420e-04,2.450227e-05,5.192030e-14,3.827695,27.786895,2.087033e+09,0.3440,0.4860
pmos,0.52u,mos_sf,0.8500,0.6000,1.916989e-04,7.011772e-04,2.798669e-05,5.218360e-14,3.657701,25.053952,2.138523e+09,0.3440,0.5060
pmos,0.52u,mos_sf,0.8700,0.6000,2.059197e-04,7.202541e-04,3.204058e-05,5.245670e-14,3.497743,22.479434,2.185269e+09,0.3440,0.5260
pmos,0.52u,mos_sf,0.8900,0.6000,2.205090e-04,7.379921e-04,3.674965e-05,5.274120e-14,3.346766,20.081609,2.227008e+09,0.3440,0.5460
pmos,0.52u,mos_sf,0.9100,0.6000,2.354393e-04,7.543146e-04,4.220353e-05,5.303810e-14,3.203860,17.873258,2.263522e+09,0.3440,0.5660
pmos,0.52u,mos_sf,0.9300,0.6000,2.506816e-04,7.691514e-04,4.849342e-05,5.334810e-14,3.068240,15.860944,2.294632e+09,0.3440,0.5860
pmos,0.52u,mos_sf,0.9500,0.6000,2.662054e-04,7.824411e-04,5.570944e-05,5.367140e-14,2.939238,14.045036,2.320218e+09,0.3440,0.6060
pmos,0.52u,mos_sf,0.9700,0.6000,2.819792e-04,7.941331e-04,6.393765e-05,5.400790e-14,2.816283,12.420430,2.340217e+09,0.3440,0.6260
pmos,0.52u,mos_sf,0.9900,0.6000,2.979707e-04,8.041898e-04,7.325706e-05,5.435690e-14,2.698889,10.977642,2.354637e+09,0.3440,0.6460
pmos,0.52u,mos_sf,1.0100,0.6000,3.141468e-04,8.125883e-04,8.373680e-05,5.471740e-14,2.586652,9.704076,2.363552e+09,0.3440,0.6660
pmos,0.52u,mos_sf,1.0300,0.6000,3.304743e-04,8.193216e-04,9.543354e-05,5.508810e-14,2.479229,8.585258,2.367101e+09,0.3440,0.6860
pmos,0.52u,mos_sf,1.0500,0.6000,3.469197e-04,8.243989e-04,1.083894e-04,5.546730e-14,2.376339,7.605900,2.365487e+09,0.3440,0.7060
pmos,0.52u,mos_sf,1.0700,0.6000,3.634502e-04,8.278457e-04,1.226306e-04,5.585310e-14,2.277742,6.750727,2.358969e+09,0.3440,0.7260
pmos,0.52u,mos_sf,1.0900,0.6000,3.800335e-04,8.297033e-04,1.381663e-04,5.624360e-14,2.183237,6.005106,2.347847e+09,0.3440,0.7460
pmos,0.52u,mos_sf,1.1100,0.6000,3.966384e-04,8.300273e-04,1.549889e-04,5.663640e-14,2.092655,5.355398,2.332474e+09,0.3440,0.7660
pmos,0.52u,mos_sf,1.1300,0.6000,4.132346e-04,8.288864e-04,1.730741e-04,5.702960e-14,2.005849,4.789200,2.313209e+09,0.3440,0.7860
pmos,0.52u,mos_sf,1.1500,0.6000,4.297938e-04,8.270315e-04,1.923822e-04,5.742080e-14,1.924252,4.298898,2.292308e+09,0.3440,0.8060
pmos,0.52u,mos_ss,0.0500,0.6000,3.134968e-11,7.452580e-10,2.876246e-12,1.947100e-14,23.772428,259.107879,6.091700e+03,0.4148,-0.3648
pmos,0.52u,mos_ss,0.0700,0.6000,5.748577e-11,1.868351e-09,3.786485e-12,1.941500e-14,32.501104,493.426225,1.531585e+04,0.4148,-0.3448
pmos,0.52u,mos_ss,0.0900,0.6000,1.060837e-10,3.476449e-09,5.544306e-12,1.936190e-14,32.770812,627.030507,2.857643e+04,0.4148,-0.3248
pmos,0.52u,mos_ss,0.1100,0.6000,1.965437e-10,6.475861e-09,8.884357e-12,1.931160e-14,32.948708,728.905986,5.337027e+04,0.4148,-0.3048
pmos,0.52u,mos_ss,0.1300,0.6000,3.651182e-10,1.207698e-08,1.518450e-11,1.926430e-14,33.076905,795.349205,9.977581e+04,0.4148,-0.2848
pmos,0.52u,mos_ss,0.1500,0.6000,6.796229e-10,2.254800e-08,2.703495e-11,1.922100e-14,33.177222,834.031504,1.867034e+05,0.4148,-0.2648
pmos,0.52u,mos_ss,0.1700,0.6000,1.267038e-09,4.214198e-08,4.932090e-11,1.918320e-14,33.260234,854.444667,3.496343e+05,0.4148,-0.2448
pmos,0.52u,mos_ss,0.1900,0.6000,2.365302e-09,7.883484e-08,9.130323e-11,1.915440e-14,33.329714,863.439771,6.550429e+05,0.4148,-0.2248
pmos,0.52u,mos_ss,0.2100,0.6000,4.420432e-09,1.475738e-07,1.706857e-10,1.914100e-14,33.384475,864.593812,1.227057e+06,0.4148,-0.2048
pmos,0.52u,mos_ss,0.2300,0.6000,8.268255e-09,2.763080e-07,3.217931e-10,1.915500e-14,33.417934,858.651102,2.295786e+06,0.4148,-0.1848
pmos,0.52u,mos_ss,0.2500,0.6000,1.547275e-08,5.170287e-07,6.127395e-10,1.921890e-14,33.415437,843.798547,4.281602e+06,0.4148,-0.1648
pmos,0.52u,mos_ss,0.2700,0.6000,2.894940e-08,9.654278e-07,1.183593e-09,1.937300e-14,33.348802,815.675490,7.931276e+06,0.4148,-0.1448
pmos,0.52u,mos_ss,0.2900,0.6000,5.408986e-08,1.793986e-06,2.336371e-09,1.968740e-14,33.166771,767.851510,1.450277e+07,0.4148,-0.1248
pmos,0.52u,mos_ss,0.3100,0.6000,1.007089e-07,3.301447e-06,4.754070e-09,2.027390e-14,32.782078,694.446443,2.591715e+07,0.4148,-0.1048
pmos,0.52u,mos_ss,0.3300,0.6000,1.861477e-07,5.968599e-06,1.001427e-08,2.128620e-14,32.063781,596.009395,4.462666e+07,0.4148,-0.0848
pmos,0.52u,mos_ss,0.3500,0.6000,3.394528e-07,1.047567e-05,2.161665e-08,2.287790e-14,30.860461,484.611168,7.287621e+07,0.4148,-0.0648
pmos,0.52u,mos_ss,0.3700,0.6000,6.051747e-07,1.759993e-05,4.638882e-08,2.510240e-14,29.082396,379.400252,1.115876e+08,0.4148,-0.0448
pmos,0.52u,mos_ss,0.3900,0.6000,1.043450e-06,2.796336e-05,9.500559e-08,2.781760e-14,26.798946,294.333839,1.599889e+08,0.4148,-0.0248
pmos,0.52u,mos_ss,0.4100,0.6000,1.723709e-06,4.177695e-05,1.798556e-07,3.072040e-14,24.236661,232.280507,2.164362e+08,0.4148,-0.0048
pmos,0.52u,mos_ss,0.4300,0.6000,2.714528e-06,5.880131e-05,3.109927e-07,3.350340e-14,21.661707,189.076174,2.793304e+08,0.4148,0.0152
pmos,0.52u,mos_ss,0.4500,0.6000,4.075761e-06,7.853481e-05,4.935420e-07,3.597660e-14,19.268748,159.124877,3.474259e+08,0.4148,0.0352
pmos,0.52u,mos_ss,0.4700,0.6000,5.855920e-06,1.004351e-04,7.281373e-07,3.807680e-14,17.151037,137.934288,4.198027e+08,0.4148,0.0552
pmos,0.52u,mos_ss,0.4900,0.6000,8.093166e-06,1.240365e-04,1.012931e-06,3.981990e-14,15.326079,122.453059,4.957577e+08,0.4148,0.0752
pmos,0.52u,mos_ss,0.5100,0.6000,1.081738e-05,1.489714e-04,1.345432e-06,4.125450e-14,13.771486,110.723842,5.747139e+08,0.4148,0.0952
pmos,0.52u,mos_ss,0.5300,0.6000,1.405202e-05,1.749513e-04,1.723588e-06,4.243590e-14,12.450260,101.504130,6.561511e+08,0.4148,0.1152
pmos,0.52u,mos_ss,0.5500,0.6000,1.781543e-05,2.017437e-04,2.146248e-06,4.341400e-14,11.324099,93.998317,7.395888e+08,0.4148,0.1352
pmos,0.52u,mos_ss,0.5700,0.6000,2.212177e-05,2.291544e-04,2.613313e-06,4.423050e-14,10.358773,87.687315,8.245680e+08,0.4148,0.1552
pmos,0.52u,mos_ss,0.5900,0.6000,2.698161e-05,2.570165e-04,3.125757e-06,4.491900e-14,9.525618,82.225362,9.106491e+08,0.4148,0.1752
pmos,0.52u,mos_ss,0.6100,0.6000,3.240243e-05,2.851836e-04,3.685651e-06,4.550570e-14,8.801303,77.376724,9.974219e+08,0.4148,0.1952
pmos,0.52u,mos_ss,0.6300,0.6000,3.838895e-05,3.135257e-04,4.296218e-06,4.601130e-14,8.167082,72.977139,1.084498e+09,0.4148,0.2152
pmos,0.52u,mos_ss,0.6500,0.6000,4.494346e-05,3.419261e-04,4.961972e-06,4.645220e-14,7.607917,68.909317,1.171510e+09,0.4148,0.2352
pmos,0.52u,mos_ss,0.6700,0.6000,5.206600e-05,3.702793e-04,5.688926e-06,4.684120e-14,7.111729,65.087734,1.258119e+09,0.4148,0.2552
pmos,0.52u,mos_ss,0.6900,0.6000,5.975463e-05,3.984887e-04,6.484898e-06,4.718880e-14,6.668750,61.448723,1.343994e+09,0.4148,0.2752
pmos,0.52u,mos_ss,0.7100,0.6000,6.800555e-05,4.264658e-04,7.359907e-06,4.750350e-14,6.271044,57.944455,1.428824e+09,0.4148,0.2952
pmos,0.52u,mos_ss,0.7300,0.6000,7.681326e-05,4.541274e-04,8.326670e-06,4.779220e-14,5.912096,54.538897,1.512310e+09,0.4148,0.3152
pmos,0.52u,mos_ss,0.7500,0.6000,8.617065e-05,4.813950e-04,9.401200e-06,4.806090e-14,5.586531,51.205697,1.594152e+09,0.4148,0.3352
pmos,0.52u,mos_ss,0.7700,0.6000,9.606906e-05,5.081929e-04,1.060349e-05,4.831470e-14,5.289871,47.926947,1.674054e+09,0.4148,0.3552
pmos,0.52u,mos_ss,0.7900,0.6000,1.064984e-04,5.344468e-04,1.195826e-05,4.855780e-14,5.018355,44.692689,1.751724e+09,0.4148,0.3752
pmos,0.52u,mos_ss,0.8100,0.6000,1.174469e-04,5.600826e-04,1.349579e-05,4.879410e-14,4.768816,41.500542,1.826858e+09,0.4148,0.3952
pmos,0.52u,mos_ss,0.8300,0.6000,1.289017e-04,5.850257e-04,1.525263e-05,4.902710e-14,4.538541,38.355726,1.899148e+09,0.4148,0.4152
pmos,0.52u,mos_ss,0.8500,0.6000,1.408480e-04,6.091997e-04,1.727237e-05,4.925990e-14,4.325228,35.270186,1.968277e+09,0.4148,0.4352
pmos,0.52u,mos_ss,0.8700,0.6000,1.532697e-04,6.325265e-04,1.960618e-05,4.949510e-14,4.126885,32.261588,2.033933e+09,0.4148,0.4552
pmos,0.52u,mos_ss,0.8900,0.6000,1.661490e-04,6.549259e-04,2.231305e-05,4.973530e-14,3.941799,29.351698,2.095789e+09,0.4148,0.4752
pmos,0.52u,mos_ss,0.9100,0.6000,1.794667e-04,6.763163e-04,2.545979e-05,4.998270e-14,3.768478,26.564096,2.153527e+09,0.4148,0.4952
pmos,0.52u,mos_ss,0.9300,0.6000,1.932017e-04,6.966155e-04,2.912053e-05,5.023900e-14,3.605639,23.921800,2.206847e+09,0.4148,0.5152
pmos,0.52u,mos_ss,0.9500,0.6000,2.073313e-04,7.157420e-04,3.337574e-05,5.050590e-14,3.452166,21.444978,2.255457e+09,0.4148,0.5352
pmos,0.52u,mos_ss,0.9700,0.6000,2.218314e-04,7.336169e-04,3.831079e-05,5.078450e-14,3.307092,19.149094,2.299102e+09,0.4148,0.5552
pmos,0.52u,mos_ss,0.9900,0.6000,2.366760e-04,7.501657e-04,4.401395e-05,5.107560e-14,3.169589,17.043817,2.337566e+09,0.4148,0.5752
pmos,0.52u,mos_ss,1.0100,0.6000,2.518380e-04,7.653206e-04,5.057401e-05,5.137950e-14,3.038940,15.132686,2.370684e+09,0.4148,0.5952
pmos,0.52u,mos_ss,1.0300,0.6000,2.672888e-04,7.790228e-04,5.807763e-05,5.169640e-14,2.914536,13.413474,2.398336e+09,0.4148,0.6152
pmos,0.52u,mos_ss,1.0500,0.6000,2.829989e-04,7.912247e-04,6.660646e-05,5.202570e-14,2.795858,11.879099,2.420483e+09,0.4148,0.6352
pmos,0.52u,mos_ss,1.0700,0.6000,2.989378e-04,8.018912e-04,7.623437e-05,5.236670e-14,2.682468,10.518762,2.437139e+09,0.4148,0.6552
pmos,0.52u,mos_ss,1.0900,0.6000,3.150745e-04,8.110020e-04,8.702482e-05,5.271820e-14,2.574001,9.319203,2.448395e+09,0.4148,0.6752
pmos,0.52u,mos_ss,1.1100,0.6000,3.313779e-04,8.185514e-04,9.902864e-05,5.307880e-14,2.470145,8.265805,2.454398e+09,0.4148,0.6952
pmos,0.52u,mos_ss,1.1300,0.6000,3.478166e-04,8.245494e-04,1.122823e-04,5.344660e-14,2.370644,7.343539,2.455369e+09,0.4148,0.7152
pmos,0.52u,mos_ss,1.1500,0.6000,3.643599e-04,8.297762e-04,1.268066e-04,5.381990e-14,2.277353,6.543636,2.453795e+09,0.4148,0.7352
pmos,0.52u,mos_tt,0.0500,0.6000,1.436808e-10,3.430348e-09,1.104769e-11,1.980410e-14,23.874784,310.503644,2.756787e+04,0.3681,-0.3181
pmos,0.52u,mos_tt,0.0700,0.6000,2.631987e-10,8.521448e-09,1.527138e-11,1.975130e-14,32.376482,558.001176,6.866538e+04,0.3681,-0.2981
pmos,0.52u,mos_tt,0.0900,0.6000,4.845387e-10,1.579193e-08,2.332178e-11,1.970240e-14,32.591679,677.132277,1.275664e+05,0.3681,-0.2781
pmos,0.52u,mos_tt,0.1100,0.6000,8.948758e-10,2.929648e-08,3.850153e-11,1.965850e-14,32.738040,760.917293,2.371839e+05,0.3681,-0.2581
pmos,0.52u,mos_tt,0.1300,0.6000,1.656398e-09,5.440457e-08,6.700749e-11,1.962140e-14,32.845107,811.917742,4.412915e+05,0.3681,-0.2381
pmos,0.52u,mos_tt,0.1500,0.6000,3.071058e-09,1.011191e-07,1.205367e-10,1.959550e-14,32.926470,838.907154,8.212908e+05,0.3681,-0.2181
pmos,0.52u,mos_tt,0.1700,0.6000,5.701162e-09,1.880556e-07,2.213869e-10,1.958840e-14,32.985486,849.443215,1.527944e+06,0.3681,-0.1981
pmos,0.52u,mos_tt,0.1900,0.6000,1.059328e-08,3.497573e-07,4.127673e-10,1.961490e-14,33.016903,847.347404,2.837924e+06,0.3681,-0.1781
pmos,0.52u,mos_tt,0.2100,0.6000,1.969146e-08,6.499174e-07,7.806515e-10,1.970200e-14,33.005039,832.532058,5.250105e+06,0.3681,-0.1581
pmos,0.52u,mos_tt,0.2300,0.6000,3.658998e-08,1.204478e-06,1.502906e-09,1.989750e-14,32.918247,801.432691,9.634307e+06,0.3681,-0.1381
pmos,0.52u,mos_tt,0.2500,0.6000,6.787059e-08,2.219311e-06,2.965814e-09,2.028290e-14,32.699156,748.297432,1.741439e+07,0.3681,-0.1181
pmos,0.52u,mos_tt,0.2700,0.6000,1.253624e-07,4.043273e-06,6.044950e-09,2.098300e-14,32.252677,668.867898,3.066801e+07,0.3681,-0.0981
pmos,0.52u,mos_tt,0.2900,0.6000,2.296015e-07,7.219527e-06,1.274007e-08,2.215870e-14,31.443728,566.678755,5.185428e+07,0.3681,-0.0781
pmos,0.52u,mos_tt,0.3100,0.6000,4.141435e-07,1.247925e-05,2.734877e-08,2.394940e-14,30.132671,456.300228,8.293044e+07,0.3681,-0.0581
pmos,0.52u,mos_tt,0.3300,0.6000,7.287714e-07,2.059810e-05,5.781856e-08,2.636510e-14,28.264144,356.254116,1.243420e+08,0.3681,-0.0381
pmos,0.52u,mos_tt,0.3500,0.6000,1.238068e-06,3.212288e-05,1.157308e-07,2.921400e-14,25.945974,277.565523,1.750022e+08,0.3681,-0.0181
pmos,0.52u,mos_tt,0.3700,0.6000,2.013687e-06,4.715246e-05,2.134960e-07,3.217510e-14,23.415983,220.858751,2.332408e+08,0.3681,0.0019
pmos,0.52u,mos_tt,0.3900,0.6000,3.124166e-06,6.536138e-05,3.603402e-07,3.496040e-14,20.921225,181.387977,2.975534e+08,0.3681,0.0219
pmos,0.52u,mos_tt,0.4100,0.6000,4.628142e-06,8.621315e-05,5.603918e-07,3.740940e-14,18.628026,153.844417,3.667861e+08,0.3681,0.0419
pmos,0.52u,mos_tt,0.4300,0.6000,6.572692e-06,1.091637e-04,8.136268e-07,3.947980e-14,16.608674,134.169253,4.400717e+08,0.3681,0.0619
pmos,0.52u,mos_tt,0.4500,0.6000,8.994688e-06,1.337541e-04,1.117939e-06,4.119710e-14,14.870343,119.643469,5.167263e+08,0.3681,0.0819
pmos,0.52u,mos_tt,0.4700,0.6000,1.192286e-05,1.596208e-04,1.470832e-06,4.261280e-14,13.387795,108.524155,5.961692e+08,0.3681,0.1019
pmos,0.52u,mos_tt,0.4900,0.6000,1.537952e-05,1.864746e-04,1.870360e-06,4.378170e-14,12.124865,99.699844,6.778712e+08,0.3681,0.1219
pmos,0.52u,mos_tt,0.5100,0.6000,1.938184e-05,2.140789e-04,2.315527e-06,4.475270e-14,11.045334,92.453640,7.613332e+08,0.3681,0.1419
pmos,0.52u,mos_tt,0.5300,0.6000,2.394268e-05,2.422342e-04,2.806402e-06,4.556610e-14,10.117255,86.314862,8.460845e+08,0.3681,0.1619
pmos,0.52u,mos_tt,0.5500,0.6000,2.907121e-05,2.707679e-04,3.344153e-06,4.625420e-14,9.313954,80.967557,9.316786e+08,0.3681,0.1819
pmos,0.52u,mos_tt,0.5700,0.6000,3.477340e-05,2.995282e-04,3.931080e-06,4.684250e-14,8.613716,76.194888,1.017695e+09,0.3681,0.2019
pmos,0.52u,mos_tt,0.5900,0.6000,4.105234e-05,3.283801e-04,4.570706e-06,4.735110e-14,7.999059,71.844503,1.103740e+09,0.3681,0.2219
pmos,0.52u,mos_tt,0.6100,0.6000,4.790860e-05,3.572028e-04,5.267933e-06,4.779600e-14,7.455922,67.807013,1.189442e+09,0.3681,0.2419
pmos,0.52u,mos_tt,0.6300,0.6000,5.534045e-05,3.858869e-04,6.029292e-06,4.818970e-14,6.972963,64.002025,1.274459e+09,0.3681,0.2619
pmos,0.52u,mos_tt,0.6500,0.6000,6.334408e-05,4.143332e-04,6.863282e-06,4.854250e-14,6.540993,60.369543,1.358463e+09,0.3681,0.2819
pmos,0.52u,mos_tt,0.6700,0.6000,7.191378e-05,4.424501e-04,7.780812e-06,4.886290e-14,6.152508,56.864258,1.441137e+09,0.3681,0.3019
pmos,0.52u,mos_tt,0.6900,0.6000,8.104208e-05,4.701525e-04,8.795743e-06,4.915770e-14,5.801338,53.452278,1.522185e+09,0.3681,0.3219
pmos,0.52u,mos_tt,0.7100,0.6000,9.071988e-05,4.973597e-04,9.925530e-06,4.943290e-14,5.482367,50.109133,1.601307e+09,0.3681,0.3419
pmos,0.52u,mos_tt,0.7300,0.6000,1.009365e-04,5.239942e-04,1.119195e-05,4.969340e-14,5.191325,46.818847,1.678216e+09,0.3681,0.3619
pmos,0.52u,mos_tt,0.7500,0.6000,1.116796e-04,5.499799e-04,1.262188e-05,4.994380e-14,4.924623,43.573533,1.752610e+09,0.3681,0.3819
pmos,0.52u,mos_tt,0.7700,0.6000,1.229357e-04,5.752411e-04,1.424813e-05,5.018780e-14,4.679203,40.373095,1.824198e+09,0.3681,0.4019
pmos,0.52u,mos_tt,0.7900,0.6000,1.346893e-04,5.997015e-04,1.611020e-05,5.042890e-14,4.452481,37.224957,1.892674e+09,0.3681,0.4219
pmos,0.52u,mos_tt,0.8100,0.6000,1.469237e-04,6.232836e-04,1.825495e-05,5.067030e-14,4.242226,34.143265,1.957728e+09,0.3681,0.4419
pmos,0.52u,mos_tt,0.8300,0.6000,1.596206e-04,6.459078e-04,2.073708e-05,5.091470e-14,4.046519,31.147481,2.019052e+09,0.3681,0.4619
pmos,0.52u,mos_tt,0.8500,0.6000,1.727600e-04,6.674933e-04,2.361928e-05,5.116460e-14,3.863703,28.260527,2.076335e+09,0.3681,0.4819
pmos,0.52u,mos_tt,0.8700,0.6000,1.863204e-04,6.879583e-04,2.697204e-05,5.142220e-14,3.692340,25.506350,2.129274e+09,0.3681,0.5019
pmos,0.52u,mos_tt,0.8900,0.6000,2.002784e-04,7.072211e-04,3.087297e-05,5.168930e-14,3.531190,22.907453,2.177583e+09,0.3681,0.5219
pmos,0.52u,mos_tt,0.9100,0.6000,2.146092e-04,7.252016e-04,3.540556e-05,5.196750e-14,3.379173,20.482704,2.220992e+09,0.3681,0.5419
pmos,0.52u,mos_tt,0.9300,0.6000,2.292864e-04,7.418233e-04,4.065754e-05,5.225780e-14,3.235357,18.245651,2.259277e+09,0.3681,0.5619
pmos,0.52u,mos_tt,0.9500,0.6000,2.442821e-04,7.570155e-04,4.671862e-05,5.256100e-14,3.098940,16.203721,2.292246e+09,0.3681,0.5819
pmos,0.52u,mos_tt,0.9700,0.6000,2.595671e-04,7.707154e-04,5.367792e-05,5.287740e-14,2.969234,14.358146,2.319765e+09,0.3681,0.6019
pmos,0.52u,mos_tt,0.9900,0.6000,2.751108e-04,7.828705e-04,6.162113e-05,5.320690e-14,2.845655,12.704579,2.341758e+09,0.3681,0.6219
pmos,0.52u,mos_tt,1.0100,0.6000,2.908819e-04,7.934408e-04,7.062758e-05,5.354890e-14,2.727708,11.234150,2.358219e+09,0.3681,0.6419
pmos,0.52u,mos_tt,1.0300,0.6000,3.068484e-04,8.024001e-04,8.076739e-05,5.390260e-14,2.614972,9.934704,2.369198e+09,0.3681,0.6619
pmos,0.52u,mos_tt,1.0500,0.6000,3.229779e-04,8.097376e-04,9.209893e-05,5.426650e-14,2.507099,8.792041,2.374831e+09,0.3681,0.6819
pmos,0.52u,mos_tt,1.0700,0.6000,3.392379e-04,8.154583e-04,1.046667e-04,5.463930e-14,2.403795,7.791000,2.375291e+09,0.3681,0.7019
pmos,0.52u,mos_tt,1.0900,0.6000,3.555962e-04,8.195831e-04,1.184998e-04,5.501900e-14,2.304814,6.916325,2.370830e+09,0.3681,0.7219
pmos,0.52u,mos_tt,1.1100,0.6000,3.720212e-04,8.221486e-04,1.336108e-04,5.540360e-14,2.209951,6.153309,2.361742e+09,0.3681,0.7419
pmos,0.52u,mos_tt,1.1300,0.6000,3.884822e-04,8.232056e-04,1.499959e-04,5.579110e-14,2.119030,5.488187,2.348354e+09,0.3681,0.7619
pmos,0.52u,mos_tt,1.1500,0.6000,4.049494e-04,8.235226e-04,1.676347e-04,5.617920e-14,2.033643,4.912602,2.333029e+09,0.3681,0.7819
pmos,1.04u,mos_ff,0.0500,0.6000,3.932013e-10,9.404194e-09,2.558115e-11,3.193030e-14,23.916996,367.622019,4.687472e+04,0.3090,-0.2590
pmos,1.04u,mos_ff,0.0700,0.6000,7.279022e-10,2.406591e-08,2.929292e-11,3.180240e-14,33.062010,821.560636,1.204377e+05,0.3090,-0.2390
pmos,1.04u,mos_ff,0.0900,0.6000,1.355837e-09,4.516963e-08,3.704796e-11,3.169690e-14,33.314941,1219.220438,2.268036e+05,0.3090,-0.2190
pmos,1.04u,mos_ff,0.1100,0.6000,2.534687e-09,8.482335e-08,5.256790e-11,3.162770e-14,33.465020,1613.595940,4.268428e+05,0.3090,-0.1990
pmos,1.04u,mos_ff,0.1300,0.6000,4.748771e-09,1.593008e-07,8.328305e-11,3.162230e-14,33.545690,1912.763762,8.017605e+05,0.3090,-0.1790
pmos,1.04u,mos_ff,0.1500,0.6000,8.906721e-09,2.989207e-07,1.446302e-10,3.173200e-14,33.561251,2066.793104,1.499266e+06,0.3090,-0.1590
pmos,1.04u,mos_ff,0.1700,0.6000,1.670560e-08,5.594692e-07,2.705478e-10,3.205010e-14,33.489920,2067.912583,2.778222e+06,0.3090,-0.1390
pmos,1.04u,mos_ff,0.1900,0.6000,3.128549e-08,1.041149e-06,5.407756e-10,3.273980e-14,33.278974,1925.288419,5.061241e+06,0.3090,-0.1190
pmos,1.04u,mos_ff,0.2100,0.6000,5.835157e-08,1.916030e-06,1.153183e-09,3.406270e-14,32.835963,1661.514261,8.952480e+06,0.3090,-0.0990
pmos,1.04u,mos_ff,0.2300,0.6000,1.079267e-07,3.456740e-06,2.603969e-09,3.637850e-14,32.028590,1327.488922,1.512314e+07,0.3090,-0.0790
pmos,1.04u,mos_ff,0.2500,0.6000,1.966212e-07,6.040067e-06,6.060635e-09,4.004500e-14,30.719307,996.606296,2.400566e+07,0.3090,-0.0590
pmos,1.04u,mos_ff,0.2700,0.6000,3.495294e-07,1.008381e-05,1.387650e-08,4.517850e-14,28.849676,726.682521,3.552327e+07,0.3090,-0.0390
pmos,1.04u,mos_ff,0.2900,0.6000,5.999736e-07,1.591051e-05,2.977060e-08,5.143280e-14,26.518683,534.436995,4.923388e+07,0.3090,-0.0190
pmos,1.04u,mos_ff,0.3100,0.6000,9.859498e-07,2.362133e-05,5.804175e-08,5.809160e-14,23.957944,406.971361,6.471592e+07,0.3090,0.0010
pmos,1.04u,mos_ff,0.3300,0.6000,1.544827e-06,3.308460e-05,1.021379e-07,6.444520e-14,21.416379,323.920895,8.170628e+07,0.3090,0.0210
pmos,1.04u,mos_ff,0.3500,0.6000,2.309334e-06,4.403252e-05,1.637906e-07,7.006550e-14,19.067194,268.834231,1.000206e+08,0.3090,0.0410
pmos,1.04u,mos_ff,0.3700,0.6000,3.306128e-06,5.616997e-05,2.432037e-07,7.481880e-14,16.989654,230.958534,1.194851e+08,0.3090,0.0610
pmos,1.04u,mos_ff,0.3900,0.6000,4.556133e-06,6.923368e-05,3.397488e-07,7.874910e-14,15.195711,203.779027,1.399239e+08,0.3090,0.0810
pmos,1.04u,mos_ff,0.4100,0.6000,6.075475e-06,8.300681e-05,4.525825e-07,8.197220e-14,13.662604,183.407025,1.611637e+08,0.3090,0.1010
pmos,1.04u,mos_ff,0.4300,0.6000,7.876405e-06,9.731375e-05,5.810047e-07,8.461580e-14,12.355097,167.492191,1.830387e+08,0.3090,0.1210
pmos,1.04u,mos_ff,0.4500,0.6000,9.968025e-06,1.120108e-04,7.246166e-07,8.679510e-14,11.237010,154.579401,2.053926e+08,0.3090,0.1410
pmos,1.04u,mos_ff,0.4700,0.6000,1.235684e-05,1.269785e-04,8.833745e-07,8.860500e-14,10.275969,143.742546,2.280826e+08,0.3090,0.1610
pmos,1.04u,mos_ff,0.4900,0.6000,1.504717e-05,1.421160e-04,1.057608e-06,9.012120e-14,9.444700,134.374929,2.509783e+08,0.3090,0.1810
pmos,1.04u,mos_ff,0.5100,0.6000,1.804148e-05,1.573371e-04,1.248039e-06,9.140320e-14,8.720853,126.067455,2.739617e+08,0.3090,0.2010
pmos,1.04u,mos_ff,0.5300,0.6000,2.134065e-05,1.725677e-04,1.455813e-06,9.249750e-14,8.086338,118.536996,2.969270e+08,0.3090,0.2210
pmos,1.04u,mos_ff,0.5500,0.6000,2.494419e-05,1.877437e-04,1.682567e-06,9.344050e-14,7.526550,111.581708,3.197793e+08,0.3090,0.2410
pmos,1.04u,mos_ff,0.5700,0.6000,2.885040e-05,2.028092e-04,1.930530e-06,9.426100e-14,7.029684,105.053638,3.424331e+08,0.3090,0.2610
pmos,1.04u,mos_ff,0.5900,0.6000,3.305655e-05,2.177152e-04,2.202652e-06,9.498210e-14,6.586144,98.842305,3.648103e+08,0.3090,0.2810
pmos,1.04u,mos_ff,0.6100,0.6000,3.755901e-05,2.324184e-04,2.502790e-06,9.562260e-14,6.188086,92.863724,3.868389e+08,0.3090,0.3010
pmos,1.04u,mos_ff,0.6300,0.6000,4.235329e-05,2.468799e-04,2.835933e-06,9.619800e-14,5.829061,87.054208,4.084509e+08,0.3090,0.3210
pmos,1.04u,mos_ff,0.6500,0.6000,4.743420e-05,2.610646e-04,3.208491e-06,9.672140e-14,5.503721,81.366786,4.295815e+08,0.3090,0.3410
pmos,1.04u,mos_ff,0.6700,0.6000,5.279587e-05,2.749393e-04,3.628650e-06,9.720400e-14,5.207591,75.769033,4.501661e+08,0.3090,0.3610
pmos,1.04u,mos_ff,0.6900,0.6000,5.843177e-05,2.884725e-04,4.106806e-06,9.765560e-14,4.936912,70.242544,4.701402e+08,0.3090,0.3810
pmos,1.04u,mos_ff,0.7100,0.6000,6.433477e-05,3.016333e-04,4.656061e-06,9.808530e-14,4.688496,64.782936,4.894355e+08,0.3090,0.4010
pmos,1.04u,mos_ff,0.7300,0.6000,7.049710e-05,3.143900e-04,5.292802e-06,9.850100e-14,4.459616,59.399539,5.079819e+08,0.3090,0.4210
pmos,1.04u,mos_ff,0.7500,0.6000,7.691037e-05,3.267099e-04,6.037354e-06,9.891060e-14,4.247930,54.114750,5.257020e+08,0.3090,0.4410
pmos,1.04u,mos_ff,0.7700,0.6000,8.356550e-05,3.385580e-04,6.914654e-06,9.932140e-14,4.051409,48.962392,5.425133e+08,0.3090,0.4610
pmos,1.04u,mos_ff,0.7900,0.6000,9.045269e-05,3.498967e-04,7.954948e-06,9.974030e-14,3.868284,43.984788,5.583279e+08,0.3090,0.4810
pmos,1.04u,mos_ff,0.8100,0.6000,9.756137e-05,3.606850e-04,9.194407e-06,1.001740e-13,3.697006,39.228740,5.730509e+08,0.3090,0.5010
pmos,1.04u,mos_ff,0.8300,0.6000,1.048801e-04,3.708785e-04,1.067560e-05,1.006300e-13,3.536214,34.740764,5.865760e+08,0.3090,0.5210
pmos,1.04u,mos_ff,0.8500,0.6000,1.123965e-04,3.804296e-04,1.244772e-05,1.011130e-13,3.384710,30.562191,5.988078e+08,0.3090,0.5410
pmos,1.04u,mos_ff,0.8700,0.6000,1.200973e-04,3.892879e-04,1.456637e-05,1.016290e-13,3.241438,26.725114,6.096399e+08,0.3090,0.5610
pmos,1.04u,mos_ff,0.8900,0.6000,1.279680e-04,3.974011e-04,1.709297e-05,1.021850e-13,3.105472,23.249388,6.189592e+08,0.3090,0.5810
pmos,1.04u,mos_ff,0.9100,0.6000,1.359933e-04,4.047170e-04,2.009341e-05,1.027840e-13,2.976007,20.141778,6.266803e+08,0.3090,0.6010
pmos,1.04u,mos_ff,0.9300,0.6000,1.441567e-04,4.111850e-04,2.363619e-05,1.034290e-13,2.852347,17.396416,6.327251e+08,0.3090,0.6210
pmos,1.04u,mos_ff,0.9500,0.6000,1.524407e-04,4.167587e-04,2.778995e-05,1.041230e-13,2.733907,14.996742,6.370274e+08,0.3090,0.6410
pmos,1.04u,mos_ff,0.9700,0.6000,1.608270e-04,4.213983e-04,3.262044e-05,1.048660e-13,2.620196,12.918229,6.395555e+08,0.3090,0.6610
pmos,1.04u,mos_ff,0.9900,0.6000,1.692967e-04,4.250733e-04,3.818734e-05,1.056570e-13,2.510819,11.131262,6.403032e+08,0.3090,0.6810
pmos,1.04u,mos_ff,1.0100,0.6000,1.778300e-04,4.277645e-04,4.454100e-05,1.064940e-13,2.405469,9.603837,6.392927e+08,0.3090,0.7010
pmos,1.04u,mos_ff,1.0300,0.6000,1.864072e-04,4.294656e-04,5.171955e-05,1.073720e-13,2.303911,8.303738,6.365866e+08,0.3090,0.7210
pmos,1.04u,mos_ff,1.0500,0.6000,1.950086e-04,4.301847e-04,5.974656e-05,1.082860e-13,2.205978,7.200158,6.322703e+08,0.3090,0.7410
pmos,1.04u,mos_ff,1.0700,0.6000,2.036146e-04,4.299438e-04,6.862956e-05,1.092290e-13,2.111557,6.264703,6.264607e+08,0.3090,0.7610
pmos,1.04u,mos_ff,1.0900,0.6000,2.122064e-04,4.287791e-04,7.835947e-05,1.101930e-13,2.020576,5.471950,6.192981e+08,0.3090,0.7810
pmos,1.04u,mos_ff,1.1100,0.6000,2.207658e-04,4.267387e-04,8.891102e-05,1.111700e-13,1.932993,4.799615,6.109344e+08,0.3090,0.8010
pmos,1.04u,mos_ff,1.1300,0.6000,2.292759e-04,4.238813e-04,1.002440e-04,1.121520e-13,1.848783,4.228495,6.015301e+08,0.3090,0.8210
pmos,1.04u,mos_ff,1.1500,0.6000,2.377210e-04,4.206314e-04,1.123053e-04,1.131290e-13,1.769433,3.745428,5.917631e+08,0.3090,0.8410
pmos,1.04u,mos_fs,0.0500,0.6000,4.068833e-11,9.629185e-10,3.666013e-12,3.130540e-14,23.665717,262.660962,4.895425e+03,0.3810,-0.3310
pmos,1.04u,mos_fs,0.0700,0.6000,7.495705e-11,2.463953e-09,3.998960e-12,3.115810e-14,32.871531,616.148449,1.258582e+04,0.3810,-0.3110
pmos,1.04u,mos_fs,0.0900,0.6000,1.392465e-10,4.625173e-09,4.741409e-12,3.101790e-14,33.215722,975.484924,2.373208e+04,0.3810,-0.2910
pmos,1.04u,mos_fs,0.1100,0.6000,2.599640e-10,8.690554e-09,6.254253e-12,3.088590e-14,33.429836,1389.543084,4.478240e+04,0.3810,-0.2710
pmos,1.04u,mos_fs,0.1300,0.6000,4.868686e-10,1.634593e-08,9.224094e-12,3.076430e-14,33.573597,1772.090571,8.456346e+04,0.3810,-0.2510
pmos,1.04u,mos_fs,0.1500,0.6000,9.138010e-10,3.077401e-08,1.496598e-11,3.065830e-14,33.676927,2056.264274,1.597556e+05,0.3810,-0.2310
pmos,1.04u,mos_fs,0.1700,0.6000,1.717829e-09,5.798127e-08,2.602719e-11,3.057800e-14,33.752644,2227.719166,3.017858e+05,0.3810,-0.2110
pmos,1.04u,mos_fs,0.1900,0.6000,3.233052e-09,1.092835e-07,4.743746e-11,3.054280e-14,33.801962,2303.738438,5.694635e+05,0.3810,-0.1910
pmos,1.04u,mos_fs,0.2100,0.6000,6.089171e-09,2.059091e-07,8.944746e-11,3.058940e-14,33.815621,2302.011706,1.071334e+06,0.3810,-0.1710
pmos,1.04u,mos_fs,0.2300,0.6000,1.146941e-08,3.873264e-07,1.739790e-10,3.078530e-14,33.770386,2226.282482,2.002414e+06,0.3810,-0.1510
pmos,1.04u,mos_fs,0.2500,0.6000,2.158223e-08,7.256300e-07,3.509745e-10,3.125160e-14,33.621642,2067.472138,3.695414e+06,0.3810,-0.1310
pmos,1.04u,mos_fs,0.2700,0.6000,4.049461e-08,1.348150e-06,7.417536e-10,3.219200e-14,33.292085,1817.517300,6.665157e+06,0.3810,-0.1110
pmos,1.04u,mos_fs,0.2900,0.6000,7.550825e-08,2.466334e-06,1.651952e-09,3.391250e-14,32.663106,1492.981636,1.157477e+07,0.3810,-0.0910
pmos,1.04u,mos_fs,0.3100,0.6000,1.391480e-07,4.395491e-06,3.832614e-09,3.678040e-14,31.588604,1146.865038,1.902002e+07,0.3810,-0.0710
pmos,1.04u,mos_fs,0.3300,0.6000,2.513279e-07,7.529351e-06,8.935390e-09,4.105260e-14,29.958278,842.643802,2.919020e+07,0.3810,-0.0510
pmos,1.04u,mos_fs,0.3500,0.6000,4.403220e-07,1.223807e-05,1.992116e-08,4.661740e-14,27.793456,614.325170,4.178160e+07,0.3810,-0.0310
pmos,1.04u,mos_fs,0.3700,0.6000,7.408508e-07,1.872802e-05,4.078079e-08,5.291450e-14,25.279071,459.236322,5.632968e+07,0.3810,-0.0110
pmos,1.04u,mos_fs,0.3900,0.6000,1.189443e-06,2.697191e-05,7.532872e-08,5.920850e-14,22.676085,358.056131,7.250163e+07,0.3810,0.0090
pmos,1.04u,mos_fs,0.4100,0.6000,1.819727e-06,3.676283e-05,1.259933e-07,6.494570e-14,20.202388,291.784008,9.009043e+07,0.3810,0.0290
pmos,1.04u,mos_fs,0.4300,0.6000,2.659956e-06,4.782511e-05,1.935622e-07,6.987790e-14,17.979662,247.078768,1.089272e+08,0.3810,0.0490
pmos,1.04u,mos_fs,0.4500,0.6000,3.732731e-06,5.989528e-05,2.777200e-07,7.398540e-14,16.045967,215.667867,1.288447e+08,0.3810,0.0690
pmos,1.04u,mos_fs,0.4700,0.6000,5.055767e-06,7.275229e-05,3.777181e-07,7.735860e-14,14.389961,192.610018,1.496781e+08,0.3810,0.0890
pmos,1.04u,mos_fs,0.4900,0.6000,6.642823e-06,8.621796e-05,4.928289e-07,8.012080e-14,12.979114,174.945016,1.712666e+08,0.3810,0.1090
pmos,1.04u,mos_fs,0.5100,0.6000,8.504485e-06,1.001484e-04,6.225684e-07,8.239020e-14,11.775951,160.863288,1.934588e+08,0.3810,0.1290
pmos,1.04u,mos_fs,0.5300,0.6000,1.064876e-05,1.144254e-04,7.667793e-07,8.426710e-14,10.745420,149.228598,2.161148e+08,0.3810,0.1490
pmos,1.04u,mos_fs,0.5500,0.6000,1.308150e-05,1.289501e-04,9.256551e-07,8.583280e-14,9.857440,139.306854,2.391049e+08,0.3810,0.1690
pmos,1.04u,mos_fs,0.5700,0.6000,1.580676e-05,1.436383e-04,1.099753e-06,8.715080e-14,9.087144,130.609601,2.623125e+08,0.3810,0.1890
pmos,1.04u,mos_fs,0.5900,0.6000,1.882703e-05,1.584177e-04,1.290015e-06,8.827100e-14,8.414376,122.802991,2.856313e+08,0.3810,0.2090
pmos,1.04u,mos_fs,0.6100,0.6000,2.214347e-05,1.732256e-04,1.497815e-06,8.923240e-14,7.822875,115.652200,3.089652e+08,0.3810,0.2290
pmos,1.04u,mos_fs,0.6300,0.6000,2.575606e-05,1.880073e-04,1.725033e-06,9.006550e-14,7.299536,108.987654,3.322281e+08,0.3810,0.2490
pmos,1.04u,mos_fs,0.6500,0.6000,2.966376e-05,2.027145e-04,1.974159e-06,9.079480e-14,6.833743,102.683978,3.553399e+08,0.3810,0.2690
pmos,1.04u,mos_fs,0.6700,0.6000,3.386464e-05,2.173043e-04,2.248440e-06,9.143980e-14,6.416850,96.646697,3.782276e+08,0.3810,0.2890
pmos,1.04u,mos_fs,0.6900,0.6000,3.835594e-05,2.317384e-04,2.552069e-06,9.201670e-14,6.041786,90.804128,4.008219e+08,0.3810,0.3090
pmos,1.04u,mos_fs,0.7100,0.6000,4.313417e-05,2.459814e-04,2.890423e-06,9.253880e-14,5.702704,85.102215,4.230567e+08,0.3810,0.3290
pmos,1.04u,mos_fs,0.7300,0.6000,4.819519e-05,2.600008e-04,3.270363e-06,9.301760e-14,5.394746,79.502123,4.448665e+08,0.3810,0.3490
pmos,1.04u,mos_fs,0.7500,0.6000,5.353420e-05,2.737653e-04,3.700595e-06,9.346300e-14,5.113839,73.978725,4.661856e+08,0.3810,0.3690
pmos,1.04u,mos_fs,0.7700,0.6000,5.914581e-05,2.872445e-04,4.192108e-06,9.388370e-14,4.856549,68.520301,4.869470e+08,0.3810,0.3890
pmos,1.04u,mos_fs,0.7900,0.6000,6.502399e-05,3.004078e-04,4.758681e-06,9.428790e-14,4.619953,63.128375,5.070787e+08,0.3810,0.4090
pmos,1.04u,mos_fs,0.8100,0.6000,7.116212e-05,3.132235e-04,5.417466e-06,9.468300e-14,4.401548,57.817345,5.265050e+08,0.3810,0.4290
pmos,1.04u,mos_fs,0.8300,0.6000,7.755292e-05,3.256582e-04,6.189634e-06,9.507610e-14,4.199174,52.613482,5.451434e+08,0.3810,0.4490
pmos,1.04u,mos_fs,0.8500,0.6000,8.418844e-05,3.376761e-04,7.101043e-06,9.547400e-14,4.010956,47.553028,5.629053e+08,0.3810,0.4690
pmos,1.04u,mos_fs,0.8700,0.6000,9.105997e-05,3.492383e-04,8.182905e-06,9.588320e-14,3.835256,42.679012,5.796949e+08,0.3810,0.4890
pmos,1.04u,mos_fs,0.8900,0.6000,9.815798e-05,3.603028e-04,9.472359e-06,9.631000e-14,3.670642,38.037283,5.954104e+08,0.3810,0.5090
pmos,1.04u,mos_fs,0.9100,0.6000,1.054721e-04,3.708236e-04,1.101288e-05,9.676060e-14,3.515845,33.671810,6.099426e+08,0.3810,0.5290
pmos,1.04u,mos_fs,0.9300,0.6000,1.129909e-04,3.807520e-04,1.285440e-05,9.724070e-14,3.369758,29.620363,6.231811e+08,0.3810,0.5490
pmos,1.04u,mos_fs,0.9500,0.6000,1.207022e-04,3.900363e-04,1.505302e-05,9.775550e-14,3.231393,25.910834,6.350150e+08,0.3810,0.5690
pmos,1.04u,mos_fs,0.9700,0.6000,1.285924e-04,3.986235e-04,1.767022e-05,9.830960e-14,3.099899,22.559057,6.453378e+08,0.3810,0.5890
pmos,1.04u,mos_fs,0.9900,0.6000,1.366471e-04,4.064608e-04,2.077148e-05,9.890680e-14,2.974529,19.568216,6.540526e+08,0.3810,0.6090
pmos,1.04u,mos_fs,1.0100,0.6000,1.448508e-04,4.134975e-04,2.442426e-05,9.954970e-14,2.854644,16.929786,6.610785e+08,0.3810,0.6290
pmos,1.04u,mos_fs,1.0300,0.6000,1.531870e-04,4.196873e-04,2.869551e-05,1.002400e-13,2.739706,14.625539,6.663538e+08,0.3810,0.6490
pmos,1.04u,mos_fs,1.0500,0.6000,1.616383e-04,4.249908e-04,3.364869e-05,1.009770e-13,2.629270,12.630233,6.698494e+08,0.3810,0.6690
pmos,1.04u,mos_fs,1.0700,0.6000,1.701866e-04,4.293779e-04,3.934067e-05,1.017590e-13,2.522983,10.914351,6.715634e+08,0.3810,0.6890
pmos,1.04u,mos_fs,1.0900,0.6000,1.788134e-04,4.328295e-04,4.581866e-05,1.025830e-13,2.420565,9.446577,6.715241e+08,0.3810,0.7090
pmos,1.04u,mos_fs,1.1100,0.6000,1.874998e-04,4.353395e-04,5.311762e-05,1.034450e-13,2.321813,8.195764,6.697901e+08,0.3810,0.7290
pmos,1.04u,mos_fs,1.1300,0.6000,1.962270e-04,4.369150e-04,6.125821e-05,1.043380e-13,2.226579,7.132350,6.664608e+08,0.3810,0.7490
pmos,1.04u,mos_fs,1.1500,0.6000,2.049764e-04,4.380268e-04,7.024555e-05,1.052560e-13,2.136962,6.235652,6.623293e+08,0.3810,0.7690
pmos,1.04u,mos_sf,0.0500,0.6000,1.832794e-10,4.369991e-09,1.324582e-11,3.171130e-14,23.843329,329.914720,2.193242e+04,0.3333,-0.2833
pmos,1.04u,mos_sf,0.0700,0.6000,3.388103e-10,1.118309e-08,1.490194e-11,3.157240e-14,33.006936,750.445244,5.637342e+04,0.3333,-0.2633
pmos,1.04u,mos_sf,0.0900,0.6000,6.306032e-10,2.099195e-08,1.841918e-11,3.144690e-14,33.288683,1139.678856,1.062417e+05,0.3333,-0.2433
pmos,1.04u,mos_sf,0.1100,0.6000,1.178488e-09,3.943584e-08,2.547034e-11,3.134090e-14,33.463082,1548.304420,2.002626e+05,0.3333,-0.2233
pmos,1.04u,mos_sf,0.1300,0.6000,2.208037e-09,7.413181e-08,3.930516e-11,3.126700e-14,33.573627,1886.057963,3.773449e+05,0.3333,-0.2033
pmos,1.04u,mos_sf,0.1500,0.6000,4.143761e-09,1.393826e-07,6.638268e-11,3.124950e-14,33.636737,2099.683231,7.098811e+05,0.3333,-0.1833
pmos,1.04u,mos_sf,0.1700,0.6000,7.783339e-09,2.619008e-07,1.200212e-10,3.133380e-14,33.648901,2182.121159,1.330283e+06,0.3333,-0.1633
pmos,1.04u,mos_sf,0.1900,0.6000,1.461979e-08,4.910276e-07,2.291974e-10,3.160340e-14,33.586502,2142.378578,2.472818e+06,0.3333,-0.1433
pmos,1.04u,mos_sf,0.2100,0.6000,2.742444e-08,9.159547e-07,4.612450e-10,3.220500e-14,33.399213,1985.831174,4.526586e+06,0.3333,-0.1233
pmos,1.04u,mos_sf,0.2300,0.6000,5.125798e-08,1.691500e-06,9.821252e-10,3.337890e-14,32.999740,1722.285509,8.065292e+06,0.3333,-0.1033
pmos,1.04u,mos_sf,0.2500,0.6000,9.508443e-08,3.067418e-06,2.209434e-09,3.546700e-14,32.259940,1388.327508,1.376476e+07,0.3333,-0.0833
pmos,1.04u,mos_sf,0.2700,0.6000,1.739547e-07,5.399069e-06,5.143396e-09,3.883650e-14,31.037213,1049.708986,2.212580e+07,0.3333,-0.0633
pmos,1.04u,mos_sf,0.2900,0.6000,3.110472e-07,9.098810e-06,1.186885e-08,4.366270e-14,29.252184,766.612604,3.316608e+07,0.3333,-0.0433
pmos,1.04u,mos_sf,0.3100,0.6000,5.379071e-07,1.451061e-05,2.583922e-08,4.968550e-14,26.976052,561.573066,4.648107e+07,0.3333,-0.0233
pmos,1.04u,mos_sf,0.3300,0.6000,8.914714e-07,2.177549e-05,5.127770e-08,5.623620e-14,24.426459,424.658087,6.162715e+07,0.3333,-0.0033
pmos,1.04u,mos_sf,0.3500,0.6000,1.408927e-06,3.079797e-05,9.179713e-08,6.258650e-14,21.859167,335.500358,7.831799e+07,0.3333,0.0167
pmos,1.04u,mos_sf,0.3700,0.6000,2.123390e-06,4.132952e-05,1.493874e-07,6.826070e-14,19.463933,276.660013,9.636288e+07,0.3333,0.0367
pmos,1.04u,mos_sf,0.3900,0.6000,3.062107e-06,5.308006e-05,2.244519e-07,7.308530e-14,17.334489,236.487461,1.155903e+08,0.3333,0.0567
pmos,1.04u,mos_sf,0.4100,0.6000,4.246593e-06,6.578535e-05,3.164613e-07,7.708350e-14,15.491324,207.878025,1.358276e+08,0.3333,0.0767
pmos,1.04u,mos_sf,0.4300,0.6000,5.693522e-06,7.922665e-05,4.245959e-07,8.036350e-14,13.915227,186.593064,1.569035e+08,0.3333,0.0967
pmos,1.04u,mos_sf,0.4500,0.6000,7.415659e-06,9.322720e-05,5.481387e-07,8.305200e-14,12.571668,170.079580,1.786540e+08,0.3333,0.1167
pmos,1.04u,mos_sf,0.4700,0.6000,9.422610e-06,1.076431e-04,6.866550e-07,8.526540e-14,11.423915,156.764460,2.009248e+08,0.3333,0.1367
pmos,1.04u,mos_sf,0.4900,0.6000,1.172138e-05,1.223551e-04,8.400562e-07,8.710110e-14,10.438626,145.651089,2.235726e+08,0.3333,0.1567
pmos,1.04u,mos_sf,0.5100,0.6000,1.431681e-05,1.372630e-04,1.008618e-06,8.863650e-14,9.587541,136.090175,2.464683e+08,0.3333,0.1767
pmos,1.04u,mos_sf,0.5300,0.6000,1.721190e-05,1.522811e-04,1.192998e-06,8.993280e-14,8.847431,127.645729,2.694933e+08,0.3333,0.1967
pmos,1.04u,mos_sf,0.5500,0.6000,2.040806e-05,1.673358e-04,1.394263e-06,9.103750e-14,8.199496,120.017386,2.925423e+08,0.3333,0.2167
pmos,1.04u,mos_sf,0.5700,0.6000,2.390533e-05,1.823636e-04,1.613950e-06,9.198810e-14,7.628575,112.992100,3.155198e+08,0.3333,0.2367
pmos,1.04u,mos_sf,0.5900,0.6000,2.770260e-05,1.973087e-04,1.854154e-06,9.281410e-14,7.122389,106.414408,3.383393e+08,0.3333,0.2567
pmos,1.04u,mos_sf,0.6100,0.6000,3.179768e-05,2.121226e-04,2.117654e-06,9.353890e-14,6.671009,100.168677,3.609232e+08,0.3333,0.2767
pmos,1.04u,mos_sf,0.6300,0.6000,3.618750e-05,2.267619e-04,2.408077e-06,9.418180e-14,6.266305,94.167213,3.831980e+08,0.3333,0.2967
pmos,1.04u,mos_sf,0.6500,0.6000,4.086816e-05,2.411881e-04,2.730112e-06,9.475840e-14,5.901614,88.343665,4.050963e+08,0.3333,0.3167
pmos,1.04u,mos_sf,0.6700,0.6000,4.583502e-05,2.553658e-04,3.089788e-06,9.528190e-14,5.571412,82.648324,4.265525e+08,0.3333,0.3367
pmos,1.04u,mos_sf,0.6900,0.6000,5.108279e-05,2.692622e-04,3.494802e-06,9.576360e-14,5.271094,77.046482,4.475021e+08,0.3333,0.3567
pmos,1.04u,mos_sf,0.7100,0.6000,5.660551e-05,2.828460e-04,3.954926e-06,9.621340e-14,4.996793,71.517394,4.678801e+08,0.3333,0.3767
pmos,1.04u,mos_sf,0.7300,0.6000,6.239663e-05,2.960863e-04,4.482486e-06,9.664020e-14,4.745229,66.054038,4.876190e+08,0.3333,0.3967
pmos,1.04u,mos_sf,0.7500,0.6000,6.844897e-05,3.089521e-04,5.092918e-06,9.705220e-14,4.513612,60.663082,5.066475e+08,0.3333,0.4167
pmos,1.04u,mos_sf,0.7700,0.6000,7.475471e-05,3.214110e-04,5.805388e-06,9.745690e-14,4.299542,55.364258,5.248900e+08,0.3333,0.4367
pmos,1.04u,mos_sf,0.7900,0.6000,8.130540e-05,3.334286e-04,6.643466e-06,9.786150e-14,4.100940,50.188953,5.422644e+08,0.3333,0.4567
pmos,1.04u,mos_sf,0.8100,0.6000,8.809186e-05,3.449681e-04,7.635808e-06,9.827310e-14,3.916004,45.177681,5.586817e+08,0.3333,0.4767
pmos,1.04u,mos_sf,0.8300,0.6000,9.510413e-05,3.559892e-04,8.816797e-06,9.869830e-14,3.743152,40.376250,5.740468e+08,0.3333,0.4967
pmos,1.04u,mos_sf,0.8500,0.6000,1.023314e-04,3.664485e-04,1.022705e-05,9.914360e-14,3.580998,35.831300,5.882587e+08,0.3333,0.5167
pmos,1.04u,mos_sf,0.8700,0.6000,1.097621e-04,3.762990e-04,1.191371e-05,9.961520e-14,3.428315,31.585375,6.012119e+08,0.3333,0.5367
pmos,1.04u,mos_sf,0.8900,0.6000,1.173834e-04,3.854909e-04,1.393038e-05,1.001190e-13,3.284032,27.672677,6.127986e+08,0.3333,0.5567
pmos,1.04u,mos_sf,0.9100,0.6000,1.251817e-04,3.939722e-04,1.633658e-05,1.006600e-13,3.147203,24.115953,6.229150e+08,0.3333,0.5767
pmos,1.04u,mos_sf,0.9300,0.6000,1.331423e-04,4.016904e-04,1.919667e-05,1.012430e-13,3.017001,20.925004,6.314611e+08,0.3333,0.5967
pmos,1.04u,mos_sf,0.9500,0.6000,1.412493e-04,4.085942e-04,2.257811e-05,1.018710e-13,2.892717,18.096918,6.383543e+08,0.3333,0.6167
pmos,1.04u,mos_sf,0.9700,0.6000,1.494860e-04,4.146356e-04,2.654914e-05,1.025470e-13,2.773742,15.617666,6.435225e+08,0.3333,0.6367
pmos,1.04u,mos_sf,0.9900,0.6000,1.578347e-04,4.197726e-04,3.117599e-05,1.032720e-13,2.659571,13.464612,6.469216e+08,0.3333,0.6567
pmos,1.04u,mos_sf,1.0100,0.6000,1.662769e-04,4.239716e-04,3.651967e-05,1.040440e-13,2.549793,11.609404,6.485446e+08,0.3333,0.6767
pmos,1.04u,mos_sf,1.0300,0.6000,1.747936e-04,4.272096e-04,4.263285e-05,1.048620e-13,2.444080,10.020667,6.484000e+08,0.3333,0.6967
pmos,1.04u,mos_sf,1.0500,0.6000,1.833653e-04,4.294761e-04,4.955682e-05,1.057220e-13,2.342189,8.666337,6.465376e+08,0.3333,0.7167
pmos,1.04u,mos_sf,1.0700,0.6000,1.919727e-04,4.307741e-04,5.731908e-05,1.066180e-13,2.243934,7.515370,6.430418e+08,0.3333,0.7367
pmos,1.04u,mos_sf,1.0900,0.6000,2.005963e-04,4.311207e-04,6.593168e-05,1.075440e-13,2.149196,6.538901,6.380178e+08,0.3333,0.7567
pmos,1.04u,mos_sf,1.1100,0.6000,2.092175e-04,4.305468e-04,7.539036e-05,1.084920e-13,2.057891,5.710900,6.316010e+08,0.3333,0.7767
pmos,1.04u,mos_sf,1.1300,0.6000,2.178182e-04,4.290957e-04,8.567481e-05,1.094550e-13,1.969972,5.008423,6.239341e+08,0.3333,0.7967
pmos,1.04u,mos_sf,1.1500,0.6000,2.263813e-04,4.272184e-04,9.674964e-05,1.104240e-13,1.887163,4.415710,6.157531e+08,0.3333,0.8167
pmos,1.04u,mos_ss,0.0500,0.6000,1.938658e-11,4.562432e-10,1.983869e-12,3.111290e-14,23.533970,229.976475,2.333867e+03,0.4044,-0.3544
pmos,1.04u,mos_ss,0.0700,0.6000,3.562484e-11,1.167584e-09,2.133260e-12,3.096380e-14,32.774435,547.323814,6.001420e+03,0.4044,-0.3344
pmos,1.04u,mos_ss,0.0900,0.6000,6.608992e-11,2.191802e-09,2.477269e-12,3.082110e-14,33.163938,884.765441,1.131809e+04,0.4044,-0.3144
pmos,1.04u,mos_ss,0.1100,0.6000,1.232969e-10,4.118560e-09,3.186647e-12,3.068470e-14,33.403597,1292.443123,2.136209e+04,0.4044,-0.2944
pmos,1.04u,mos_ss,0.1300,0.6000,2.308323e-10,7.747418e-09,4.585190e-12,3.055550e-14,33.562972,1689.661279,4.035411e+04,0.4044,-0.2744
pmos,1.04u,mos_ss,0.1500,0.6000,4.331937e-10,1.458923e-08,7.289285e-12,3.043570e-14,33.678306,2001.462421,7.629028e+04,0.4044,-0.2544
pmos,1.04u,mos_ss,0.1700,0.6000,8.144013e-10,2.749999e-08,1.247958e-11,3.033010e-14,33.767124,2203.598999,1.443042e+05,0.4044,-0.2344
pmos,1.04u,mos_ss,0.1900,0.6000,1.533193e-09,5.187705e-08,2.244113e-11,3.024770e-14,33.835955,2311.695088,2.729625e+05,0.4044,-0.2144
pmos,1.04u,mos_ss,0.2100,0.6000,2.889484e-09,9.790506e-08,4.167574e-11,3.020630e-14,33.883233,2349.209876,5.158551e+05,0.4044,-0.1944
pmos,1.04u,mos_ss,0.2300,0.6000,5.449396e-09,1.847291e-07,7.931787e-11,3.023890e-14,33.899005,2328.972021,9.722758e+05,0.4044,-0.1744
pmos,1.04u,mos_ss,0.2500,0.6000,1.027865e-08,3.480463e-07,1.547678e-10,3.040720e-14,33.861091,2248.828891,1.821716e+06,0.4044,-0.1544
pmos,1.04u,mos_ss,0.2700,0.6000,1.937125e-08,6.533465e-07,3.118480e-10,3.082180e-14,33.727638,2095.079975,3.373694e+06,0.4044,-0.1344
pmos,1.04u,mos_ss,0.2900,0.6000,3.641251e-08,1.217114e-06,6.562521e-10,3.167130e-14,33.425710,1854.643970,6.116254e+06,0.4044,-0.1144
pmos,1.04u,mos_ss,0.3100,0.6000,6.805581e-08,2.235049e-06,1.453926e-09,3.324500e-14,32.841414,1537.250864,1.069993e+07,0.4044,-0.0944
pmos,1.04u,mos_ss,0.3300,0.6000,1.258145e-07,4.004542e-06,3.364224e-09,3.590440e-14,31.828939,1190.331559,1.775110e+07,0.4044,-0.0744
pmos,1.04u,mos_ss,0.3500,0.6000,2.282375e-07,6.908088e-06,7.868116e-09,3.993310e-14,30.267103,877.985022,2.753246e+07,0.4044,-0.0544
pmos,1.04u,mos_ss,0.3700,0.6000,4.021380e-07,1.132252e-05,1.770891e-08,4.528000e-14,28.155807,639.368544,3.979759e+07,0.4044,-0.0344
pmos,1.04u,mos_ss,0.3900,0.6000,6.811381e-07,1.747988e-05,3.674068e-08,5.144010e-14,25.662755,475.763649,5.408250e+07,0.4044,-0.0144
pmos,1.04u,mos_ss,0.4100,0.6000,1.101333e-06,2.538374e-05,6.882592e-08,5.768600e-14,23.048197,368.810762,7.003342e+07,0.4044,0.0056
pmos,1.04u,mos_ss,0.4300,0.6000,1.696488e-06,3.484843e-05,1.165708e-07,6.343430e-14,20.541513,298.946477,8.743377e+07,0.4044,0.0256
pmos,1.04u,mos_ss,0.4500,0.6000,2.495270e-06,4.560706e-05,1.809404e-07,6.840330e-14,18.277405,252.055705,1.061146e+08,0.4044,0.0456
pmos,1.04u,mos_ss,0.4700,0.6000,3.520770e-06,5.739786e-05,2.617283e-07,7.255170e-14,16.302644,219.303224,1.259123e+08,0.4044,0.0656
pmos,1.04u,mos_ss,0.4900,0.6000,4.791185e-06,6.999942e-05,3.582297e-07,7.596090e-14,14.610043,195.403731,1.466643e+08,0.4044,0.0856
pmos,1.04u,mos_ss,0.5100,0.6000,6.320747e-06,8.323333e-05,4.697215e-07,7.875160e-14,13.168274,177.197190,1.682124e+08,0.4044,0.1056
pmos,1.04u,mos_ss,0.5300,0.6000,8.120518e-06,9.695605e-05,5.957046e-07,8.104220e-14,11.939639,162.758606,1.904074e+08,0.4044,0.1256
pmos,1.04u,mos_ss,0.5500,0.6000,1.019899e-05,1.110501e-04,7.359977e-07,8.293450e-14,10.888343,150.883760,2.131100e+08,0.4044,0.1456
pmos,1.04u,mos_ss,0.5700,0.6000,1.256252e-05,1.254174e-04,8.907640e-07,8.451100e-14,9.983459,140.797563,2.361917e+08,0.4044,0.1656
pmos,1.04u,mos_ss,0.5900,0.6000,1.521569e-05,1.399748e-04,1.060523e-06,8.583640e-14,9.199372,131.986576,2.595365e+08,0.4044,0.1856
pmos,1.04u,mos_ss,0.6100,0.6000,1.816151e-05,1.546506e-04,1.246168e-06,8.696160e-14,8.515294,124.100924,2.830377e+08,0.4044,0.2056
pmos,1.04u,mos_ss,0.6300,0.6000,2.140171e-05,1.693829e-04,1.449009e-06,8.792600e-14,7.914456,116.895685,3.066002e+08,0.4044,0.2256
pmos,1.04u,mos_ss,0.6500,0.6000,2.493683e-05,1.841172e-04,1.670838e-06,8.876080e-14,7.383344,110.194525,3.301363e+08,0.4044,0.2456
pmos,1.04u,mos_ss,0.6700,0.6000,2.876640e-05,1.988057e-04,1.914029e-06,8.949070e-14,6.911039,103.867653,3.535665e+08,0.4044,0.2656
pmos,1.04u,mos_ss,0.6900,0.6000,3.288905e-05,2.134057e-04,2.181672e-06,9.013550e-14,6.488655,97.817500,3.768168e+08,0.4044,0.2856
pmos,1.04u,mos_ss,0.7100,0.6000,3.730262e-05,2.278788e-04,2.477752e-06,9.071150e-14,6.108922,91.969979,3.998174e+08,0.4044,0.3056
pmos,1.04u,mos_ss,0.7300,0.6000,4.200421e-05,2.421899e-04,2.807373e-06,9.123210e-14,5.765848,86.269227,4.225017e+08,0.4044,0.3256
pmos,1.04u,mos_ss,0.7500,0.6000,4.699022e-05,2.563064e-04,3.177040e-06,9.170880e-14,5.454463,80.674590,4.448039e+08,0.4044,0.3456
pmos,1.04u,mos_ss,0.7700,0.6000,5.225646e-05,2.701972e-04,3.595004e-06,9.215150e-14,5.170599,75.159082,4.666578e+08,0.4044,0.3656
pmos,1.04u,mos_ss,0.7900,0.6000,5.779811e-05,2.838319e-04,4.071675e-06,9.256900e-14,4.910747,69.708879,4.879954e+08,0.4044,0.3856
pmos,1.04u,mos_ss,0.8100,0.6000,6.360974e-05,2.971799e-04,4.620114e-06,9.296920e-14,4.671924,64.323066,5.087454e+08,0.4044,0.4056
pmos,1.04u,mos_ss,0.8300,0.6000,6.968531e-05,3.102100e-04,5.256598e-06,9.335970e-14,4.451584,59.013453,5.288305e+08,0.4044,0.4256
pmos,1.04u,mos_ss,0.8500,0.6000,7.601814e-05,3.228892e-04,6.001243e-06,9.374720e-14,4.247528,53.803720,5.481701e+08,0.4044,0.4456
pmos,1.04u,mos_ss,0.8700,0.6000,8.260087e-05,3.351819e-04,6.878674e-06,9.413870e-14,4.057850,48.727691,5.666730e+08,0.4044,0.4656
pmos,1.04u,mos_ss,0.8900,0.6000,8.942542e-05,3.470500e-04,7.918697e-06,9.454050e-14,3.880888,43.826655,5.842440e+08,0.4044,0.4856
pmos,1.04u,mos_ss,0.9100,0.6000,9.648287e-05,3.584516e-04,9.156898e-06,9.495880e-14,3.715184,39.145527,6.007800e+08,0.4044,0.5056
pmos,1.04u,mos_ss,0.9300,0.6000,1.037635e-04,3.693417e-04,1.063510e-05,9.539980e-14,3.559457,34.728559,6.161707e+08,0.4044,0.5256
pmos,1.04u,mos_ss,0.9500,0.6000,1.112565e-04,3.796717e-04,1.240158e-05,9.586900e-14,3.412580,30.614785,6.303041e+08,0.4044,0.5456
pmos,1.04u,mos_ss,0.9700,0.6000,1.189503e-04,3.893901e-04,1.451087e-05,9.637180e-14,3.273553,26.834373,6.430653e+08,0.4044,0.5656
pmos,1.04u,mos_ss,0.9900,0.6000,1.268321e-04,3.984437e-04,1.702311e-05,9.691280e-14,3.141505,23.406046,6.543437e+08,0.4044,0.5856
pmos,1.04u,mos_ss,1.0100,0.6000,1.348881e-04,4.067789e-04,2.000283e-05,9.749580e-14,3.015677,20.336067,6.640376e+08,0.4044,0.6056
pmos,1.04u,mos_ss,1.0300,0.6000,1.431033e-04,4.143437e-04,2.351711e-05,9.812360e-14,2.895417,17.618819,6.720590e+08,0.4044,0.6256
pmos,1.04u,mos_ss,1.0500,0.6000,1.514618e-04,4.210899e-04,2.763319e-05,9.879760e-14,2.780172,15.238556,6.783418e+08,0.4044,0.6456
pmos,1.04u,mos_ss,1.0700,0.6000,1.599469e-04,4.269754e-04,3.241560e-05,9.951810e-14,2.669482,13.171911,6.828431e+08,0.4044,0.6656
pmos,1.04u,mos_ss,1.0900,0.6000,1.685409e-04,4.319665e-04,3.792315e-05,1.002840e-13,2.562977,11.390575,6.855491e+08,0.4044,0.6856
pmos,1.04u,mos_ss,1.1100,0.6000,1.772256e-04,4.360403e-04,4.420585e-05,1.010910e-13,2.460369,9.863860,6.864901e+08,0.4044,0.7056
pmos,1.04u,mos_ss,1.1300,0.6000,1.859825e-04,4.391862e-04,5.130216e-05,1.019370e-13,2.361438,8.560774,6.857045e+08,0.4044,0.7256
pmos,1.04u,mos_ss,1.1500,0.6000,1.947930e-04,4.418669e-04,5.923686e-05,1.028140e-13,2.268392,7.459323,6.840051e+08,0.4044,0.7456
pmos,1.04u,mos_tt,0.0500,0.6000,8.531391e-11,2.026720e-09,6.911915e-12,3.150490e-14,23.756032,293.221198,1.023849e+04,0.3577,-0.3077
pmos,1.04u,mos_tt,0.0700,0.6000,1.574338e-10,5.185264e-09,7.645141e-12,3.136050e-14,32.936155,678.243083,2.631528e+04,0.3577,-0.2877
pmos,1.04u,mos_tt,0.0900,0.6000,2.927245e-10,9.732704e-09,9.239125e-12,3.122520e-14,33.248683,1053.422700,4.960762e+04,0.3577,-0.2677
pmos,1.04u,mos_tt,0.1100,0.6000,5.467419e-10,1.828511e-08,1.245758e-11,3.110160e-14,33.443769,1467.789892,9.356964e+04,0.3577,-0.2477
pmos,1.04u,mos_tt,0.1300,0.6000,1.024129e-09,3.438358e-08,1.876325e-11,3.099520e-14,33.573485,1832.495970,1.765537e+05,0.3577,-0.2277
pmos,1.04u,mos_tt,0.1500,0.6000,1.922085e-09,6.470146e-08,3.099214e-11,3.091710e-14,33.662122,2087.673197,3.330700e+05,0.3577,-0.2077
pmos,1.04u,mos_tt,0.1700,0.6000,3.612187e-09,1.217902e-07,5.475782e-11,3.088890e-14,33.716471,2224.160860,6.275236e+05,0.3577,-0.1877
pmos,1.04u,mos_tt,0.1900,0.6000,6.793694e-09,2.291464e-07,1.015540e-10,3.095070e-14,33.729279,2256.399551,1.178318e+06,0.3577,-0.1677
pmos,1.04u,mos_tt,0.2100,0.6000,1.277804e-08,4.303262e-07,1.961349e-10,3.117680e-14,33.677011,2194.031761,2.196779e+06,0.3577,-0.1477
pmos,1.04u,mos_tt,0.2300,0.6000,2.400674e-08,8.045273e-07,3.953707e-10,3.169900e-14,33.512559,2034.868289,4.039386e+06,0.3577,-0.1277
pmos,1.04u,mos_tt,0.2500,0.6000,4.495913e-08,1.490593e-06,8.383045e-10,3.273660e-14,33.154400,1778.104495,7.246789e+06,0.3577,-0.1077
pmos,1.04u,mos_tt,0.2700,0.6000,8.363046e-08,2.716290e-06,1.875232e-09,3.461200e-14,32.479673,1448.508771,1.249021e+07,0.3577,-0.0877
pmos,1.04u,mos_tt,0.2900,0.6000,1.536107e-07,4.814646e-06,4.358147e-09,3.769510e-14,31.343168,1104.746123,2.032823e+07,0.3577,-0.0677
pmos,1.04u,mos_tt,0.3100,0.6000,2.762163e-07,8.188955e-06,1.011944e-08,4.221180e-14,29.646893,809.230056,3.087555e+07,0.3577,-0.0477
pmos,1.04u,mos_tt,0.3300,0.6000,4.811689e-07,1.320013e-05,2.233627e-08,4.798760e-14,27.433465,590.972888,4.377935e+07,0.3577,-0.0277
pmos,1.04u,mos_tt,0.3500,0.6000,8.042216e-07,2.002737e-05,4.511752e-08,5.441190e-14,24.902800,443.893414,5.858011e+07,0.3577,-0.0077
pmos,1.04u,mos_tt,0.3700,0.6000,1.282264e-06,2.861315e-05,8.220957e-08,6.074760e-14,22.314555,348.051328,7.496468e+07,0.3577,0.0123
pmos,1.04u,mos_tt,0.3900,0.6000,1.948748e-06,3.873081e-05,1.358586e-07,6.647200e-14,19.874714,285.081769,9.273378e+07,0.3577,0.0323
pmos,1.04u,mos_tt,0.4100,0.6000,2.831496e-06,5.009673e-05,2.066823e-07,7.136920e-14,17.692672,242.385197,1.117169e+08,0.3577,0.0523
pmos,1.04u,mos_tt,0.4300,0.6000,3.952617e-06,6.244584e-05,2.942644e-07,7.543850e-14,15.798606,212.209972,1.317439e+08,0.3577,0.0723
pmos,1.04u,mos_tt,0.4500,0.6000,5.329330e-06,7.555710e-05,3.978166e-07,7.877890e-14,14.177598,189.929480,1.526460e+08,0.3577,0.0923
pmos,1.04u,mos_tt,0.4700,0.6000,6.974901e-06,8.925219e-05,5.166079e-07,8.151530e-14,12.796195,172.765825,1.742609e+08,0.3577,0.1123
pmos,1.04u,mos_tt,0.4900,0.6000,8.899417e-06,1.033866e-04,6.501682e-07,8.376560e-14,11.617233,159.015159,1.964349e+08,0.3577,0.1323
pmos,1.04u,mos_tt,0.5100,0.6000,1.111036e-05,1.178412e-04,7.983632e-07,8.562900e-14,10.606425,147.603497,2.190264e+08,0.3577,0.1523
pmos,1.04u,mos_tt,0.5300,0.6000,1.361306e-05,1.325159e-04,9.614159e-07,8.718510e-14,9.734468,137.834105,2.419056e+08,0.3577,0.1723
pmos,1.04u,mos_tt,0.5500,0.6000,1.641100e-05,1.473258e-04,1.139920e-06,8.849680e-14,8.977259,129.242228,2.649545e+08,0.3577,0.1923
pmos,1.04u,mos_tt,0.5700,0.6000,1.950610e-05,1.621978e-04,1.334868e-06,8.961300e-14,8.315235,121.508494,2.880674e+08,0.3577,0.2123
pmos,1.04u,mos_tt,0.5900,0.6000,2.289891e-05,1.770685e-04,1.547699e-06,9.057190e-14,7.732617,114.407582,3.111487e+08,0.3577,0.2323
pmos,1.04u,mos_tt,0.6100,0.6000,2.658884e-05,1.918827e-04,1.780385e-06,9.140390e-14,7.216663,107.775959,3.341113e+08,0.3577,0.2523
pmos,1.04u,mos_tt,0.6300,0.6000,3.057422e-05,2.065920e-04,2.035538e-06,9.213300e-14,6.757065,101.492578,3.568769e+08,0.3577,0.2723
pmos,1.04u,mos_tt,0.6500,0.6000,3.485252e-05,2.211533e-04,2.316570e-06,9.277860e-14,6.345403,95.465840,3.793724e+08,0.3577,0.2923
pmos,1.04u,mos_tt,0.6700,0.6000,3.942035e-05,2.355280e-04,2.627895e-06,9.335660e-14,5.974782,89.626108,4.015297e+08,0.3577,0.3123
pmos,1.04u,mos_tt,0.6900,0.6000,4.427364e-05,2.496812e-04,2.975181e-06,9.388040e-14,5.639500,83.921348,4.232832e+08,0.3577,0.3323
pmos,1.04u,mos_tt,0.7100,0.6000,4.940760e-05,2.635800e-04,3.365666e-06,9.436150e-14,5.334807,78.314366,4.445675e+08,0.3577,0.3523
pmos,1.04u,mos_tt,0.7300,0.6000,5.481684e-05,2.771934e-04,3.808538e-06,9.480970e-14,5.056720,72.782102,4.653184e+08,0.3577,0.3723
pmos,1.04u,mos_tt,0.7500,0.6000,6.049534e-05,2.904908e-04,4.315397e-06,9.523390e-14,4.801871,67.314965,4.854684e+08,0.3577,0.3923
pmos,1.04u,mos_tt,0.7700,0.6000,6.643647e-05,3.034416e-04,4.900777e-06,9.564220e-14,4.567395,61.917039,5.049469e+08,0.3577,0.4123
pmos,1.04u,mos_tt,0.7900,0.6000,7.263300e-05,3.160138e-04,5.582752e-06,9.604220e-14,4.350830,56.605380,5.236777e+08,0.3577,0.4323
pmos,1.04u,mos_tt,0.8100,0.6000,7.907702e-05,3.281739e-04,6.383591e-06,9.644090e-14,4.150054,51.408980,5.415804e+08,0.3577,0.4523
pmos,1.04u,mos_tt,0.8300,0.6000,8.575995e-05,3.398856e-04,7.330433e-06,9.684540e-14,3.963221,46.366374,5.585652e+08,0.3577,0.4723
pmos,1.04u,mos_tt,0.8500,0.6000,9.267245e-05,3.511097e-04,8.455935e-06,9.726220e-14,3.788717,41.522280,5.745381e+08,0.3577,0.4923
pmos,1.04u,mos_tt,0.8700,0.6000,9.980434e-05,3.618035e-04,9.798823e-06,9.769770e-14,3.625128,36.923159,5.893979e+08,0.3577,0.5123
pmos,1.04u,mos_tt,0.8900,0.6000,1.071446e-04,3.719209e-04,1.140423e-05,9.815810e-14,3.471205,32.612539,6.030379e+08,0.3577,0.5323
pmos,1.04u,mos_tt,0.9100,0.6000,1.146812e-04,3.814128e-04,1.332374e-05,9.864910e-14,3.325853,28.626557,6.153501e+08,0.3577,0.5523
pmos,1.04u,mos_tt,0.9300,0.6000,1.224011e-04,3.902277e-04,1.561496e-05,9.917610e-14,3.188106,24.990631,6.262262e+08,0.3577,0.5723
pmos,1.04u,mos_tt,0.9500,0.6000,1.302903e-04,3.983130e-04,1.834061e-05,9.974360e-14,3.057119,21.717544,6.355644e+08,0.3577,0.5923
pmos,1.04u,mos_tt,0.9700,0.6000,1.383336e-04,4.056169e-04,2.156698e-05,1.003550e-13,2.932165,18.807311,6.432757e+08,0.3577,0.6123
pmos,1.04u,mos_tt,0.9900,0.6000,1.465150e-04,4.120902e-04,2.536173e-05,1.010140e-13,2.812614,16.248505,6.492782e+08,0.3577,0.6323
pmos,1.04u,mos_tt,1.0100,0.6000,1.548172e-04,4.176891e-04,2.979129e-05,1.017200e-13,2.697950,14.020511,6.535321e+08,0.3577,0.6523
pmos,1.04u,mos_tt,1.0300,0.6000,1.632225e-04,4.223772e-04,3.491775e-05,1.024730e-13,2.587739,12.096346,6.560110e+08,0.3577,0.6723
pmos,1.04u,mos_tt,1.0500,0.6000,1.717123e-04,4.261280e-04,4.079575e-05,1.032720e-13,2.481639,10.445402,6.567160e+08,0.3577,0.6923
pmos,1.04u,mos_tt,1.0700,0.6000,1.802676e-04,4.289269e-04,4.746945e-05,1.041130e-13,2.379390,9.035851,6.556898e+08,0.3577,0.7123
pmos,1.04u,mos_tt,1.0900,0.6000,1.888694e-04,4.307725e-04,5.497000e-05,1.049920e-13,2.280796,7.836502,6.529981e+08,0.3577,0.7323
pmos,1.04u,mos_tt,1.1100,0.6000,1.974985e-04,4.316772e-04,6.331367e-05,1.059010e-13,2.185724,6.818073,6.487527e+08,0.3577,0.7523
pmos,1.04u,mos_tt,1.1300,0.6000,2.061365e-04,4.316667e-04,7.250087e-05,1.068340e-13,2.094082,5.953952,6.430714e+08,0.3577,0.7723
pmos,1.04u,mos_tt,1.1500,0.6000,2.147652e-04,4.312069e-04,8.251606e-05,1.077820e-13,2.007806,5.225733,6.367363e+08,0.3577,0.7923
